INCIDENT_KEY,OCCUR_DATE,OCCUR_TIME,BORO,LOC_OF_OCCUR_DESC,PRECINCT,JURISDICTION_CODE,LOC_CLASSFCTN_DESC,LOCATION_DESC,STATISTICAL_MURDER_FLAG,PERP_AGE_GROUP,PERP_SEX,PERP_RACE,VIC_AGE_GROUP,VIC_SEX,VIC_RACE,X_COORD_CD,Y_COORD_CD,Latitude,Longitude,Lon_Lat
275142941,09/29/2023,00:30:00,QUEENS,OUTSIDE,102,0,STREET,PVT HOUSE,False,25-44,M,BLACK,18-24,F,WHITE,1033435,193797,40.69847,-73.822618,POINT (-73.822618 40.69847)
273707248,08/30/2023,12:49:00,QUEENS,OUTSIDE,108,0,STREET,(null),False,25-44,M,BLACK HISPANIC,UNKNOWN,M,UNKNOWN,1013575,208711,40.739494,-73.894176,POINT (-73.894176 40.739494)
272166648,07/31/2023,22:00:00,MANHATTAN,OUTSIDE,7,0,STREET,(null),False,18-24,M,BLACK,25-44,M,BLACK HISPANIC,988039,201397,40.719466,-73.986331,POINT (-73.986331 40.719466)
274180041,09/10/2023,01:28:00,BRONX,OUTSIDE,47,0,STREET,(null),False,(null),(null),(null),25-44,M,BLACK,1022732,265194,40.894489,-73.86081,POINT (-73.86081 40.894489)
268973603,05/27/2023,21:15:00,QUEENS,INSIDE,113,0,DWELLING,MULTI DWELL - APT BUILD,True,45-64,F,BLACK,25-44,M,BLACK,1052364,187814,40.681921,-73.754415,POINT (-73.754415 40.681921)
267811917,05/05/2023,22:10:00,BRONX,OUTSIDE,48,0,STREET,(null),False,(null),(null),(null),25-44,M,BLACK HISPANIC,1016100,247338,40.845504,-73.88488,POINT (-73.88488 40.845504)
278581538,12/06/2023,01:55:00,MANHATTAN,OUTSIDE,33,0,COMMERCIAL,RESTAURANT/DINER,False,25-44,M,BLACK HISPANIC,25-44,M,BLACK HISPANIC,1000322,244630,40.838114,-73.941915,POINT (-73.941915 40.838114)
271818282,07/24/2023,02:40:00,BRONX,INSIDE,46,0,COMMERCIAL,BAR/NIGHT CLUB,True,25-44,M,WHITE HISPANIC,25-44,M,WHITE HISPANIC,1011329,249447,40.851308,-73.902116,POINT (-73.902116 40.851308)
271818282,07/24/2023,02:40:00,BRONX,INSIDE,46,0,COMMERCIAL,BAR/NIGHT CLUB,True,18-24,M,BLACK HISPANIC,18-24,M,BLACK HISPANIC,1011329,249447,40.851308,-73.902116,POINT (-73.902116 40.851308)
273759138,08/31/2023,22:01:00,BROOKLYN,INSIDE,75,0,DWELLING,MULTI DWELL - APT BUILD,True,(null),(null),(null),25-44,M,BLACK,1013645,182937,40.668749,-73.894035,POINT (-73.894035 40.668749)
270373347,06/24/2023,19:45:00,BRONX,OUTSIDE,45,0,STREET,(null),False,<18,M,BLACK,<18,M,BLACK HISPANIC,1026992,245049,40.83917467,-73.84553047,POINT (-73.84553047 40.83917467)
271104893,07/10/2023,22:48:00,BRONX,OUTSIDE,44,0,STREET,(null),False,<18,M,BLACK,<18,F,BLACK,1008352,243611,40.83529832929978,-73.9129005141128,POINT (-73.9129005141128 40.83529832929978)
273846994,09/03/2023,04:07:00,BROOKLYN,OUTSIDE,83,0,STREET,(null),True,25-44,M,WHITE HISPANIC,25-44,M,WHITE HISPANIC,1008056,194042,40.699245,-73.914143,POINT (-73.914143 40.699245)
268390098,05/17/2023,06:28:00,BRONX,OUTSIDE,50,0,STREET,(null),True,25-44,M,WHITE HISPANIC,25-44,M,BLACK HISPANIC,1012305,260618,40.881967,-73.898543,POINT (-73.898543 40.881967)
272881672,08/14/2023,05:55:00,MANHATTAN,OUTSIDE,32,0,STREET,(null),False,(null),(null),(null),25-44,M,BLACK,1001028,240331,40.826315,-73.939375,POINT (-73.939375 40.826315)
270656694,07/01/2023,02:40:00,BROOKLYN,OUTSIDE,73,0,STREET,(null),False,25-44,M,BLACK,25-44,M,BLACK,1011060,178314,40.656069,-73.903373,POINT (-73.903373 40.656069)
278784204,12/09/2023,21:45:00,BROOKLYN,OUTSIDE,70,0,STREET,(null),False,(null),(null),(null),25-44,M,WHITE,996733,162283,40.612098,-73.955039,POINT (-73.955039 40.612098)
273837715,09/02/2023,04:19:00,QUEENS,OUTSIDE,102,0,STREET,(null),True,18-24,M,ASIAN / PACIFIC ISLANDER,25-44,M,ASIAN / PACIFIC ISLANDER,1034048,190856,40.690394,-73.820431,POINT (-73.820431 40.690394)
268199268,05/13/2023,02:20:00,QUEENS,OUTSIDE,114,2,HOUSING,MULTI DWELL - PUBLIC HOUS,False,18-24,M,BLACK,25-44,F,BLACK,1001899,221193,40.773785,-73.936279,POINT (-73.936279 40.773785)
273707248,08/30/2023,12:49:00,QUEENS,OUTSIDE,108,0,STREET,(null),False,25-44,M,WHITE HISPANIC,UNKNOWN,M,UNKNOWN,1013575,208711,40.739494,-73.894176,POINT (-73.894176 40.739494)
274517246,09/15/2023,19:15:00,BROOKLYN,OUTSIDE,83,0,STREET,(null),False,25-44,M,WHITE HISPANIC,25-44,M,WHITE HISPANIC,1005993,195450,40.70311511339413,-73.92158123920186,POINT (-73.92158123920186 40.70311511339413)
269928985,06/15/2023,22:15:00,BROOKLYN,OUTSIDE,79,0,STREET,(null),False,(null),(null),(null),<18,F,ASIAN / PACIFIC ISLANDER,1001181,189778,40.6875573,-73.93895055,POINT (-73.93895055 40.6875573)
273857613,09/02/2023,20:00:00,MANHATTAN,OUTSIDE,23,0,HOUSING,MULTI DWELL - PUBLIC HOUS,False,(null),(null),(null),25-44,M,BLACK,999614,227020,40.789781,-73.944515,POINT (-73.944515 40.789781)
272166515,07/31/2023,11:44:00,BROOKLYN,OUTSIDE,67,0,DWELLING,PVT HOUSE,False,(null),(null),(null),18-24,M,BLACK,1004736,178891,40.65767,-73.926165,POINT (-73.926165 40.65767)
275246425,10/01/2023,17:10:00,BROOKLYN,INSIDE,70,0,DWELLING,MULTI DWELL - APT BUILD,True,(null),(null),(null),<18,F,BLACK,995744,173487,40.642851,-73.958581,POINT (-73.958581 40.642851)
274445543,09/14/2023,12:30:00,BRONX,OUTSIDE,40,0,STREET,(null),True,18-24,M,BLACK,65+,F,WHITE HISPANIC,1006614,233501,40.80755382044926,-73.91921496573,POINT (-73.91921496573 40.80755382044926)
269868924,06/14/2023,08:21:00,BRONX,OUTSIDE,46,0,STREET,(null),False,25-44,M,BLACK HISPANIC,18-24,M,BLACK,1010906,248102,40.847618,-73.903652,POINT (-73.903652 40.847618)
277978186,11/23/2023,20:45:00,QUEENS,OUTSIDE,113,0,STREET,PVT HOUSE,False,25-44,M,BLACK,45-64,M,BLACK,1040003,183575,40.670373,-73.799018,POINT (-73.799018 40.670373)
274445543,09/14/2023,12:30:00,BRONX,OUTSIDE,40,0,STREET,(null),True,18-24,M,BLACK,25-44,F,WHITE HISPANIC,1006614,233501,40.80755382044926,-73.91921496573,POINT (-73.91921496573 40.80755382044926)
279453573,12/22/2023,15:15:00,QUEENS,OUTSIDE,113,0,STREET,(null),False,(null),(null),(null),25-44,M,BLACK HISPANIC,1040313,186507,40.678418,-73.797875,POINT (-73.797875 40.678418)
277940860,11/22/2023,10:08:00,STATEN ISLAND,INSIDE,120,0,DWELLING,MULTI DWELL - APT BUILD,False,(null),(null),(null),25-44,M,BLACK,962873,174172,,,
274445543,09/14/2023,12:30:00,BRONX,OUTSIDE,40,0,STREET,(null),False,18-24,M,BLACK,25-44,F,WHITE HISPANIC,1006614,233501,40.80755382044926,-73.91921496573,POINT (-73.91921496573 40.80755382044926)
267683271,05/03/2023,13:54:00,BRONX,OUTSIDE,46,0,STREET,(null),False,45-64,M,WHITE HISPANIC,25-44,F,BLACK HISPANIC,1012618,253306,40.861898,-73.897441,POINT (-73.897441 40.861898)
270268154,06/22/2023,17:15:00,BRONX,OUTSIDE,44,0,STREET,GAS STATION,False,25-44,M,WHITE HISPANIC,25-44,M,WHITE HISPANIC,1005658,246153,40.842284,-73.922627,POINT (-73.922627 40.842284)
279427921,12/22/2023,15:30:00,BRONX,INSIDE,42,2,HOUSING,MULTI DWELL - PUBLIC HOUS,False,(null),(null),(null),18-24,M,BLACK,1010883,244201,40.836912,-73.903749,POINT (-73.903749 40.836912)
275053557,09/27/2023,21:35:00,BROOKLYN,INSIDE,77,0,DWELLING,MULTI DWELL - APT BUILD,False,<18,M,BLACK,25-44,F,BLACK,1005349,183456,40.670198,-73.92394,POINT (-73.92394 40.670198)
279460792,12/24/2023,05:55:00,BROOKLYN,OUTSIDE,75,0,STREET,(null),False,(null),(null),(null),25-44,M,BLACK HISPANIC,1016484,187121,40.68022195358204,-73.88378406896516,POINT (-73.88378406896516 40.68022195358204)
267811915,05/05/2023,19:07:00,BROOKLYN,INSIDE,79,0,OTHER,(null),False,25-44,M,BLACK,18-24,M,BLACK,1000459,194494,40.700503,-73.94154,POINT (-73.94154 40.700503)
267811918,05/05/2023,22:40:00,QUEENS,OUTSIDE,105,0,STREET,(null),False,(null),(null),(null),25-44,M,BLACK,1055337,199717,40.71457,-73.743571,POINT (-73.743571 40.71457)
277829335,11/20/2023,20:16:00,BROOKLYN,OUTSIDE,66,0,STREET,(null),False,(null),(null),(null),18-24,M,WHITE HISPANIC,985841,174098,40.64453524491852,-73.99426690452187,POINT (-73.99426690452187 40.64453524491852)
270214032,06/21/2023,23:15:00,BRONX,INSIDE,47,0,DWELLING,PVT HOUSE,False,(null),(null),(null),25-44,M,BLACK,1023510,258943,40.877327,-73.85803,POINT (-73.85803 40.877327)
275968020,10/15/2023,05:30:00,MANHATTAN,INSIDE,14,0,COMMERCIAL,(null),True,(null),(null),(null),25-44,M,BLACK,986276,211852,40.748162,-73.992686,POINT (-73.992686 40.748162)
274464113,09/14/2023,19:41:00,BRONX,OUTSIDE,44,0,STREET,(null),False,(null),(null),(null),65+,M,WHITE HISPANIC,1008051,247302,40.845429860487535,-73.91397516413855,POINT (-73.91397516413855 40.845429860487535)
268440541,05/17/2023,17:58:00,BRONX,OUTSIDE,44,0,STREET,(null),False,45-64,M,BLACK,25-44,M,WHITE HISPANIC,1004805,238462,40.82117476,-73.92573438,POINT (-73.92573438 40.82117476)
268390097,05/17/2023,01:46:00,MANHATTAN,OUTSIDE,25,0,STREET,(null),True,25-44,M,BLACK,25-44,M,BLACK,1001167,229824,40.797475,-73.938898,POINT (-73.938898 40.797475)
272458920,08/05/2023,07:54:00,BRONX,OUTSIDE,48,0,STREET,(null),False,(null),(null),(null),25-44,M,WHITE HISPANIC,1013342,247698,40.846502,-73.894847,POINT (-73.894847 40.846502)
276665998,10/28/2023,13:30:00,BROOKLYN,OUTSIDE,67,0,STREET,(null),False,(null),(null),(null),45-64,M,BLACK,1004499,180655,40.662511,-73.927011,POINT (-73.927011 40.662511)
277770907,11/19/2023,02:26:00,BROOKLYN,OUTSIDE,83,0,STREET,(null),False,45-64,M,BLACK,25-44,M,BLACK,1002167,193602,40.698053,-73.935384,POINT (-73.935384 40.698053)
267811917,05/05/2023,22:10:00,BRONX,OUTSIDE,48,0,STREET,(null),False,(null),(null),(null),25-44,F,BLACK,1016100,247338,40.845504,-73.88488,POINT (-73.88488 40.845504)
278143542,11/20/2023,22:05:00,QUEENS,OUTSIDE,114,0,STREET,(null),True,25-44,M,WHITE HISPANIC,25-44,M,WHITE HISPANIC,1000364,214208,40.754616,-73.941834,POINT (-73.941834 40.754616)
276785707,10/31/2023,17:27:00,BROOKLYN,OUTSIDE,75,0,STREET,(null),False,25-44,M,BLACK,25-44,M,BLACK,1015660,183332,40.669827,-73.886771,POINT (-73.886771 40.669827)
276125028,10/18/2023,09:10:00,BROOKLYN,OUTSIDE,79,0,STREET,(null),False,(null),(null),(null),18-24,M,BLACK,998176,187546,40.681437,-73.949788,POINT (-73.949788 40.681437)
271751338,07/22/2023,18:56:00,BRONX,OUTSIDE,47,0,STREET,(null),False,25-44,M,BLACK,25-44,M,BLACK,1025439,258185,40.875237,-73.851061,POINT (-73.851061 40.875237)
269683819,06/11/2023,21:14:00,BRONX,OUTSIDE,42,0,STREET,(null),True,25-44,M,WHITE HISPANIC,25-44,M,WHITE HISPANIC,1016885,243883,40.83602,-73.88206,POINT (-73.88206 40.83602)
271751339,07/23/2023,03:25:00,QUEENS,OUTSIDE,104,0,STREET,(null),False,(null),(null),(null),18-24,M,BLACK,1019645,199167,40.713275,-73.872323,POINT (-73.872323 40.713275)
275218028,09/30/2023,17:12:00,BROOKLYN,OUTSIDE,79,2,HOUSING,(null),True,18-24,M,BLACK,25-44,M,BLACK,1000301,192923,40.696192,-73.942116,POINT (-73.942116 40.696192)
276687570,10/29/2023,22:39:00,BROOKLYN,INSIDE,67,0,DWELLING,(null),True,45-64,M,BLACK,45-64,M,BLACK,1000242,171647,40.637796,-73.942376,POINT (-73.942376 40.637796)
274464112,09/14/2023,20:44:00,BRONX,OUTSIDE,48,0,STREET,(null),False,25-44,M,BLACK,25-44,M,BLACK,1017336,246011,40.841857,-73.880422,POINT (-73.880422 40.841857)
271818284,07/24/2023,21:36:00,BROOKLYN,OUTSIDE,67,0,STREET,(null),False,(null),(null),(null),18-24,M,BLACK,999009,171975,40.638698,-73.946819,POINT (-73.946819 40.638698)
272815858,08/12/2023,02:43:00,BROOKLYN,INSIDE,79,2,HOUSING,MULTI DWELL - PUBLIC HOUS,True,25-44,M,BLACK,25-44,M,BLACK,1001139,192774,40.695783,-73.939093,POINT (-73.939093 40.695783)
270373347,06/24/2023,19:45:00,BRONX,OUTSIDE,45,0,STREET,(null),False,25-44,M,BLACK,<18,M,BLACK HISPANIC,1026992,245049,40.83917467,-73.84553047,POINT (-73.84553047 40.83917467)
275142941,09/29/2023,00:30:00,QUEENS,OUTSIDE,102,0,STREET,PVT HOUSE,False,25-44,M,BLACK,25-44,F,BLACK,1033435,193797,40.69847,-73.822618,POINT (-73.822618 40.69847)
277978380,11/23/2023,23:43:00,MANHATTAN,OUTSIDE,32,0,STREET,(null),True,45-64,M,BLACK,45-64,M,BLACK,1001650,240575,40.826982,-73.937128,POINT (-73.937128 40.826982)
273752486,08/31/2023,15:57:00,BRONX,OUTSIDE,44,0,STREET,(null),False,(null),(null),(null),25-44,M,BLACK,1009136,242565,40.832427,-73.910068,POINT (-73.910068 40.832427)
279453573,12/22/2023,15:15:00,QUEENS,OUTSIDE,113,0,STREET,(null),True,(null),(null),(null),25-44,M,BLACK HISPANIC,1040313,186507,40.678418,-73.797875,POINT (-73.797875 40.678418)
278902371,12/12/2023,18:30:00,QUEENS,INSIDE,115,0,COMMERCIAL,JEWELRY STORE,False,(null),(null),(null),45-64,M,WHITE HISPANIC,1019903,213435,40.752435,-73.871317,POINT (-73.871317 40.752435)
275810043,10/11/2023,17:25:00,BRONX,OUTSIDE,46,0,STREET,(null),False,(null),(null),(null),25-44,M,BLACK,1011017,252085,40.85855,-73.903236,POINT (-73.903236 40.85855)
271076528,07/10/2023,00:06:00,MANHATTAN,OUTSIDE,5,0,HOUSING,MULTI DWELL - PUBLIC HOUS,False,18-24,M,WHITE HISPANIC,18-24,F,WHITE HISPANIC,984984,197590,40.709018,-73.997352,POINT (-73.997352 40.709018)
270274905,06/22/2023,23:55:00,QUEENS,OUTSIDE,109,0,COMMERCIAL,(null),False,(null),(null),(null),25-44,M,ASIAN / PACIFIC ISLANDER,1026123,220764,40.772526,-73.848822,POINT (-73.848822 40.772526)
269966564,06/16/2023,09:38:00,QUEENS,OUTSIDE,100,0,STREET,(null),False,25-44,M,BLACK,45-64,M,BLACK,1040183,155278,40.592703,-73.798601,POINT (-73.798601 40.592703)
271021661,07/08/2023,11:27:00,QUEENS,OUTSIDE,102,0,STREET,BEAUTY/NAIL SALON,False,25-44,M,WHITE HISPANIC,45-64,M,WHITE HISPANIC,1028856,192785,40.695717,-73.839138,POINT (-73.839138 40.695717)
277973198,11/23/2023,14:00:00,BRONX,OUTSIDE,44,0,VEHICLE,(null),False,25-44,M,BLACK,25-44,M,BLACK,1004861,244407,40.837493,-73.925513,POINT (-73.925513 40.837493)
270335892,06/23/2023,16:13:00,BROOKLYN,OUTSIDE,68,0,STREET,(null),False,18-24,M,BLACK,25-44,M,BLACK,975695,163739,40.6161,-74.030812,POINT (-74.030812 40.6161)
269801434,06/13/2023,20:10:00,BRONX,OUTSIDE,46,0,STREET,(null),False,(null),(null),(null),25-44,M,WHITE HISPANIC,1010420,251153,40.855995,-73.905396,POINT (-73.905396 40.855995)
270017978,06/15/2023,23:54:00,BROOKLYN,OUTSIDE,70,0,STREET,(null),False,(null),(null),(null),18-24,M,BLACK,996682,172472,40.640064,-73.955203,POINT (-73.955203 40.640064)
268970253,05/28/2023,16:36:00,BROOKLYN,OUTSIDE,73,0,STREET,(null),False,<18,M,BLACK,<18,M,BLACK,1007838,183043,40.669056,-73.914969,POINT (-73.914969 40.669056)
273720215,08/31/2023,00:14:00,BRONX,OUTSIDE,43,2,HOUSING,MULTI DWELL - PUBLIC HOUS,False,(null),(null),(null),18-24,M,BLACK,1020880,236792,40.816541,-73.867664,POINT (-73.867664 40.816541)
271751339,07/23/2023,03:25:00,QUEENS,OUTSIDE,104,0,STREET,(null),True,(null),(null),(null),18-24,M,BLACK,1019645,199167,40.713275,-73.872323,POINT (-73.872323 40.713275)
276665993,10/29/2023,04:08:00,BRONX,OUTSIDE,48,0,STREET,(null),False,25-44,M,WHITE HISPANIC,18-24,F,BLACK HISPANIC,1013788,252571,40.859874361655585,-73.89321651600159,POINT (-73.89321651600159 40.859874361655585)
273816263,09/01/2023,22:49:00,BRONX,OUTSIDE,43,0,STREET,(null),False,(null),(null),(null),25-44,M,BLACK HISPANIC,1023801,242376,40.831854,-73.857076,POINT (-73.857076 40.831854)
271052451,07/09/2023,18:52:00,MANHATTAN,OUTSIDE,32,0,STREET,(null),False,(null),(null),(null),25-44,M,BLACK,1001370,238165,40.820368,-73.938143,POINT (-73.938143 40.820368)
272166516,07/31/2023,04:00:00,BRONX,OUTSIDE,43,0,STREET,(null),False,25-44,M,BLACK,18-24,F,BLACK,1025046,233605,40.807775,-73.85263,POINT (-73.85263 40.807775)
267560796,05/01/2023,08:00:00,BROOKLYN,OUTSIDE,75,0,PARKING LOT,(null),True,25-44,M,BLACK,25-44,M,BLACK,1014850,178248,40.655874,-73.889713,POINT (-73.889713 40.655874)
270085085,06/19/2023,21:47:00,MANHATTAN,OUTSIDE,32,0,STREET,(null),True,25-44,M,BLACK HISPANIC,25-44,M,BLACK HISPANIC,1000078,237692,40.819072,-73.942811,POINT (-73.942811 40.819072)
275231376,10/01/2023,06:00:00,BRONX,OUTSIDE,48,0,STREET,(null),False,25-44,M,BLACK,25-44,M,BLACK HISPANIC,1012166,248264,40.848061,-73.899097,POINT (-73.899097 40.848061)
271751341,07/22/2023,16:15:00,BROOKLYN,OUTSIDE,70,0,STREET,MULTI DWELL - APT BUILD,False,(null),(null),(null),25-44,M,BLACK,996850,173739,40.643542,-73.954595,POINT (-73.954595 40.643542)
270814573,07/04/2023,21:30:00,QUEENS,OUTSIDE,113,0,STREET,(null),False,(null),(null),(null),45-64,F,BLACK,1050408,194584,40.70051755380112,-73.7614022003781,POINT (-73.7614022003781 40.70051755380112)
272189218,08/01/2023,03:37:00,BROOKLYN,OUTSIDE,73,2,HOUSING,MULTI DWELL - PUBLIC HOUS,True,(null),(null),(null),25-44,M,BLACK,1009865,187272,40.68066,-73.907645,POINT (-73.907645 40.68066)
269679452,06/10/2023,04:12:00,BROOKLYN,INSIDE,67,0,COMMERCIAL,COMMERCIAL BLDG,True,25-44,M,BLACK,25-44,M,BLACK,1002856,170600,40.634916,-73.932963,POINT (-73.932963 40.634916)
273520491,08/26/2023,23:07:00,BROOKLYN,OUTSIDE,83,0,STREET,(null),False,18-24,M,BLACK,25-44,M,BLACK,1005882,191817,40.69314365095801,-73.92199324222423,POINT (-73.92199324222423 40.69314365095801)
275251258,10/01/2023,18:45:00,MANHATTAN,OUTSIDE,34,0,STREET,(null),False,25-44,M,BLACK,25-44,M,WHITE HISPANIC,1003674,251082,40.855816,-73.929784,POINT (-73.929784 40.855816)
270758366,07/03/2023,20:14:00,BRONX,OUTSIDE,44,0,STREET,(null),False,25-44,M,WHITE HISPANIC,18-24,M,WHITE HISPANIC,1005495,241185,40.828648,-73.92323,POINT (-73.92323 40.828648)
279758069,12/29/2023,18:40:00,BRONX,OUTSIDE,40,0,STREET,(null),False,(null),(null),(null),65+,M,BLACK HISPANIC,1010564,235262,40.812379,-73.90494,POINT (-73.90494 40.812379)
267560797,05/01/2023,18:24:00,BROOKLYN,OUTSIDE,75,0,STREET,(null),False,45-64,M,BLACK,25-44,M,BLACK,1017036,183890,,,
268199269,05/13/2023,03:17:00,BRONX,OUTSIDE,48,0,STREET,(null),False,<18,M,BLACK,25-44,F,BLACK HISPANIC,1013706,252409,40.85943,-73.893513,POINT (-73.893513 40.85943)
277781932,11/19/2023,20:45:00,QUEENS,OUTSIDE,101,0,HOUSING,MULTI DWELL - PUBLIC HOUS,False,(null),(null),(null),<18,M,BLACK,1044048,156630,40.59639,-73.784673,POINT (-73.784673 40.59639)
273176662,08/19/2023,23:40:00,BRONX,OUTSIDE,46,0,STREET,(null),False,45-64,F,WHITE HISPANIC,25-44,M,WHITE HISPANIC,1012713,252388,40.859376,-73.897103,POINT (-73.897103 40.859376)
273035029,08/17/2023,09:02:00,BROOKLYN,OUTSIDE,75,0,STREET,MULTI DWELL - APT BUILD,False,25-44,M,BLACK,25-44,M,BLACK,1018725,182229,40.666787,-73.875728,POINT (-73.875728 40.666787)
272189219,08/01/2023,01:22:00,BROOKLYN,OUTSIDE,79,0,HOUSING,MULTI DWELL - PUBLIC HOUS,False,(null),(null),(null),25-44,M,BLACK,995619,190845,40.690496,-73.959003,POINT (-73.959003 40.690496)
269652508,06/09/2023,16:12:00,MANHATTAN,OUTSIDE,32,0,STREET,(null),False,18-24,M,BLACK,25-44,M,BLACK,1000582,238601,40.821566,-73.94099,POINT (-73.94099 40.821566)
276665993,10/29/2023,04:08:00,BRONX,OUTSIDE,48,0,STREET,(null),False,25-44,M,WHITE HISPANIC,25-44,M,BLACK HISPANIC,1013788,252571,40.859874361655585,-73.89321651600159,POINT (-73.89321651600159 40.859874361655585)
273080888,08/17/2023,22:03:00,BRONX,OUTSIDE,43,2,HOUSING,MULTI DWELL - PUBLIC HOUS,False,(null),(null),(null),45-64,M,BLACK,1017969,243672,40.835435,-73.878146,POINT (-73.878146 40.835435)
270150948,06/20/2023,23:41:00,QUEENS,OUTSIDE,108,0,STREET,(null),False,25-44,M,WHITE HISPANIC,25-44,M,WHITE HISPANIC,1004925,209948,40.742913,-73.925386,POINT (-73.925386 40.742913)
272365819,08/03/2023,19:29:00,BROOKLYN,INSIDE,67,0,COMMERCIAL,GROCERY/BODEGA,False,18-24,F,BLACK,18-24,M,BLACK,1005850,179669,40.659801,-73.922144,POINT (-73.922144 40.659801)
271818282,07/24/2023,02:40:00,BRONX,INSIDE,46,0,COMMERCIAL,BAR/NIGHT CLUB,False,18-24,M,BLACK HISPANIC,25-44,M,WHITE HISPANIC,1011329,249447,40.851308,-73.902116,POINT (-73.902116 40.851308)
279683077,12/29/2023,03:43:00,QUEENS,INSIDE,113,0,COMMERCIAL,RESTAURANT/DINER,False,(null),(null),(null),25-44,M,BLACK,1047268,189119,40.685543,-73.772774,POINT (-73.772774 40.685543)
278666561,12/07/2023,16:01:00,BROOKLYN,OUTSIDE,69,0,STREET,(null),False,25-44,M,BLACK,25-44,M,WHITE HISPANIC,1014385,170323,40.634123,-73.891427,POINT (-73.891427 40.634123)
268958473,05/28/2023,00:40:00,BROOKLYN,OUTSIDE,84,0,STREET,(null),False,(null),(null),(null),45-64,F,BLACK,988457,194516,40.70057721,-73.98482752,POINT (-73.98482752 40.70057721)
276125027,10/18/2023,05:39:00,QUEENS,INSIDE,109,0,DWELLING,(null),False,(null),(null),(null),25-44,M,ASIAN / PACIFIC ISLANDER,1032311,209358,40.741186,-73.82656,POINT (-73.82656 40.741186)
271753275,07/23/2023,00:27:00,QUEENS,OUTSIDE,115,0,STREET,(null),False,45-64,M,BLACK,25-44,M,BLACK,1019926,216763,40.761569,-73.871215,POINT (-73.871215 40.761569)
270143489,06/20/2023,07:47:00,BRONX,OUTSIDE,46,0,STREET,(null),False,25-44,M,BLACK,25-44,M,BLACK,1009920,249702,40.852012,-73.907209,POINT (-73.907209 40.852012)
270814571,07/04/2023,00:53:00,MANHATTAN,OUTSIDE,32,0,STREET,MULTI DWELL - APT BUILD,False,45-64,M,BLACK,<18,M,BLACK,999899,238684,40.821797,-73.943457,POINT (-73.943457 40.821797)
276676881,10/29/2023,14:28:00,BROOKLYN,OUTSIDE,73,0,HOUSING,MULTI DWELL - PUBLIC HOUS,False,<18,M,BLACK HISPANIC,65+,F,BLACK,1010830,181517,40.664861,-73.90419,POINT (-73.90419 40.664861)
274445543,09/14/2023,12:30:00,BRONX,OUTSIDE,40,0,STREET,(null),False,18-24,M,BLACK,65+,F,WHITE HISPANIC,1006614,233501,40.80755382044926,-73.91921496573,POINT (-73.91921496573 40.80755382044926)
269868925,06/14/2023,17:56:00,MANHATTAN,OUTSIDE,26,0,STREET,(null),False,(null),(null),(null),<18,M,BLACK,996462,235456,40.812941,-73.95588,POINT (-73.95588 40.812941)
270652262,06/30/2023,01:00:00,BRONX,OUTSIDE,40,0,STREET,(null),False,(null),(null),(null),18-24,M,WHITE HISPANIC,1007966,233667,40.808005918609815,-73.91433057949068,POINT (-73.91433057949068 40.808005918609815)
273816263,09/01/2023,22:49:00,BRONX,OUTSIDE,43,0,STREET,(null),False,(null),(null),(null),25-44,M,BLACK,1023801,242376,40.831854,-73.857076,POINT (-73.857076 40.831854)
271746435,07/22/2023,23:27:00,MANHATTAN,OUTSIDE,25,0,STREET,(null),True,25-44,M,WHITE HISPANIC,45-64,M,BLACK,1000678,230719,40.799931027946656,-73.9406642603565,POINT (-73.9406642603565 40.799931027946656)
268973603,05/27/2023,21:15:00,QUEENS,INSIDE,113,0,DWELLING,MULTI DWELL - APT BUILD,False,45-64,F,BLACK,25-44,M,BLACK,1052364,187814,40.681921,-73.754415,POINT (-73.754415 40.681921)
275209616,09/29/2023,20:52:00,BRONX,OUTSIDE,49,0,STREET,(null),False,25-44,M,WHITE,25-44,M,WHITE,1021046,252935,40.860846,-73.866974,POINT (-73.866974 40.860846)
273816262,09/02/2023,02:40:00,BRONX,INSIDE,46,0,DWELLING,MULTI DWELL - APT BUILD,False,45-64,M,BLACK,25-44,M,BLACK,1008644,248397,40.848435,-73.911826,POINT (-73.911826 40.848435)
271818282,07/24/2023,02:40:00,BRONX,INSIDE,46,0,COMMERCIAL,BAR/NIGHT CLUB,False,25-44,M,WHITE HISPANIC,18-24,M,BLACK HISPANIC,1011329,249447,40.851308,-73.902116,POINT (-73.902116 40.851308)
270708656,07/01/2023,23:12:00,BRONX,OUTSIDE,52,0,STREET,(null),False,<18,M,BLACK HISPANIC,18-24,M,BLACK,1013999,254375,40.864827,-73.892446,POINT (-73.892446 40.864827)
279455044,12/23/2023,13:25:00,MANHATTAN,OUTSIDE,9,2,HOUSING,MULTI DWELL - PUBLIC HOUS,False,25-44,M,WHITE HISPANIC,25-44,M,BLACK HISPANIC,990345,201948,40.720976,-73.97801,POINT (-73.97801 40.720976)
271769930,07/23/2023,22:42:00,BRONX,OUTSIDE,50,0,STREET,(null),False,25-44,M,BLACK HISPANIC,25-44,M,BLACK HISPANIC,1010673,256799,40.871489,-73.904459,POINT (-73.904459 40.871489)
273126315,08/18/2023,23:12:00,MANHATTAN,INSIDE,25,0,COMMERCIAL,GROCERY/BODEGA,False,25-44,M,BLACK,25-44,M,BLACK HISPANIC,1000190,230366,40.798965,-73.942427,POINT (-73.942427 40.798965)
279460793,12/24/2023,05:24:00,BROOKLYN,OUTSIDE,67,0,COMMERCIAL,BAR/NIGHT CLUB,False,(null),(null),(null),25-44,M,BLACK,1004029,171113,40.636322,-73.928734,POINT (-73.928734 40.636322)
276687570,10/29/2023,22:39:00,BROOKLYN,INSIDE,67,0,DWELLING,(null),True,45-64,M,BLACK,25-44,M,BLACK,1000242,171647,40.637796,-73.942376,POINT (-73.942376 40.637796)
270656693,06/30/2023,19:00:00,BRONX,OUTSIDE,47,0,STREET,MULTI DWELL - APT BUILD,False,25-44,M,BLACK,<18,F,BLACK,1021777,259779,40.87963,-73.864294,POINT (-73.864294 40.87963)
268958472,05/27/2023,16:54:00,BRONX,OUTSIDE,44,0,STREET,(null),False,18-24,M,WHITE HISPANIC,18-24,M,BLACK,1009143,242912,40.83338,-73.910044,POINT (-73.910044 40.83338)
276665995,10/29/2023,00:35:00,BROOKLYN,OUTSIDE,84,2,HOUSING,MULTI DWELL - PUBLIC HOUS,False,25-44,M,BLACK,45-64,M,BLACK,989325,194210,40.699737,-73.981697,POINT (-73.981697 40.699737)
270679295,07/01/2023,15:21:00,BRONX,OUTSIDE,40,0,STREET,(null),False,45-64,M,WHITE HISPANIC,45-64,F,WHITE HISPANIC,1010949,237365,40.81815,-73.903538,POINT (-73.903538 40.81815)
268973603,05/27/2023,21:15:00,QUEENS,INSIDE,113,0,DWELLING,MULTI DWELL - APT BUILD,True,25-44,M,BLACK,25-44,M,BLACK,1052364,187814,40.681921,-73.754415,POINT (-73.754415 40.681921)
268204880,05/13/2023,14:05:00,MANHATTAN,OUTSIDE,25,2,HOUSING,MULTI DWELL - PUBLIC HOUS,False,<18,M,BLACK,65+,M,BLACK,1002332,231147,40.801105,-73.934685,POINT (-73.934685 40.801105)
272238344,08/01/2023,15:45:00,BROOKLYN,OUTSIDE,73,0,STREET,(null),False,<18,M,BLACK,18-24,M,BLACK,1009534,179224,40.658571,-73.90887,POINT (-73.90887 40.658571)
279609499,12/27/2023,19:47:00,BRONX,OUTSIDE,42,0,STREET,(null),False,(null),(null),(null),<18,M,BLACK HISPANIC,1015730,240807,40.82758,-73.886248,POINT (-73.886248 40.82758)
268227791,05/13/2023,01:00:00,BROOKLYN,OUTSIDE,83,0,STREET,(null),False,25-44,M,BLACK,25-44,M,BLACK,1004493,192566,40.695204,-73.926999,POINT (-73.926999 40.695204)
277777076,11/19/2023,15:00:00,BROOKLYN,OUTSIDE,78,0,OTHER,(null),False,(null),(null),(null),25-44,M,BLACK,991330,187303,,,
269920411,06/15/2023,16:49:00,BROOKLYN,OUTSIDE,81,2,HOUSING,MULTI DWELL - PUBLIC HOUS,False,(null),(null),(null),<18,M,BLACK,1005283,187666,40.681753,-73.924165,POINT (-73.924165 40.681753)
274505052,09/15/2023,01:12:00,BROOKLYN,OUTSIDE,63,0,STREET,(null),False,(null),(null),(null),25-44,M,BLACK,1008070,166517,40.62369512973514,-73.91419251023713,POINT (-73.91419251023713 40.62369512973514)
276665999,10/28/2023,14:40:00,BRONX,OUTSIDE,52,0,STREET,(null),False,(null),(null),(null),18-24,M,BLACK HISPANIC,1017478,256069,,,
278563372,12/05/2023,22:49:00,BROOKLYN,INSIDE,81,0,STREET,(null),True,(null),(null),(null),25-44,M,WHITE HISPANIC,1003897,188279,40.68343728574764,-73.92916162840565,POINT (-73.92916162840565 40.68343728574764)
270206141,06/21/2023,07:26:00,BROOKLYN,OUTSIDE,79,0,STREET,GROCERY/BODEGA,True,(null),(null),(null),25-44,M,BLACK,998367,189350,40.686388,-73.949096,POINT (-73.949096 40.686388)
268973603,05/27/2023,21:15:00,QUEENS,INSIDE,113,0,DWELLING,MULTI DWELL - APT BUILD,False,25-44,M,BLACK,25-44,M,BLACK,1052364,187814,40.681921,-73.754415,POINT (-73.754415 40.681921)
267135166,04/23/2023,05:45:00,BRONX,INSIDE,50,0,HOUSING,MULTI DWELL - PUBLIC HOUS,False,65+,M,BLACK,18-24,M,WHITE HISPANIC,1009789,258514,40.876201,-73.907648,POINT (-73.907648 40.876201)
278488355,12/04/2023,11:57:00,BROOKLYN,OUTSIDE,60,0,STREET,MULTI DWELL - APT BUILD,False,25-44,M,BLACK,25-44,F,WHITE,983796,149516,40.577064,-74.001632,POINT (-74.001632 40.577064)
269003577,05/29/2023,10:03:00,BROOKLYN,OUTSIDE,73,2,HOUSING,MULTI DWELL - PUBLIC HOUS,False,25-44,M,BLACK,25-44,M,BLACK,1006517,182302,40.667027,-73.919733,POINT (-73.919733 40.667027)
271171077,07/11/2023,17:47:00,BRONX,OUTSIDE,52,0,STREET,(null),False,<18,M,BLACK,<18,M,BLACK HISPANIC,1012759,254893,40.86625092849689,-73.8969265960367,POINT (-73.8969265960367 40.86625092849689)
270274907,06/22/2023,00:00:00,MANHATTAN,OUTSIDE,34,0,STREET,GROCERY/BODEGA,False,<18,M,BLACK HISPANIC,25-44,M,WHITE HISPANIC,1003778,250869,40.855233,-73.929406,POINT (-73.929406 40.855233)
267267401,04/25/2023,01:26:00,MANHATTAN,INSIDE,26,2,HOUSING,MULTI DWELL - PUBLIC HOUS,False,45-64,M,BLACK,25-44,M,BLACK,996569,237212,40.817762,-73.955493,POINT (-73.955493 40.817762)
270655017,06/30/2023,22:20:00,BRONX,OUTSIDE,44,0,STREET,(null),False,(null),(null),(null),18-24,M,WHITE HISPANIC,1008286,245255,40.83981081019311,-73.91313313234699,POINT (-73.91313313234699 40.83981081019311)
269683819,06/11/2023,21:14:00,BRONX,OUTSIDE,42,0,STREET,(null),True,18-24,M,WHITE HISPANIC,25-44,M,WHITE HISPANIC,1016885,243883,40.83602,-73.88206,POINT (-73.88206 40.83602)
274396068,09/13/2023,10:03:00,MANHATTAN,OUTSIDE,25,0,STREET,(null),True,18-24,M,BLACK,25-44,M,BLACK,1001561,230531,40.799414,-73.937472,POINT (-73.937472 40.799414)
270758365,07/03/2023,04:30:00,BRONX,INSIDE,42,0,STREET,BAR/NIGHT CLUB,False,25-44,M,BLACK HISPANIC,25-44,M,BLACK HISPANIC,1010546,245192,40.839633,-73.904964,POINT (-73.904964 40.839633)
279427923,12/23/2023,00:25:00,MANHATTAN,OUTSIDE,25,0,COMMERCIAL,(null),False,(null),(null),(null),45-64,M,WHITE HISPANIC,1001248,231749,40.802758,-73.9386,POINT (-73.9386 40.802758)
277863513,11/21/2023,11:38:00,BROOKLYN,OUTSIDE,83,0,STREET,(null),False,(null),(null),(null),25-44,M,BLACK,1006148,191087,40.69114,-73.921033,POINT (-73.921033 40.69114)
268440540,05/17/2023,20:47:00,BROOKLYN,OUTSIDE,88,0,STREET,(null),False,(null),(null),(null),18-24,M,BLACK,992375,188772,40.684809,-73.970702,POINT (-73.970702 40.684809)
273146317,08/19/2023,13:43:00,MANHATTAN,OUTSIDE,5,0,PLAYGROUND,(null),False,25-44,M,BLACK,25-44,M,WHITE HISPANIC,984990,200136,,,
275055217,09/27/2023,21:35:00,BRONX,OUTSIDE,49,0,STREET,(null),False,45-64,M,WHITE,25-44,M,WHITE HISPANIC,1028885,251759,40.857583,-73.838644,POINT (-73.838644 40.857583)
278627524,12/06/2023,17:55:00,MANHATTAN,INSIDE,19,0,COMMERCIAL,SMALL MERCHANT,False,25-44,M,ASIAN / PACIFIC ISLANDER,<18,M,BLACK,993823,217303,40.763118,-73.965441,POINT (-73.965441 40.763118)
279547333,12/26/2023,23:43:00,QUEENS,OUTSIDE,106,0,STREET,(null),False,(null),(null),(null),25-44,M,BLACK,1034904,190307,40.688883,-73.817347,POINT (-73.817347 40.688883)
271021661,07/08/2023,11:27:00,QUEENS,OUTSIDE,102,0,STREET,BEAUTY/NAIL SALON,True,25-44,M,WHITE HISPANIC,65+,M,ASIAN / PACIFIC ISLANDER,1028856,192785,40.695717,-73.839138,POINT (-73.839138 40.695717)
274564570,09/17/2023,01:09:00,BRONX,OUTSIDE,44,0,STREET,(null),True,18-24,M,WHITE HISPANIC,65+,M,WHITE HISPANIC,1004546,244493,40.837731,-73.926651,POINT (-73.926651 40.837731)
273129832,08/19/2023,01:39:00,BRONX,INSIDE,46,0,DWELLING,MULTI DWELL - APT BUILD,False,18-24,M,BLACK,25-44,M,WHITE HISPANIC,1010817,249078,40.850298,-73.903968,POINT (-73.903968 40.850298)
267195703,04/24/2023,17:58:00,BROOKLYN,OUTSIDE,67,0,STREET,MULTI DWELL - APT BUILD,True,(null),(null),(null),25-44,M,BLACK,1004905,179376,40.658999,-73.925554,POINT (-73.925554 40.658999)
267632709,05/02/2023,09:25:00,MANHATTAN,OUTSIDE,5,0,PLAYGROUND,(null),False,45-64,M,WHITE HISPANIC,25-44,M,BLACK HISPANIC,985786,199049,40.71302009,-73.9944594,POINT (-73.9944594 40.71302009)
268913486,05/27/2023,01:52:00,MANHATTAN,OUTSIDE,24,2,HOUSING,MULTI DWELL - PUBLIC HOUS,False,(null),(null),(null),25-44,M,BLACK,993952,229422,40.796382,-73.964958,POINT (-73.964958 40.796382)
272944750,08/15/2023,19:28:00,BROOKLYN,INSIDE,71,0,OTHER,GYM/FITNESS FACILITY,False,<18,M,BLACK,<18,M,BLACK,996525,182939,40.668794,-73.95575,POINT (-73.95575 40.668794)
275209617,09/30/2023,12:14:00,BRONX,OUTSIDE,43,0,STREET,GROCERY/BODEGA,False,25-44,M,BLACK,25-44,M,BLACK,1021814,236899,40.816829,-73.864286,POINT (-73.864286 40.816829)
268973601,05/28/2023,23:30:00,BRONX,OUTSIDE,40,2,HOUSING,MULTI DWELL - PUBLIC HOUS,False,25-44,M,BLACK,18-24,M,BLACK HISPANIC,1004418,234736,40.81094883,-73.92714381,POINT (-73.92714381 40.81094883)
271010502,07/08/2023,11:10:00,BROOKLYN,OUTSIDE,75,0,STREET,(null),False,25-44,M,WHITE HISPANIC,18-24,M,WHITE HISPANIC,1015665,187235,40.6805378019602,-73.88673634325725,POINT (-73.88673634325725 40.6805378019602)
273178545,08/20/2023,04:02:00,BRONX,OUTSIDE,43,0,STREET,(null),True,(null),(null),(null),18-24,M,BLACK HISPANIC,1018110,240290,40.826151124164,-73.87765398540141,POINT (-73.87765398540141 40.826151124164)
276021969,10/16/2023,08:14:00,BROOKLYN,INSIDE,71,0,DWELLING,MULTI DWELL - APT BUILD,False,25-44,M,BLACK,25-44,F,BLACK,996824,182756,40.668292,-73.954673,POINT (-73.954673 40.668292)
271818282,07/24/2023,02:40:00,BRONX,INSIDE,46,0,COMMERCIAL,BAR/NIGHT CLUB,False,25-44,M,WHITE HISPANIC,25-44,M,WHITE HISPANIC,1011329,249447,40.851308,-73.902116,POINT (-73.902116 40.851308)
272301554,08/02/2023,00:00:00,BRONX,INSIDE,43,0,DWELLING,MULTI DWELL - APT BUILD,True,45-64,M,BLACK HISPANIC,25-44,M,BLACK HISPANIC,1019535,242890,40.833282,-73.872489,POINT (-73.872489 40.833282)
270814570,07/03/2023,23:49:00,STATEN ISLAND,OUTSIDE,120,0,STREET,(null),False,(null),(null),(null),25-44,M,BLACK HISPANIC,960915,171305,40.636841,-74.084073,POINT (-74.084073 40.636841)
275142941,09/29/2023,00:30:00,QUEENS,OUTSIDE,102,0,STREET,PVT HOUSE,False,45-64,M,BLACK,18-24,F,WHITE,1033435,193797,40.69847,-73.822618,POINT (-73.822618 40.69847)
273176662,08/19/2023,23:40:00,BRONX,OUTSIDE,46,0,STREET,(null),False,45-64,M,WHITE HISPANIC,25-44,M,WHITE HISPANIC,1012713,252388,40.859376,-73.897103,POINT (-73.897103 40.859376)
270719378,07/02/2023,21:40:00,BRONX,OUTSIDE,46,0,STREET,(null),False,(null),(null),(null),<18,F,BLACK HISPANIC,1009601,247515,40.846012,-73.908369,POINT (-73.908369 40.846012)
271751340,07/22/2023,22:02:00,BRONX,OUTSIDE,47,0,STREET,(null),False,25-44,M,BLACK,18-24,M,BLACK HISPANIC,1027440,260306,40.881048303916906,-73.84381309545137,POINT (-73.84381309545137 40.881048303916906)
270150948,06/20/2023,23:41:00,QUEENS,OUTSIDE,108,0,STREET,(null),False,25-44,M,BLACK,25-44,M,WHITE HISPANIC,1004925,209948,40.742913,-73.925386,POINT (-73.925386 40.742913)
272822538,08/13/2023,12:16:00,BROOKLYN,OUTSIDE,73,0,STREET,MULTI DWELL - APT BUILD,False,(null),(null),(null),25-44,M,BLACK,1009023,181159,40.663882,-73.910705,POINT (-73.910705 40.663882)
278563881,12/05/2023,23:40:00,MANHATTAN,OUTSIDE,23,0,STREET,(null),False,18-24,M,BLACK,18-24,M,BLACK,998751,226901,,,
274582286,09/16/2023,20:10:00,BROOKLYN,OUTSIDE,60,2,HOUSING,MULTI DWELL - APT BUILD,False,(null),(null),(null),18-24,M,BLACK,987685,148617,40.57459461131273,-73.98763509614024,POINT (-73.98763509614024 40.57459461131273)
268251280,05/14/2023,21:10:00,BROOKLYN,OUTSIDE,75,2,HOUSING,MULTI DWELL - PUBLIC HOUS,False,(null),(null),(null),45-64,M,BLACK,1020186,182547,40.667653,-73.870458,POINT (-73.870458 40.667653)
270274908,06/22/2023,00:53:00,BRONX,OUTSIDE,40,0,STREET,(null),False,(null),(null),(null),18-24,M,BLACK,1008608,238678,40.82176,-73.911992,POINT (-73.911992 40.82176)
270711149,06/30/2023,21:45:00,BRONX,OUTSIDE,46,0,STREET,(null),False,(null),(null),(null),18-24,M,BLACK HISPANIC,1007797,247987,40.84731066409545,-73.91489079966637,POINT (-73.91489079966637 40.84731066409545)
272420120,08/04/2023,16:35:00,BROOKLYN,OUTSIDE,76,2,HOUSING,MULTI DWELL - PUBLIC HOUS,False,25-44,M,BLACK,65+,M,WHITE HISPANIC,982704,185232,40.675097,-74.005571,POINT (-74.005571 40.675097)
276746689,10/31/2023,00:56:00,QUEENS,INSIDE,107,0,DWELLING,MULTI DWELL - APT BUILD,False,(null),(null),(null),25-44,M,BLACK,1037836,205450,40.73043,-73.806653,POINT (-73.806653 40.73043)
273577777,08/28/2023,16:40:00,MANHATTAN,INSIDE,25,0,COMMERCIAL,GROCERY/BODEGA,False,(null),(null),(null),25-44,M,BLACK,1001692,231503,40.802083,-73.936999,POINT (-73.936999 40.802083)
269652510,06/09/2023,20:08:00,BRONX,OUTSIDE,40,2,HOUSING,MULTI DWELL - PUBLIC HOUS,False,(null),(null),(null),18-24,M,BLACK HISPANIC,1005216,235339,40.812604,-73.924256,POINT (-73.924256 40.812604)
270996251,07/08/2023,00:30:00,BROOKLYN,OUTSIDE,73,2,HOUSING,MULTI DWELL - PUBLIC HOUS,False,(null),(null),(null),25-44,M,BLACK,1007301,184134,40.672053,-73.916899,POINT (-73.916899 40.672053)
268295740,05/15/2023,20:41:00,QUEENS,OUTSIDE,113,0,STREET,(null),False,25-44,M,BLACK HISPANIC,25-44,M,BLACK,1040097,186349,40.677988,-73.798655,POINT (-73.798655 40.677988)
272105041,07/30/2023,01:30:00,MANHATTAN,OUTSIDE,7,0,STREET,(null),False,<18,M,BLACK,18-24,M,BLACK,1026692,251697,40.857424,-73.846572,POINT (-73.846572 40.857424)
278799684,12/10/2023,20:09:00,BRONX,INSIDE,41,0,DWELLING,MULTI DWELL - APT BUILD,True,(null),(null),(null),45-64,M,WHITE HISPANIC,1014572,240324,40.826258,-73.890437,POINT (-73.890437 40.826258)
271171075,07/11/2023,21:12:00,BROOKLYN,OUTSIDE,73,0,STREET,(null),False,(null),(null),(null),45-64,M,BLACK,1006463,181820,40.665703,-73.919929,POINT (-73.919929 40.665703)
275871484,10/12/2023,22:04:00,BRONX,OUTSIDE,41,0,STREET,(null),False,(null),(null),(null),25-44,M,WHITE HISPANIC,1014999,237381,40.81818,-73.888908,POINT (-73.888908 40.81818)
275682382,10/10/2023,02:42:00,QUEENS,INSIDE,114,0,DWELLING,MULTI DWELL - APT BUILD,False,<18,M,WHITE,25-44,M,WHITE,1008018,225388,40.785284,-73.914172,POINT (-73.914172 40.785284)
272817657,08/12/2023,17:30:00,STATEN ISLAND,OUTSIDE,120,2,HOUSING,MULTI DWELL - PUBLIC HOUS,False,18-24,M,BLACK,25-44,M,BLACK,960029,174205,40.644797,-74.087278,POINT (-74.087278 40.644797)
268199267,05/13/2023,00:36:00,BRONX,OUTSIDE,47,2,HOUSING,MULTI DWELL - PUBLIC HOUS,False,18-24,M,WHITE HISPANIC,18-24,M,BLACK,1027323,261474,40.884257,-73.844227,POINT (-73.844227 40.884257)
275682382,10/10/2023,02:42:00,QUEENS,INSIDE,114,0,DWELLING,MULTI DWELL - APT BUILD,False,25-44,M,WHITE,25-44,M,WHITE,1008018,225388,40.785284,-73.914172,POINT (-73.914172 40.785284)
273473533,08/26/2023,00:18:00,BROOKLYN,OUTSIDE,67,0,STREET,(null),False,(null),(null),(null),45-64,M,BLACK,1000244,176509,40.65114,-73.942359,POINT (-73.942359 40.65114)
272238342,08/01/2023,12:00:00,QUEENS,OUTSIDE,110,0,STREET,(null),False,25-44,M,WHITE,25-44,M,WHITE,1016916,210160,40.74345688350989,-73.88211476007794,POINT (-73.88211476007794 40.74345688350989)
268233288,05/13/2023,03:45:00,MANHATTAN,OUTSIDE,9,0,STREET,(null),False,25-44,M,BLACK,25-44,M,BLACK,987520,202899,40.723587,-73.988201,POINT (-73.988201 40.723587)
271171077,07/11/2023,17:47:00,BRONX,OUTSIDE,52,0,STREET,(null),False,<18,M,BLACK,18-24,M,BLACK HISPANIC,1012759,254893,40.86625092849689,-73.8969265960367,POINT (-73.8969265960367 40.86625092849689)
274180039,09/10/2023,05:22:00,BROOKLYN,OUTSIDE,79,0,STREET,(null),False,(null),(null),(null),18-24,M,BLACK,998241,187165,40.680390356887045,-73.94955696438568,POINT (-73.94955696438568 40.680390356887045)
278563881,12/05/2023,23:40:00,MANHATTAN,OUTSIDE,23,0,STREET,(null),False,18-24,M,BLACK,25-44,M,BLACK,998751,226901,,,
278143542,11/20/2023,22:05:00,QUEENS,OUTSIDE,114,0,STREET,(null),True,25-44,M,ASIAN / PACIFIC ISLANDER,25-44,M,WHITE HISPANIC,1000364,214208,40.754616,-73.941834,POINT (-73.941834 40.754616)
274396068,09/13/2023,10:03:00,MANHATTAN,OUTSIDE,25,0,STREET,(null),True,18-24,M,WHITE HISPANIC,25-44,M,BLACK,1001561,230531,40.799414,-73.937472,POINT (-73.937472 40.799414)
275824274,10/12/2023,03:13:00,MANHATTAN,OUTSIDE,24,0,STREET,(null),False,25-44,F,BLACK HISPANIC,25-44,M,BLACK,993448,226656,40.788792,-73.966781,POINT (-73.966781 40.788792)
269623696,06/09/2023,02:00:00,BRONX,OUTSIDE,46,0,STREET,(null),False,(null),(null),(null),25-44,M,BLACK HISPANIC,1010969,248350,40.8483,-73.903423,POINT (-73.903423 40.8483)
271016897,07/08/2023,19:54:00,STATEN ISLAND,INSIDE,120,0,COMMERCIAL,GROCERY/BODEGA,True,18-24,M,ASIAN / PACIFIC ISLANDER,25-44,M,ASIAN / PACIFIC ISLANDER,949935,164099,40.617024,-74.123601,POINT (-74.123601 40.617024)
273135998,08/19/2023,01:49:00,BRONX,OUTSIDE,41,0,STREET,(null),False,45-64,M,WHITE HISPANIC,18-24,M,WHITE,1011153,235311,40.812511,-73.902811,POINT (-73.902811 40.812511)
275597026,10/07/2023,02:11:00,BROOKLYN,OUTSIDE,88,0,STREET,(null),True,(null),(null),(null),25-44,M,BLACK,991154,189620,40.687139,-73.975103,POINT (-73.975103 40.687139)
269666886,06/10/2023,22:44:00,BROOKLYN,OUTSIDE,75,0,STREET,(null),False,(null),(null),(null),25-44,M,BLACK,1017226,185362,40.67539116,-73.88111748,POINT (-73.88111748 40.67539116)
268973603,05/27/2023,21:15:00,QUEENS,INSIDE,113,0,DWELLING,MULTI DWELL - APT BUILD,True,25-44,M,BLACK,18-24,F,BLACK,1052364,187814,40.681921,-73.754415,POINT (-73.754415 40.681921)
273635840,08/29/2023,16:48:00,BROOKLYN,OUTSIDE,68,0,STREET,(null),False,18-24,M,WHITE HISPANIC,25-44,M,ASIAN / PACIFIC ISLANDER,979376,168851,40.630132150882496,-74.01755944499043,POINT (-74.01755944499043 40.630132150882496)
278852377,12/11/2023,11:30:00,BRONX,INSIDE,47,0,COMMERCIAL,GROCERY/BODEGA,False,(null),(null),(null),18-24,M,BLACK,1025653,258347,40.875681,-73.850287,POINT (-73.850287 40.875681)
275597025,10/08/2023,02:20:00,BRONX,OUTSIDE,50,2,HOUSING,MULTI DWELL - PUBLIC HOUS,False,(null),(null),(null),45-64,M,WHITE HISPANIC,1010207,258108,40.875083,-73.906141,POINT (-73.906141 40.875083)
272831774,08/13/2023,21:19:00,BROOKLYN,OUTSIDE,75,0,STREET,(null),False,18-24,M,BLACK,25-44,M,WHITE HISPANIC,1020819,188795,40.684802,-73.868145,POINT (-73.868145 40.684802)
272144288,07/31/2023,01:42:00,QUEENS,OUTSIDE,101,0,STREET,(null),False,25-44,M,WHITE HISPANIC,25-44,M,BLACK HISPANIC,1053936,157130,40.597689,-73.749063,POINT (-73.749063 40.597689)
270814571,07/04/2023,00:53:00,MANHATTAN,OUTSIDE,32,0,STREET,MULTI DWELL - APT BUILD,False,18-24,M,BLACK,<18,M,BLACK,999899,238684,40.821797,-73.943457,POINT (-73.943457 40.821797)
268973603,05/27/2023,21:15:00,QUEENS,INSIDE,113,0,DWELLING,MULTI DWELL - APT BUILD,False,45-64,F,BLACK,18-24,F,BLACK,1052364,187814,40.681921,-73.754415,POINT (-73.754415 40.681921)
278426560,12/03/2023,03:55:00,QUEENS,OUTSIDE,106,0,STREET,(null),False,(null),(null),(null),18-24,M,BLACK,1035375,185666,40.676142,-73.815683,POINT (-73.815683 40.676142)
276785708,10/31/2023,22:06:00,MANHATTAN,OUTSIDE,14,0,STREET,(null),False,<18,M,BLACK,<18,M,BLACK,987341,215631,40.75853318613154,-73.98884266079277,POINT (-73.98884266079277 40.75853318613154)
276785707,10/31/2023,17:27:00,BROOKLYN,OUTSIDE,75,0,STREET,(null),False,18-24,M,BLACK,25-44,M,WHITE HISPANIC,1015660,183332,40.669827,-73.886771,POINT (-73.886771 40.669827)
268973599,05/28/2023,22:30:00,MANHATTAN,OUTSIDE,9,0,STREET,(null),False,(null),(null),(null),45-64,F,WHITE HISPANIC,989869,202646,40.72289134,-73.97972838,POINT (-73.97972838 40.72289134)
272881673,08/14/2023,23:45:00,BROOKLYN,INSIDE,81,0,DWELLING,MULTI DWELL - APT BUILD,False,45-64,M,BLACK,18-24,F,BLACK,1001179,192507,40.69505,-73.938948,POINT (-73.938948 40.69505)
273129832,08/19/2023,01:39:00,BRONX,INSIDE,46,0,DWELLING,MULTI DWELL - APT BUILD,False,18-24,M,BLACK HISPANIC,25-44,M,WHITE HISPANIC,1010817,249078,40.850298,-73.903968,POINT (-73.903968 40.850298)
273837717,09/02/2023,02:37:00,BRONX,OUTSIDE,43,0,STREET,(null),True,(null),(null),(null),25-44,M,BLACK HISPANIC,1017925,239845,40.824932,-73.878321,POINT (-73.878321 40.824932)
269731132,06/12/2023,13:40:00,BROOKLYN,OUTSIDE,73,2,HOUSING,MULTI DWELL - PUBLIC HOUS,False,(null),(null),(null),25-44,M,BLACK,1005740,182008,40.666223,-73.922536,POINT (-73.922536 40.666223)
273577777,08/28/2023,16:40:00,MANHATTAN,INSIDE,25,0,COMMERCIAL,GROCERY/BODEGA,False,(null),(null),(null),18-24,M,BLACK,1001692,231503,40.802083,-73.936999,POINT (-73.936999 40.802083)
279386687,12/22/2023,01:09:00,BROOKLYN,INSIDE,71,0,DWELLING,MULTI DWELL - APT BUILD,False,(null),(null),(null),25-44,M,BLACK,1002859,181349,40.664419,-73.932923,POINT (-73.932923 40.664419)
275206398,09/29/2023,02:19:00,BROOKLYN,INSIDE,83,0,STREET,GROCERY/BODEGA,False,(null),(null),(null),25-44,M,BLACK,1001557,193690,40.698295,-73.937582,POINT (-73.937582 40.698295)
270814572,07/04/2023,01:10:00,BROOKLYN,INSIDE,77,0,STREET,(null),False,(null),(null),(null),25-44,M,BLACK,1005328,183149,40.669355,-73.924018,POINT (-73.924018 40.669355)
269541207,06/08/2023,03:05:00,BRONX,OUTSIDE,41,0,STREET,(null),False,25-44,M,WHITE HISPANIC,25-44,M,BLACK,1015533,238047,40.820006,-73.886973,POINT (-73.886973 40.820006)
275215976,09/29/2023,18:30:00,MANHATTAN,OUTSIDE,33,0,STREET,(null),True,25-44,M,BLACK,25-44,M,BLACK,1001768,244296,40.837193969818486,-73.93669188653992,POINT (-73.93669188653992 40.837193969818486)
271104892,07/10/2023,18:48:00,STATEN ISLAND,INSIDE,123,0,OTHER,HOSPITAL,False,(null),(null),(null),25-44,M,BLACK,929510,127539,40.516572,-74.196874,POINT (-74.196874 40.516572)
271021661,07/08/2023,11:27:00,QUEENS,OUTSIDE,102,0,STREET,BEAUTY/NAIL SALON,False,25-44,M,WHITE HISPANIC,65+,M,ASIAN / PACIFIC ISLANDER,1028856,192785,40.695717,-73.839138,POINT (-73.839138 40.695717)
278915845,12/12/2023,05:00:00,QUEENS,OUTSIDE,113,0,STREET,(null),False,25-44,M,BLACK,25-44,M,BLACK,1051164,196680,40.70626487537533,-73.75865488504459,POINT (-73.75865488504459 40.70626487537533)
276785707,10/31/2023,17:27:00,BROOKLYN,OUTSIDE,75,0,STREET,(null),False,25-44,M,BLACK,25-44,M,WHITE HISPANIC,1015660,183332,40.669827,-73.886771,POINT (-73.886771 40.669827)
276032583,10/16/2023,23:18:00,BROOKLYN,OUTSIDE,81,0,STREET,(null),False,25-44,M,BLACK,25-44,M,BLACK,1004413,191572,40.692475,-73.927289,POINT (-73.927289 40.692475)
270719378,07/02/2023,21:40:00,BRONX,OUTSIDE,46,0,STREET,(null),False,(null),(null),(null),18-24,M,BLACK HISPANIC,1009601,247515,40.846012,-73.908369,POINT (-73.908369 40.846012)
267333554,04/26/2023,21:02:00,MANHATTAN,INSIDE,26,2,HOUSING,MULTI DWELL - PUBLIC HOUS,False,18-24,M,BLACK,25-44,M,BLACK,996071,236561,40.815975,-73.957291,POINT (-73.957291 40.815975)
277829335,11/20/2023,20:16:00,BROOKLYN,OUTSIDE,66,0,STREET,(null),False,(null),(null),(null),<18,M,WHITE HISPANIC,985841,174098,40.64453524491852,-73.99426690452187,POINT (-73.99426690452187 40.64453524491852)
273520492,08/26/2023,22:43:00,BRONX,OUTSIDE,43,2,HOUSING,MULTI DWELL - PUBLIC HOUS,False,(null),(null),(null),18-24,M,BLACK HISPANIC,1021490,236441,40.815576,-73.865461,POINT (-73.865461 40.815576)
268970252,05/28/2023,14:30:00,STATEN ISLAND,OUTSIDE,122,0,STREET,(null),False,<18,M,BLACK HISPANIC,18-24,F,BLACK,961787,156866,40.597211,-74.080884,POINT (-74.080884 40.597211)
267148531,04/21/2023,23:04:00,BROOKLYN,OUTSIDE,88,2,HOUSING,MULTI DWELL - PUBLIC HOUS,True,18-24,M,WHITE HISPANIC,18-24,M,BLACK,990324,192487,40.695007,-73.978093,POINT (-73.978093 40.695007)
268302281,05/15/2023,17:33:00,BRONX,OUTSIDE,43,0,STREET,MULTI DWELL - APT BUILD,True,18-24,M,WHITE HISPANIC,18-24,M,BLACK,1020517,242653,40.832627,-73.868942,POINT (-73.868942 40.832627)
275608047,10/08/2023,06:10:00,BRONX,INSIDE,43,0,DWELLING,MULTI DWELL - APT BUILD,False,(null),(null),(null),25-44,M,BLACK,1025317,236734,40.816360354350195,-73.8516348089287,POINT (-73.8516348089287 40.816360354350195)
269652511,06/09/2023,19:45:00,BRONX,OUTSIDE,40,0,STREET,(null),False,(null),(null),(null),18-24,M,BLACK,1005293,237196,40.8177,-73.923972,POINT (-73.923972 40.8177)
275208186,09/29/2023,18:43:00,QUEENS,OUTSIDE,101,0,STREET,(null),False,(null),(null),(null),25-44,M,BLACK HISPANIC,1044257,154427,40.59033945195636,-73.78394280096676,POINT (-73.78394280096676 40.59033945195636)
272968931,08/16/2023,02:46:00,BRONX,OUTSIDE,41,0,STREET,(null),False,25-44,F,BLACK,45-64,M,BLACK,1014639,240066,40.825549,-73.890195,POINT (-73.890195 40.825549)
277770910,11/19/2023,11:30:00,BRONX,OUTSIDE,43,2,HOUSING,MULTI DWELL - PUBLIC HOUS,False,(null),(null),(null),45-64,M,BLACK,1018843,243555,40.83511,-73.874987,POINT (-73.874987 40.83511)
276687920,10/29/2023,21:38:00,MANHATTAN,OUTSIDE,13,0,STREET,(null),False,18-24,M,BLACK,25-44,M,BLACK,986109,210621,40.744784,-73.99329,POINT (-73.99329 40.744784)
272817658,08/12/2023,23:48:00,MANHATTAN,OUTSIDE,32,2,HOUSING,MULTI DWELL - PUBLIC HOUS,False,(null),(null),(null),25-44,M,BLACK,998220,235265,40.812415,-73.949529,POINT (-73.949529 40.812415)
274317597,09/12/2023,21:05:00,QUEENS,OUTSIDE,114,0,STREET,(null),False,(null),(null),(null),25-44,M,WHITE HISPANIC,1010578,221195,40.773768,-73.904943,POINT (-73.904943 40.773768)
275979884,10/15/2023,22:30:00,BRONX,OUTSIDE,44,0,STREET,(null),False,25-44,M,BLACK,25-44,M,BLACK HISPANIC,1005064,243643,40.835397,-73.924781,POINT (-73.924781 40.835397)
275053556,09/27/2023,19:48:00,BROOKLYN,OUTSIDE,79,2,HOUSING,MULTI DWELL - PUBLIC HOUS,True,25-44,M,BLACK,25-44,M,WHITE HISPANIC,998151,193827,40.698679,-73.949866,POINT (-73.949866 40.698679)
273837716,09/02/2023,22:57:00,BRONX,OUTSIDE,46,0,STREET,(null),True,25-44,M,BLACK,25-44,M,BLACK,1007442,248343,40.848288718247915,-73.91617269343789,POINT (-73.91617269343789 40.848288718247915)
270679295,07/01/2023,15:21:00,BRONX,OUTSIDE,40,0,STREET,(null),False,25-44,M,BLACK,45-64,F,WHITE HISPANIC,1010949,237365,40.81815,-73.903538,POINT (-73.903538 40.81815)
279453573,12/22/2023,15:15:00,QUEENS,OUTSIDE,113,0,STREET,(null),True,(null),(null),(null),25-44,M,BLACK,1040313,186507,40.678418,-73.797875,POINT (-73.797875 40.678418)
267267403,04/25/2023,18:15:00,BRONX,OUTSIDE,40,0,STREET,(null),False,25-44,M,WHITE HISPANIC,25-44,M,WHITE HISPANIC,1008067,236070,40.814603,-73.913955,POINT (-73.913955 40.814603)
272420121,08/04/2023,23:06:00,BROOKLYN,OUTSIDE,73,0,STREET,(null),False,25-44,M,BLACK,45-64,M,BLACK,1007944,184002,40.671689,-73.914583,POINT (-73.914583 40.671689)
272238341,08/01/2023,09:12:00,BROOKLYN,OUTSIDE,71,0,STREET,(null),False,25-44,M,BLACK,45-64,M,BLACK,1001004,179354,40.658947,-73.939614,POINT (-73.939614 40.658947)
271029295,07/09/2023,00:29:00,BRONX,OUTSIDE,47,0,STREET,(null),False,(null),(null),(null),25-44,F,BLACK,1020184,259289,40.87828948434474,-73.8700581979115,POINT (-73.8700581979115 40.87828948434474)
268227792,05/13/2023,00:39:00,BRONX,OUTSIDE,46,0,STREET,(null),False,25-44,M,BLACK,25-44,F,BLACK,1006216,247828,40.84687833,-73.92060574,POINT (-73.92060574 40.84687833)
270760379,07/03/2023,21:25:00,BROOKLYN,OUTSIDE,75,0,STREET,(null),False,18-24,M,BLACK,25-44,M,BLACK,1008769,177614,40.654153,-73.911632,POINT (-73.911632 40.654153)
267267402,04/25/2023,12:00:00,BROOKLYN,OUTSIDE,77,0,STREET,PVT HOUSE,False,25-44,M,BLACK,45-64,M,BLACK,1003857,184542,40.673181,-73.929313,POINT (-73.929313 40.673181)
270719378,07/02/2023,21:40:00,BRONX,OUTSIDE,46,0,STREET,(null),False,(null),(null),(null),25-44,F,BLACK HISPANIC,1009601,247515,40.846012,-73.908369,POINT (-73.908369 40.846012)
270373348,06/25/2023,01:14:00,BRONX,OUTSIDE,42,0,STREET,(null),False,18-24,M,WHITE HISPANIC,18-24,M,WHITE HISPANIC,1014409,244146,40.836749,-73.891009,POINT (-73.891009 40.836749)
272166516,07/31/2023,04:00:00,BRONX,OUTSIDE,43,0,STREET,(null),False,25-44,F,BLACK HISPANIC,18-24,F,BLACK,1025046,233605,40.807775,-73.85263,POINT (-73.85263 40.807775)
270719379,07/01/2023,18:42:00,MANHATTAN,INSIDE,30,0,PLAYGROUND,(null),True,25-44,M,WHITE HISPANIC,<18,M,BLACK HISPANIC,997626,240713,40.827369,-73.951665,POINT (-73.951665 40.827369)
272238343,08/01/2023,12:42:00,STATEN ISLAND,INSIDE,122,0,OTHER,HOSPITAL,False,(null),(null),(null),45-64,M,WHITE,960514,151754,40.583176,-74.08545,POINT (-74.08545 40.583176)
277978378,11/23/2023,22:55:00,BROOKLYN,INSIDE,81,2,HOUSING,MULTI DWELL - PUBLIC HOUS,True,45-64,M,BLACK,65+,F,BLACK,1005283,187666,40.681753,-73.924165,POINT (-73.924165 40.681753)
275215976,09/29/2023,18:30:00,MANHATTAN,OUTSIDE,33,0,STREET,(null),True,25-44,M,BLACK,45-64,F,BLACK,1001768,244296,40.837193969818486,-73.93669188653992,POINT (-73.93669188653992 40.837193969818486)
278915846,12/12/2023,21:20:00,BROOKLYN,OUTSIDE,73,0,STREET,(null),False,(null),(null),(null),18-24,M,BLACK,1011060,178314,40.656069,-73.903373,POINT (-73.903373 40.656069)
270085087,06/19/2023,22:05:00,MANHATTAN,OUTSIDE,33,0,OTHER,(null),False,(null),(null),(null),18-24,F,BLACK,1001891,245600,,,
271171073,07/11/2023,21:40:00,BROOKLYN,OUTSIDE,72,0,STREET,(null),True,(null),(null),(null),25-44,M,BLACK HISPANIC,981558,172010,40.638805,-74.009699,POINT (-74.009699 40.638805)
269679658,06/10/2023,04:44:00,BRONX,OUTSIDE,46,0,STREET,(null),True,25-44,M,BLACK HISPANIC,25-44,M,WHITE HISPANIC,1005702,247211,40.845188,-73.922462,POINT (-73.922462 40.845188)
272944749,08/15/2023,13:19:00,BRONX,OUTSIDE,44,0,STREET,(null),False,<18,M,BLACK,65+,M,WHITE HISPANIC,1007267,240281,40.826163,-73.91683,POINT (-73.91683 40.826163)
278488356,12/04/2023,16:15:00,BRONX,OUTSIDE,48,0,STREET,(null),False,(null),(null),(null),18-24,M,WHITE HISPANIC,1014898,249845,40.852391,-73.889215,POINT (-73.889215 40.852391)
270655016,06/30/2023,04:55:00,MANHATTAN,OUTSIDE,7,0,STREET,(null),False,(null),(null),(null),18-24,M,BLACK,988468,198397,40.7112296399045,-73.98478542255539,POINT (-73.98478542255539 40.7112296399045)
274464113,09/14/2023,19:41:00,BRONX,OUTSIDE,44,0,STREET,(null),False,(null),(null),(null),25-44,M,BLACK,1008051,247302,40.845429860487535,-73.91397516413855,POINT (-73.91397516413855 40.845429860487535)
275218028,09/30/2023,17:12:00,BROOKLYN,OUTSIDE,79,2,HOUSING,(null),False,18-24,M,BLACK,25-44,M,BLACK,1000301,192923,40.696192,-73.942116,POINT (-73.942116 40.696192)
270335892,06/23/2023,16:13:00,BROOKLYN,OUTSIDE,68,0,STREET,(null),False,18-24,M,BLACK,18-24,F,BLACK,975695,163739,40.6161,-74.030812,POINT (-74.030812 40.6161)
277770909,11/19/2023,14:00:00,BRONX,INSIDE,44,1,TRANSIT,(null),False,(null),(null),(null),25-44,M,BLACK,1003858,241701,40.830067051822596,-73.92914644642369,POINT (-73.92914644642369 40.830067051822596)
271076528,07/10/2023,00:06:00,MANHATTAN,OUTSIDE,5,0,HOUSING,MULTI DWELL - PUBLIC HOUS,False,<18,M,BLACK,18-24,F,WHITE HISPANIC,984984,197590,40.709018,-73.997352,POINT (-73.997352 40.709018)
279427924,12/23/2023,02:10:00,BROOKLYN,OUTSIDE,77,0,STREET,(null),False,25-44,M,BLACK,25-44,M,BLACK,998152,185742,40.676485,-73.94988,POINT (-73.94988 40.676485)
267201244,04/24/2023,16:55:00,QUEENS,OUTSIDE,108,0,STREET,(null),False,18-24,M,WHITE HISPANIC,18-24,M,WHITE HISPANIC,1005382,209504,40.74169141,-73.92374075,POINT (-73.92374075 40.74169141)
277940861,11/22/2023,10:50:00,QUEENS,INSIDE,114,0,DWELLING,(null),False,65+,M,WHITE HISPANIC,45-64,M,WHITE HISPANIC,1006000,214684,40.755909,-73.921492,POINT (-73.921492 40.755909)
278852378,12/11/2023,21:18:00,BROOKLYN,OUTSIDE,76,0,HOUSING,MULTI DWELL - PUBLIC HOUS,False,(null),(null),(null),25-44,M,BLACK,987560,187812,40.682178,-73.988064,POINT (-73.988064 40.682178)
275142941,09/29/2023,00:30:00,QUEENS,OUTSIDE,102,0,STREET,PVT HOUSE,False,25-44,M,BLACK,25-44,M,BLACK,1033435,193797,40.69847,-73.822618,POINT (-73.822618 40.69847)
270655016,06/30/2023,04:55:00,MANHATTAN,OUTSIDE,7,0,STREET,(null),False,(null),(null),(null),18-24,M,WHITE HISPANIC,988468,198397,40.7112296399045,-73.98478542255539,POINT (-73.98478542255539 40.7112296399045)
270085087,06/19/2023,22:05:00,MANHATTAN,OUTSIDE,33,0,OTHER,(null),False,(null),(null),(null),25-44,F,BLACK,1001891,245600,,,
273520493,08/27/2023,01:20:00,BRONX,OUTSIDE,40,2,HOUSING,MULTI DWELL - PUBLIC HOUS,False,<18,M,BLACK HISPANIC,25-44,M,WHITE HISPANIC,1005674,234940,40.811507,-73.922606,POINT (-73.922606 40.811507)
271171077,07/11/2023,17:47:00,BRONX,OUTSIDE,52,0,STREET,(null),False,<18,M,BLACK,25-44,M,BLACK HISPANIC,1012759,254893,40.86625092849689,-73.8969265960367,POINT (-73.8969265960367 40.86625092849689)
268197446,05/12/2023,21:39:00,BRONX,OUTSIDE,47,0,STREET,(null),False,(null),(null),(null),25-44,M,BLACK,1023658,263623,40.890172,-73.857469,POINT (-73.857469 40.890172)
270760814,07/03/2023,18:52:00,BRONX,OUTSIDE,41,0,STREET,(null),False,25-44,M,BLACK,45-64,M,BLACK,1013037,236657,,,
272815859,08/12/2023,05:21:00,BROOKLYN,OUTSIDE,75,0,STREET,(null),True,(null),(null),(null),25-44,M,BLACK,1013381,178731,40.657207,-73.895007,POINT (-73.895007 40.657207)
274317598,09/12/2023,17:00:00,BROOKLYN,OUTSIDE,81,0,HOUSING,MULTI DWELL - PUBLIC HOUS,False,(null),(null),(null),25-44,M,BLACK,1002397,189962,40.688061,-73.934564,POINT (-73.934564 40.688061)
276021969,10/16/2023,08:14:00,BROOKLYN,INSIDE,71,0,DWELLING,MULTI DWELL - APT BUILD,False,25-44,M,BLACK,25-44,M,BLACK,996824,182756,40.668292,-73.954673,POINT (-73.954673 40.668292)
271753274,07/23/2023,04:00:00,BROOKLYN,OUTSIDE,71,0,STREET,MULTI DWELL - APT BUILD,False,18-24,M,BLACK,25-44,F,BLACK,996019,182558,40.66775,-73.957575,POINT (-73.957575 40.66775)
268441196,05/12/2023,23:11:00,QUEENS,OUTSIDE,108,0,STREET,GROCERY/BODEGA,False,25-44,M,BLACK,25-44,M,WHITE HISPANIC,1005878,210176,40.743537,-73.921946,POINT (-73.921946 40.743537)
276785707,10/31/2023,17:27:00,BROOKLYN,OUTSIDE,75,0,STREET,(null),False,18-24,M,BLACK,25-44,M,BLACK,1015660,183332,40.669827,-73.886771,POINT (-73.886771 40.669827)
268295740,05/15/2023,20:41:00,QUEENS,OUTSIDE,113,0,STREET,(null),False,25-44,M,BLACK HISPANIC,18-24,M,BLACK,1040097,186349,40.677988,-73.798655,POINT (-73.798655 40.677988)
278803917,12/10/2023,23:55:00,MANHATTAN,OUTSIDE,34,0,COMMERCIAL,BAR/NIGHT CLUB,False,(null),(null),(null),25-44,M,WHITE HISPANIC,1006420,253169,40.861539,-73.919851,POINT (-73.919851 40.861539)
271693660,07/21/2023,17:25:00,BRONX,OUTSIDE,46,0,STREET,(null),False,(null),(null),(null),25-44,M,BLACK,1009358,247702,40.846527,-73.909249,POINT (-73.909249 40.846527)
268973601,05/28/2023,23:30:00,BRONX,OUTSIDE,40,2,HOUSING,MULTI DWELL - PUBLIC HOUS,False,<18,M,BLACK,18-24,M,BLACK HISPANIC,1004418,234736,40.81094883,-73.92714381,POINT (-73.92714381 40.81094883)
275101176,09/28/2023,00:50:00,QUEENS,OUTSIDE,103,0,DWELLING,MULTI DWELL - APT BUILD,False,(null),(null),(null),25-44,M,WHITE HISPANIC,1040337,196999,40.707218,-73.797703,POINT (-73.797703 40.707218)
268358704,05/16/2023,07:17:00,BROOKLYN,OUTSIDE,77,0,STREET,(null),False,18-24,M,BLACK,<18,M,BLACK,999970,184164,40.672153,-73.943328,POINT (-73.943328 40.672153)
276665994,10/29/2023,02:55:00,BRONX,OUTSIDE,47,0,STREET,(null),False,45-64,M,WHITE HISPANIC,25-44,M,BLACK HISPANIC,1025454,268214,40.902763,-73.850945,POINT (-73.850945 40.902763)
275535476,10/06/2023,01:36:00,BROOKLYN,OUTSIDE,73,0,STREET,(null),False,(null),(null),(null),25-44,M,BLACK,1005758,183428,40.67011806455698,-73.92246717181506,POINT (-73.92246717181506 40.67011806455698)
277957687,11/22/2023,20:08:00,BROOKLYN,OUTSIDE,70,0,DWELLING,MULTI DWELL - APT BUILD,False,25-44,M,BLACK,18-24,M,BLACK,996117,172731,40.640776,-73.957239,POINT (-73.957239 40.640776)
273699697,08/30/2023,21:00:00,BROOKLYN,OUTSIDE,90,2,HOUSING,MULTI DWELL - PUBLIC HOUS,False,18-24,M,BLACK,18-24,M,BLACK,994402,196047,40.704776,-73.963383,POINT (-73.963383 40.704776)
269121984,05/31/2023,09:29:00,BROOKLYN,OUTSIDE,71,0,COMMERCIAL,GROCERY/BODEGA,False,<18,M,BLACK,<18,F,BLACK,995864,183457,40.670218,-73.958132,POINT (-73.958132 40.670218)
279455045,12/23/2023,21:24:00,BRONX,OUTSIDE,47,0,(null),(null),False,(null),(null),(null),<18,M,BLACK,1027562,261069,40.883142,-73.843365,POINT (-73.843365 40.883142)
278627523,12/06/2023,16:24:00,MANHATTAN,INSIDE,34,0,COMMERCIAL,(null),False,25-44,M,BLACK,25-44,F,BLACK,1002447,249631,40.851836,-73.934221,POINT (-73.934221 40.851836)
277973676,11/23/2023,01:54:00,BROOKLYN,OUTSIDE,88,2,HOUSING,MULTI DWELL - PUBLIC HOUS,False,(null),(null),(null),25-44,M,BLACK,990846,192563,40.695217,-73.976211,POINT (-73.976211 40.695217)
272420120,08/04/2023,16:35:00,BROOKLYN,OUTSIDE,76,2,HOUSING,MULTI DWELL - PUBLIC HOUS,False,18-24,M,WHITE HISPANIC,65+,M,WHITE HISPANIC,982704,185232,40.675097,-74.005571,POINT (-74.005571 40.675097)
269968284,06/16/2023,16:48:00,BRONX,OUTSIDE,46,0,STREET,(null),False,18-24,F,WHITE HISPANIC,45-64,M,WHITE HISPANIC,1012479,252484,40.85964,-73.897947,POINT (-73.897947 40.85964)
276726281,10/30/2023,20:07:00,BROOKLYN,INSIDE,73,0,DWELLING,MULTI DWELL - APT BUILD,False,(null),(null),(null),25-44,M,BLACK,1007588,179461,40.659225,-73.915884,POINT (-73.915884 40.659225)
268973602,05/27/2023,21:25:00,BROOKLYN,INSIDE,75,0,DWELLING,MULTI DWELL - APT BUILD,False,18-24,M,BLACK HISPANIC,25-44,M,BLACK,1022965,182558,40.667673,-73.860441,POINT (-73.860441 40.667673)
270274907,06/22/2023,00:00:00,MANHATTAN,OUTSIDE,34,0,STREET,GROCERY/BODEGA,False,<18,M,BLACK HISPANIC,18-24,M,WHITE HISPANIC,1003778,250869,40.855233,-73.929406,POINT (-73.929406 40.855233)
268302279,05/15/2023,19:30:00,BROOKLYN,OUTSIDE,79,0,STREET,(null),False,(null),(null),(null),25-44,M,BLACK,999516,192804,40.695867,-73.944946,POINT (-73.944946 40.695867)
271021661,07/08/2023,11:27:00,QUEENS,OUTSIDE,102,0,STREET,BEAUTY/NAIL SALON,True,25-44,M,WHITE HISPANIC,25-44,M,WHITE HISPANIC,1028856,192785,40.695717,-73.839138,POINT (-73.839138 40.695717)
276870187,11/02/2023,03:51:00,BROOKLYN,OUTSIDE,77,0,STREET,(null),False,45-64,M,BLACK,25-44,F,BLACK,1002635,183650,40.670734440981285,-73.93372446674996,POINT (-73.93372446674996 40.670734440981285)
278865241,12/12/2023,07:25:00,BROOKLYN,OUTSIDE,69,0,DWELLING,PVT HOUSE,False,(null),(null),(null),25-44,F,BLACK,1013115,174380,40.645265,-73.895984,POINT (-73.895984 40.645265)
272238344,08/01/2023,15:45:00,BROOKLYN,OUTSIDE,73,0,STREET,(null),False,<18,M,BLACK,65+,M,BLACK,1009534,179224,40.658571,-73.90887,POINT (-73.90887 40.658571)
271021661,07/08/2023,11:27:00,QUEENS,OUTSIDE,102,0,STREET,BEAUTY/NAIL SALON,True,25-44,M,WHITE HISPANIC,45-64,M,WHITE HISPANIC,1028856,192785,40.695717,-73.839138,POINT (-73.839138 40.695717)
270085084,06/19/2023,00:45:00,QUEENS,OUTSIDE,100,0,STREET,(null),False,(null),(null),(null),25-44,M,BLACK,1034646,153480,40.587801,-73.818552,POINT (-73.818552 40.587801)
269129665,05/31/2023,21:54:00,BRONX,OUTSIDE,44,0,STREET,(null),True,18-24,M,WHITE HISPANIC,18-24,M,BLACK,1008787,243961,40.836258,-73.911326,POINT (-73.911326 40.836258)
271707737,07/21/2023,21:47:00,BRONX,OUTSIDE,42,0,STREET,(null),False,(null),(null),(null),25-44,M,BLACK,1009787,241618,40.82982408781768,-73.90772232109839,POINT (-73.90772232109839 40.82982408781768)
275966469,10/14/2023,07:00:00,MANHATTAN,OUTSIDE,25,0,STREET,(null),False,(null),(null),(null),25-44,M,BLACK,1002776,231994,40.80342640318387,-73.93308304969878,POINT (-73.93308304969878 40.80342640318387)
267492350,04/29/2023,14:25:00,BROOKLYN,OUTSIDE,78,0,STREET,(null),False,25-44,M,WHITE,25-44,M,BLACK,994465,178990,40.657958,-73.963183,POINT (-73.963183 40.657958)
275671887,10/09/2023,05:03:00,MANHATTAN,INSIDE,34,0,COMMERCIAL,BAR/NIGHT CLUB,False,(null),(null),(null),18-24,M,BLACK HISPANIC,1006513,253947,40.863675,-73.919511,POINT (-73.919511 40.863675)
267282250,04/26/2023,00:31:00,BROOKLYN,OUTSIDE,75,0,DWELLING,(null),True,25-44,M,BLACK,25-44,M,BLACK,1012193,182071,40.666377,-73.899274,POINT (-73.899274 40.666377)
272815861,08/12/2023,20:18:00,BRONX,OUTSIDE,46,0,STREET,(null),False,<18,M,BLACK HISPANIC,<18,M,BLACK,1010368,250580,40.854422,-73.905587,POINT (-73.905587 40.854422)
278915845,12/12/2023,05:00:00,QUEENS,OUTSIDE,113,0,STREET,(null),True,25-44,M,BLACK,25-44,M,BLACK,1051164,196680,40.70626487537533,-73.75865488504459,POINT (-73.75865488504459 40.70626487537533)
271818282,07/24/2023,02:40:00,BRONX,INSIDE,46,0,COMMERCIAL,BAR/NIGHT CLUB,True,25-44,M,WHITE HISPANIC,18-24,M,BLACK HISPANIC,1011329,249447,40.851308,-73.902116,POINT (-73.902116 40.851308)
279709792,12/29/2023,21:22:00,BROOKLYN,OUTSIDE,75,0,STREET,(null),False,25-44,M,BLACK,25-44,M,BLACK,1018514,178646,40.656953,-73.876507,POINT (-73.876507 40.656953)
278721173,12/08/2023,00:55:00,BROOKLYN,OUTSIDE,88,0,STREET,(null),False,(null),(null),(null),25-44,M,BLACK,993569,191897,40.693387,-73.966393,POINT (-73.966393 40.693387)
268973600,05/28/2023,20:45:00,BRONX,OUTSIDE,46,0,STREET,(null),False,25-44,M,BLACK,25-44,M,BLACK,1009724,250359,40.853817,-73.907917,POINT (-73.907917 40.853817)
279547333,12/26/2023,23:43:00,QUEENS,OUTSIDE,106,0,STREET,(null),False,(null),(null),(null),25-44,F,BLACK HISPANIC,1034904,190307,40.688883,-73.817347,POINT (-73.817347 40.688883)
277829336,11/20/2023,21:47:00,BROOKLYN,OUTSIDE,75,0,STREET,RESTAURANT/DINER,False,18-24,M,BLACK,18-24,M,BLACK,1020963,177900,40.654897,-73.867685,POINT (-73.867685 40.654897)
267492349,04/29/2023,21:49:00,BROOKLYN,OUTSIDE,66,0,STREET,(null),False,45-64,M,ASIAN / PACIFIC ISLANDER,25-44,M,ASIAN / PACIFIC ISLANDER,982070,170773,40.63541,-74.007852,POINT (-74.007852 40.63541)
270758366,07/03/2023,20:14:00,BRONX,OUTSIDE,44,0,STREET,(null),False,25-44,M,WHITE HISPANIC,25-44,M,BLACK,1005495,241185,40.828648,-73.92323,POINT (-73.92323 40.828648)
275218028,09/30/2023,17:12:00,BROOKLYN,OUTSIDE,79,2,HOUSING,(null),True,18-24,M,WHITE HISPANIC,25-44,M,BLACK,1000301,192923,40.696192,-73.942116,POINT (-73.942116 40.696192)
272365819,08/03/2023,19:29:00,BROOKLYN,INSIDE,67,0,COMMERCIAL,GROCERY/BODEGA,False,18-24,M,BLACK,18-24,M,BLACK,1005850,179669,40.659801,-73.922144,POINT (-73.922144 40.659801)
271818918,07/22/2023,01:06:00,MANHATTAN,OUTSIDE,23,2,HOUSING,MULTI DWELL - PUBLIC HOUS,False,25-44,M,BLACK,25-44,M,BLACK,999229,229689,40.797107,-73.945898,POINT (-73.945898 40.797107)
269632218,06/09/2023,21:12:00,BRONX,OUTSIDE,40,2,HOUSING,MULTI DWELL - PUBLIC HOUS,False,(null),(null),(null),65+,M,BLACK,1009877,237469,40.818437,-73.907411,POINT (-73.907411 40.818437)
268958473,05/28/2023,00:40:00,BROOKLYN,OUTSIDE,84,0,STREET,(null),False,(null),(null),(null),25-44,M,BLACK,988457,194516,40.70057721,-73.98482752,POINT (-73.98482752 40.70057721)
277770908,11/19/2023,01:21:00,BROOKLYN,OUTSIDE,69,0,COMMERCIAL,BAR/NIGHT CLUB,False,(null),(null),(null),18-24,M,BLACK HISPANIC,1010617,172975,40.641416,-73.90499,POINT (-73.90499 40.641416)
274396069,09/13/2023,19:02:00,BRONX,OUTSIDE,40,0,HOUSING,MULTI DWELL - PUBLIC HOUS,False,(null),(null),(null),25-44,F,BLACK,1005674,234940,40.811507,-73.922606,POINT (-73.922606 40.811507)
275671887,10/09/2023,05:03:00,MANHATTAN,INSIDE,34,0,COMMERCIAL,BAR/NIGHT CLUB,False,(null),(null),(null),25-44,M,BLACK HISPANIC,1006513,253947,40.863675,-73.919511,POINT (-73.919511 40.863675)
273010051,08/16/2023,11:09:00,QUEENS,OUTSIDE,103,0,STREET,(null),False,25-44,M,BLACK,45-64,M,WHITE HISPANIC,1037507,195007,40.701765633436125,-73.80792594429812,POINT (-73.80792594429812 40.701765633436125)
271650263,07/20/2023,23:07:00,BROOKLYN,OUTSIDE,67,0,STREET,(null),False,25-44,M,BLACK,18-24,M,BLACK,1005918,177340,40.653409,-73.92191,POINT (-73.92191 40.653409)
270997565,07/08/2023,04:10:00,QUEENS,OUTSIDE,114,0,STREET,(null),False,25-44,M,BLACK HISPANIC,25-44,M,BLACK HISPANIC,1010853,217604,40.763909,-73.903965,POINT (-73.903965 40.763909)
271753273,07/22/2023,22:30:00,BRONX,OUTSIDE,43,2,HOUSING,MULTI DWELL - PUBLIC HOUS,False,(null),(null),(null),25-44,M,BLACK,1020568,239896,40.825062,-73.868772,POINT (-73.868772 40.825062)
268973602,05/27/2023,21:25:00,BROOKLYN,INSIDE,75,0,DWELLING,MULTI DWELL - APT BUILD,False,18-24,M,BLACK HISPANIC,25-44,F,BLACK,1022965,182558,40.667673,-73.860441,POINT (-73.860441 40.667673)
268973602,05/27/2023,21:25:00,BROOKLYN,INSIDE,75,0,DWELLING,MULTI DWELL - APT BUILD,True,18-24,M,BLACK HISPANIC,25-44,M,BLACK,1022965,182558,40.667673,-73.860441,POINT (-73.860441 40.667673)
268295739,05/15/2023,23:18:00,BRONX,OUTSIDE,41,0,STREET,(null),False,(null),(null),(null),25-44,M,WHITE HISPANIC,1013069,237499,40.818509,-73.89588,POINT (-73.89588 40.818509)
277742138,11/18/2023,09:16:00,BRONX,OUTSIDE,48,0,PARKING LOT,(null),False,25-44,M,WHITE HISPANIC,18-24,M,WHITE HISPANIC,1014890,250840,40.855122,-73.889239,POINT (-73.889239 40.855122)
279472658,12/24/2023,17:40:00,MANHATTAN,INSIDE,26,2,HOUSING,MULTI DWELL - PUBLIC HOUS,True,18-24,M,BLACK,18-24,M,BLACK,997083,236928,40.81698,-73.953637,POINT (-73.953637 40.81698)
271052452,07/09/2023,23:19:00,BRONX,OUTSIDE,48,0,STREET,(null),False,<18,M,BLACK,18-24,M,BLACK,1015629,246174,40.842311,-73.886588,POINT (-73.886588 40.842311)
273532245,08/27/2023,17:00:00,BRONX,OUTSIDE,43,0,STREET,(null),False,18-24,M,BLACK,25-44,M,BLACK,1022816,238673,40.821694,-73.860656,POINT (-73.860656 40.821694)
267171825,04/24/2023,02:16:00,BROOKLYN,OUTSIDE,75,0,STREET,(null),True,(null),(null),(null),25-44,M,WHITE HISPANIC,1018908,187585,40.68148636,-73.87504224,POINT (-73.87504224 40.68148636)
271656067,07/20/2023,08:00:00,BROOKLYN,OUTSIDE,81,0,STREET,(null),True,45-64,M,BLACK,25-44,F,WHITE HISPANIC,1001463,190640,40.689924,-73.937928,POINT (-73.937928 40.689924)
276746689,10/31/2023,00:56:00,QUEENS,INSIDE,107,0,DWELLING,MULTI DWELL - APT BUILD,False,(null),(null),(null),45-64,M,WHITE HISPANIC,1037836,205450,40.73043,-73.806653,POINT (-73.806653 40.73043)
274464113,09/14/2023,19:41:00,BRONX,OUTSIDE,44,0,STREET,(null),False,(null),(null),(null),18-24,M,WHITE HISPANIC,1008051,247302,40.845429860487535,-73.91397516413855,POINT (-73.91397516413855 40.845429860487535)
274564571,09/17/2023,00:04:00,BROOKLYN,OUTSIDE,79,0,STREET,(null),False,(null),(null),(null),25-44,M,WHITE,998237,187027,40.680013,-73.949571,POINT (-73.949571 40.680013)
267492348,04/29/2023,17:41:00,MANHATTAN,OUTSIDE,18,0,STREET,(null),False,18-24,M,BLACK,25-44,M,BLACK,986744,216410,40.760674,-73.990996,POINT (-73.990996 40.760674)
273520490,08/26/2023,04:39:00,BROOKLYN,OUTSIDE,83,0,STREET,(null),False,18-24,M,BLACK HISPANIC,18-24,M,BLACK,1008744,194130,40.699486,-73.911662,POINT (-73.911662 40.699486)
279475600,12/24/2023,17:39:00,BROOKLYN,OUTSIDE,69,0,DWELLING,PVT HOUSE,False,(null),(null),(null),25-44,M,BLACK,1013544,169609,40.632167,-73.894457,POINT (-73.894457 40.632167)
269683819,06/11/2023,21:14:00,BRONX,OUTSIDE,42,0,STREET,(null),False,25-44,M,WHITE HISPANIC,25-44,M,WHITE HISPANIC,1016885,243883,40.83602,-73.88206,POINT (-73.88206 40.83602)
273520494,08/27/2023,02:36:00,QUEENS,OUTSIDE,114,2,HOUSING,MULTI DWELL - PUBLIC HOUS,False,(null),(null),(null),25-44,F,BLACK,1001780,216879,40.761942,-73.936717,POINT (-73.936717 40.761942)
268208976,05/13/2023,12:20:00,BROOKLYN,OUTSIDE,73,0,STREET,(null),False,25-44,F,BLACK,25-44,M,BLACK,1008676,178766,40.657315,-73.911963,POINT (-73.911963 40.657315)
270085088,06/19/2023,18:50:00,STATEN ISLAND,OUTSIDE,120,0,STREET,(null),False,18-24,M,BLACK,18-24,F,WHITE HISPANIC,962873,174172,,,
274517247,09/16/2023,00:40:00,BRONX,OUTSIDE,47,0,STREET,(null),False,(null),(null),(null),45-64,F,ASIAN / PACIFIC ISLANDER,1030191,262825,40.887949,-73.833845,POINT (-73.833845 40.887949)
270997565,07/08/2023,04:10:00,QUEENS,OUTSIDE,114,0,STREET,(null),False,25-44,M,BLACK HISPANIC,25-44,M,BLACK,1010853,217604,40.763909,-73.903965,POINT (-73.903965 40.763909)
278677814,12/07/2023,22:17:00,BROOKLYN,INSIDE,63,0,DWELLING,MULTI DWELL - APT BUILD,False,25-44,M,BLACK HISPANIC,25-44,M,BLACK,1000371,167386,40.626099,-73.941922,POINT (-73.941922 40.626099)
271171076,07/11/2023,22:25:00,BRONX,OUTSIDE,43,0,STREET,(null),True,18-24,M,BLACK HISPANIC,25-44,M,WHITE HISPANIC,1021042,241957,40.830717,-73.867048,POINT (-73.867048 40.830717)
269883580,06/15/2023,01:51:00,BROOKLYN,OUTSIDE,79,0,COMMERCIAL,BAR/NIGHT CLUB,False,45-64,M,BLACK,45-64,M,BLACK,999832,188070,40.682874,-73.943818,POINT (-73.943818 40.682874)
268302280,05/15/2023,13:19:00,BRONX,OUTSIDE,41,0,STREET,(null),False,18-24,M,WHITE HISPANIC,45-64,M,BLACK HISPANIC,1011588,237995,40.819877,-73.901226,POINT (-73.901226 40.819877)
270085088,06/19/2023,18:50:00,STATEN ISLAND,OUTSIDE,120,0,STREET,(null),False,<18,M,BLACK,18-24,M,BLACK HISPANIC,962873,174172,,,
277788398,11/19/2023,19:04:00,BRONX,OUTSIDE,46,0,STREET,(null),True,(null),(null),(null),25-44,M,BLACK,1009358,247702,40.846527,-73.909249,POINT (-73.909249 40.846527)
269007335,05/29/2023,22:40:00,BRONX,INSIDE,42,0,DWELLING,MULTI DWELL - APT BUILD,True,18-24,M,WHITE HISPANIC,25-44,M,BLACK,1011255,241480,40.829443,-73.902415,POINT (-73.902415 40.829443)
268233287,05/14/2023,05:15:00,QUEENS,OUTSIDE,110,0,STREET,(null),False,25-44,M,BLACK,25-44,M,WHITE HISPANIC,1015938,211309,40.746616,-73.885638,POINT (-73.885638 40.746616)
267115002,04/22/2023,20:48:00,BROOKLYN,OUTSIDE,71,0,STREET,(null),False,(null),(null),(null),18-24,M,BLACK,996148,181563,40.665018,-73.957111,POINT (-73.957111 40.665018)
272881671,08/14/2023,02:50:00,BROOKLYN,OUTSIDE,69,0,COMMERCIAL,GAS STATION,False,(null),(null),(null),25-44,M,BLACK,1010541,175595,,,
275824274,10/12/2023,03:13:00,MANHATTAN,OUTSIDE,24,0,STREET,(null),False,25-44,M,BLACK,25-44,M,BLACK,993448,226656,40.788792,-73.966781,POINT (-73.966781 40.788792)
269977928,06/16/2023,23:53:00,MANHATTAN,OUTSIDE,23,2,HOUSING,MULTI DWELL - PUBLIC HOUS,False,(null),(null),(null),25-44,M,BLACK,999192,230148,40.798369,-73.94603,POINT (-73.94603 40.798369)
271818282,07/24/2023,02:40:00,BRONX,INSIDE,46,0,COMMERCIAL,BAR/NIGHT CLUB,False,18-24,M,BLACK HISPANIC,18-24,M,BLACK HISPANIC,1011329,249447,40.851308,-73.902116,POINT (-73.902116 40.851308)
275659025,10/09/2023,13:06:00,QUEENS,OUTSIDE,113,0,STREET,PVT HOUSE,False,<18,M,BLACK,<18,M,BLACK,1041093,188900,40.684982,-73.795042,POINT (-73.795042 40.684982)
267683271,05/03/2023,13:54:00,BRONX,OUTSIDE,46,0,STREET,(null),False,45-64,M,WHITE HISPANIC,45-64,F,BLACK,1012618,253306,40.861898,-73.897441,POINT (-73.897441 40.861898)
271171077,07/11/2023,17:47:00,BRONX,OUTSIDE,52,0,STREET,(null),False,18-24,M,WHITE HISPANIC,<18,M,BLACK HISPANIC,1012759,254893,40.86625092849689,-73.8969265960367,POINT (-73.8969265960367 40.86625092849689)
279473159,12/24/2023,19:08:00,BRONX,INSIDE,48,0,DWELLING,MULTI DWELL - APT BUILD,False,(null),(null),(null),18-24,M,BLACK,1012987,248501,40.848709,-73.896129,POINT (-73.896129 40.848709)
275142941,09/29/2023,00:30:00,QUEENS,OUTSIDE,102,0,STREET,PVT HOUSE,False,45-64,M,BLACK,25-44,F,BLACK,1033435,193797,40.69847,-73.822618,POINT (-73.822618 40.69847)
268973603,05/27/2023,21:15:00,QUEENS,INSIDE,113,0,DWELLING,MULTI DWELL - APT BUILD,False,25-44,M,BLACK,18-24,F,BLACK,1052364,187814,40.681921,-73.754415,POINT (-73.754415 40.681921)
270373347,06/24/2023,19:45:00,BRONX,OUTSIDE,45,0,STREET,(null),False,18-24,M,BLACK,<18,M,BLACK HISPANIC,1026992,245049,40.83917467,-73.84553047,POINT (-73.84553047 40.83917467)
274317598,09/12/2023,17:00:00,BROOKLYN,OUTSIDE,81,0,HOUSING,MULTI DWELL - PUBLIC HOUS,False,(null),(null),(null),25-44,M,WHITE HISPANIC,1002397,189962,40.688061,-73.934564,POINT (-73.934564 40.688061)
277770906,11/19/2023,05:55:00,QUEENS,OUTSIDE,114,0,STREET,(null),False,(null),(null),(null),25-44,M,WHITE HISPANIC,1006000,214684,40.755909,-73.921492,POINT (-73.921492 40.755909)
276846958,11/01/2023,11:25:00,BROOKLYN,INSIDE,67,0,DWELLING,PVT HOUSE,True,(null),(null),(null),45-64,M,BLACK,1005499,179882,40.660387,-73.923411,POINT (-73.923411 40.660387)
275664651,10/09/2023,16:38:00,BROOKLYN,OUTSIDE,77,2,HOUSING,MULTI DWELL - PUBLIC HOUS,False,18-24,M,BLACK,18-24,M,BLACK,1001955,185002,40.674447,-73.936171,POINT (-73.936171 40.674447)
274317595,09/12/2023,17:03:00,BRONX,OUTSIDE,40,0,STREET,MULTI DWELL - APT BUILD,False,18-24,M,BLACK,<18,M,BLACK,1008027,233797,40.808365,-73.914108,POINT (-73.914108 40.808365)
279500313,12/26/2023,05:09:00,BROOKLYN,OUTSIDE,73,0,STREET,(null),False,(null),(null),(null),25-44,M,BLACK,1008749,179070,40.65815,-73.911701,POINT (-73.911701 40.65815)
271818920,07/24/2023,21:45:00,MANHATTAN,OUTSIDE,34,0,STREET,(null),False,25-44,M,ASIAN / PACIFIC ISLANDER,25-44,M,BLACK HISPANIC,1003257,255828,40.86884279179812,-73.93127811222519,POINT (-73.93127811222519 40.86884279179812)
279547333,12/26/2023,23:43:00,QUEENS,OUTSIDE,106,0,STREET,(null),True,(null),(null),(null),25-44,M,BLACK,1034904,190307,40.688883,-73.817347,POINT (-73.817347 40.688883)
275209618,09/29/2023,17:34:00,BRONX,OUTSIDE,43,0,STREET,(null),False,(null),(null),(null),25-44,M,BLACK,1021495,240896,40.82780079436677,-73.8654196515226,POINT (-73.8654196515226 40.82780079436677)
276112667,10/18/2023,02:49:00,MANHATTAN,OUTSIDE,19,0,STREET,BAR/NIGHT CLUB,False,25-44,M,BLACK,25-44,M,WHITE HISPANIC,996240,220201,40.77107,-73.95671,POINT (-73.95671 40.77107)
272366658,08/03/2023,23:46:00,BROOKLYN,OUTSIDE,75,0,STREET,(null),True,18-24,M,BLACK,18-24,M,BLACK,1016052,183937,40.671486,-73.885356,POINT (-73.885356 40.671486)
276733711,10/30/2023,20:16:00,BRONX,INSIDE,42,0,HOUSING,MULTI DWELL - PUBLIC HOUS,False,(null),(null),(null),<18,M,BLACK,1010069,244367,40.837369,-73.906691,POINT (-73.906691 40.837369)
275755199,10/11/2023,01:00:00,BROOKLYN,OUTSIDE,73,0,STREET,(null),False,(null),(null),(null),18-24,M,BLACK,1008054,187544,40.68140967577361,-73.91417593458634,POINT (-73.91417593458634 40.68140967577361)
277770905,11/18/2023,19:03:00,BROOKLYN,OUTSIDE,75,0,STREET,(null),False,(null),(null),(null),<18,F,BLACK,1015594,177988,40.655158,-73.887034,POINT (-73.887034 40.655158)
272418492,08/04/2023,19:42:00,BRONX,OUTSIDE,44,0,STREET,(null),False,25-44,M,BLACK,25-44,M,BLACK,1009486,243711,40.83557,-73.9088,POINT (-73.9088 40.83557)
270085088,06/19/2023,18:50:00,STATEN ISLAND,OUTSIDE,120,0,STREET,(null),False,<18,M,BLACK,18-24,F,WHITE HISPANIC,962873,174172,,,
275142941,09/29/2023,00:30:00,QUEENS,OUTSIDE,102,0,STREET,PVT HOUSE,False,45-64,M,BLACK,25-44,M,BLACK,1033435,193797,40.69847,-73.822618,POINT (-73.822618 40.69847)
272166517,07/31/2023,17:27:00,BRONX,OUTSIDE,47,0,COMMERCIAL,(null),False,45-64,M,BLACK,45-64,M,BLACK,1020997,257117,40.872327,-73.867127,POINT (-73.867127 40.872327)
279547333,12/26/2023,23:43:00,QUEENS,OUTSIDE,106,0,STREET,(null),True,(null),(null),(null),25-44,F,BLACK HISPANIC,1034904,190307,40.688883,-73.817347,POINT (-73.817347 40.688883)
269683819,06/11/2023,21:14:00,BRONX,OUTSIDE,42,0,STREET,(null),False,18-24,M,WHITE HISPANIC,25-44,M,WHITE HISPANIC,1016885,243883,40.83602,-73.88206,POINT (-73.88206 40.83602)
274317595,09/12/2023,17:03:00,BRONX,OUTSIDE,40,0,STREET,MULTI DWELL - APT BUILD,False,25-44,M,BLACK,<18,M,BLACK,1008027,233797,40.808365,-73.914108,POINT (-73.914108 40.808365)
267392714,04/27/2023,10:11:00,BRONX,OUTSIDE,44,0,STREET,(null),False,25-44,M,BLACK,25-44,M,BLACK,1006659,245559,40.84064947,-73.91901214,POINT (-73.91901214 40.84064947)
278677813,12/07/2023,19:46:00,QUEENS,OUTSIDE,113,0,STREET,(null),False,(null),(null),(null),18-24,M,WHITE HISPANIC,1053322,191122,40.690994,-73.750928,POINT (-73.750928 40.690994)
276665994,10/29/2023,02:55:00,BRONX,OUTSIDE,47,0,STREET,(null),False,25-44,M,BLACK,25-44,M,BLACK HISPANIC,1025454,268214,40.902763,-73.850945,POINT (-73.850945 40.902763)
278563371,12/05/2023,20:35:00,BROOKLYN,OUTSIDE,70,0,STREET,(null),False,18-24,M,BLACK,18-24,M,BLACK,996188,172233,40.639409,-73.956982,POINT (-73.956982 40.639409)
279547332,12/26/2023,23:31:00,BRONX,OUTSIDE,46,0,STREET,(null),False,45-64,M,WHITE HISPANIC,45-64,M,WHITE,1011035,250045,40.852951,-73.903178,POINT (-73.903178 40.852951)
275218028,09/30/2023,17:12:00,BROOKLYN,OUTSIDE,79,2,HOUSING,(null),False,18-24,M,WHITE HISPANIC,25-44,M,BLACK,1000301,192923,40.696192,-73.942116,POINT (-73.942116 40.696192)
268197444,05/12/2023,09:44:00,BROOKLYN,OUTSIDE,69,0,COMMERCIAL,(null),True,25-44,M,BLACK,25-44,M,BLACK,1006751,170702,40.635188,-73.918929,POINT (-73.918929 40.635188)
270274906,06/22/2023,13:07:00,STATEN ISLAND,OUTSIDE,120,2,HOUSING,MULTI DWELL - PUBLIC HOUS,False,18-24,M,BLACK,18-24,M,BLACK,951319,171305,40.63681,-74.11865,POINT (-74.11865 40.63681)
276921834,11/02/2023,22:30:00,QUEENS,OUTSIDE,101,0,STREET,(null),False,(null),(null),(null),25-44,M,BLACK,1053361,158350,40.601041,-73.751122,POINT (-73.751122 40.601041)
276800911,11/01/2023,03:58:00,MANHATTAN,OUTSIDE,28,0,TRANSIT,(null),False,(null),(null),(null),<18,M,BLACK,997407,233806,,,
272121089,07/30/2023,21:05:00,MANHATTAN,OUTSIDE,25,0,PLAYGROUND,(null),False,(null),(null),(null),<18,M,BLACK,1000341,232252,40.80414,-73.941877,POINT (-73.941877 40.80414)
