Race/ethnicity,Age group,Vaccination status,Count,Population,Percent population,Date updated
NH Asian or Pacific Islander,Unknown,Initiated,54,,,12/28/2022
NH Black,75+,Fully,"12,391","17,973",68.94,01/12/2023
White,25-34,Initiated,"213,093","255,549",83.39,01/18/2023
Multiple Races,25-34,Additional 1,"4,312","13,544",31.84,01/04/2023
NH Asian or Pacific Islander,5-9,Additional 1,"1,201","10,688",11.24,01/12/2023
NH Other Race,0-4,Additional 1,5,,,01/12/2023
NH American Indian or Alaska Native,0-4,Additional 1,0,308,0,02/01/2023
Hispanic,25-34,Additional 1,"24,604","96,563",25.48,01/18/2023
Multiple Races,All Ages,Additional 1,"48,575","94,575",51.36,02/01/2023
NH Asian or Pacific Islander,65-74,Additional 1,"6,359","10,300",61.74,01/04/2023
Unknown,Unknown,Fully,31,,,01/25/2023
NH Other Race,All Ages,Additional 1,"27,476",,,12/21/2022
NH American Indian or Alaska Native,45-54,Additional 1,293,816,35.91,12/14/2022
Hispanic,10-14,Fully,"33,223","55,874",59.46,01/18/2023
White,Unknown,Fully,368,,,02/01/2023
NH Other Race,65-74,Initiated,"8,776",,,01/18/2023
Multiple Races,35-44,Fully,"6,849","8,974",76.32,12/28/2022
NH Asian or Pacific Islander,0-4,Fully,906,"10,492",8.64,12/28/2022
Unknown,10-14,Additional 1,334,,,01/12/2023
Unknown,45-54,Fully,"9,787",,,01/04/2023
White,15-24,Additional 1,"105,912","277,567",38.16,01/18/2023
NH American Indian or Alaska Native,15-24,Fully,430,894,48.1,01/04/2023
Multiple Races,35-44,Fully,"6,920","8,974",77.11,01/18/2023
Multiple Races,35-44,Additional 1,"5,035","8,974",56.11,12/28/2022
NH American Indian or Alaska Native,55-64,Additional 1,306,988,30.97,12/28/2022
Hispanic,All Ages,Initiated,"482,566","623,293",77.42,12/14/2022
NH Asian or Pacific Islander,35-44,Fully,"23,940","29,921",80.01,01/18/2023
NH American Indian or Alaska Native,25-34,Additional 1,163,954,17.09,12/14/2022
NH American Indian or Alaska Native,25-34,Additional 1,161,954,16.88,01/12/2023
NH Black,55-64,Additional 1,"25,021","46,150",54.22,02/08/2023
White,All Ages,Initiated,"1,901,479","2,333,361",81.49,02/01/2023
Unknown,45-54,Initiated,"12,625",,,01/25/2023
NH American Indian or Alaska Native,55-64,Fully,595,988,60.22,01/04/2023
NH Other Race,75+,Initiated,"13,913",,,01/18/2023
Unknown,65-74,Additional 1,"1,849",,,01/04/2023
Hispanic,35-44,Additional 1,"31,674","92,979",34.07,01/18/2023
NH Asian or Pacific Islander,0-4,Initiated,"1,739","10,492",16.57,01/18/2023
Multiple Races,65-74,Additional 1,"7,444","3,321",100,12/21/2022
White,25-34,Fully,"192,352","255,549",75.27,12/21/2022
NH American Indian or Alaska Native,35-44,Fully,538,854,63,12/14/2022
Unknown,25-34,Fully,"11,283",,,01/12/2023
NH American Indian or Alaska Native,0-4,Fully,1,308,0.32,02/08/2023
Unknown,5-9,Fully,"1,921",,,01/25/2023
NH Black,15-24,Additional 1,"12,056","54,493",22.12,01/04/2023
NH American Indian or Alaska Native,15-24,Fully,432,894,48.32,02/01/2023
NH Black,55-64,Initiated,"39,547","46,150",85.69,12/21/2022
Unknown,0-4,Initiated,907,,,02/01/2023
NH Black,55-64,Initiated,"39,504","46,150",85.6,12/28/2022
White,25-34,Initiated,"213,085","255,549",83.38,12/28/2022
NH Asian or Pacific Islander,75+,Initiated,"4,872","6,561",74.26,02/01/2023
White,65-74,Additional 1,"220,865","299,320",73.79,01/12/2023
NH Asian or Pacific Islander,0-4,Initiated,"1,602","10,492",15.27,12/21/2022
White,5-9,Initiated,"55,851","99,755",55.99,02/08/2023
Hispanic,45-54,Initiated,"71,824","74,330",96.63,02/01/2023
Unknown,0-4,Additional 1,3,,,02/08/2023
Unknown,Unknown,Fully,31,,,01/18/2023
NH Asian or Pacific Islander,15-24,Additional 1,"12,437","24,365",51.04,01/18/2023
NH American Indian or Alaska Native,45-54,Additional 1,292,816,35.78,01/04/2023
Multiple Races,25-34,Initiated,"7,003","13,544",51.71,01/04/2023
NH Black,15-24,Additional 1,"12,043","54,493",22.1,12/28/2022
NH American Indian or Alaska Native,All Ages,Initiated,"4,167","6,864",60.71,02/08/2023
NH Black,15-24,Additional 1,"12,068","54,493",22.15,01/25/2023
White,10-14,Fully,"78,466","110,964",70.71,01/18/2023
NH Asian or Pacific Islander,65-74,Fully,"8,507","10,300",82.59,01/25/2023
NH Other Race,75+,Fully,"11,577",,,12/28/2022
Unknown,55-64,Fully,"9,544",,,01/25/2023
NH Asian or Pacific Islander,35-44,Fully,"23,944","29,921",80.02,12/21/2022
Unknown,35-44,Additional 1,"2,166",,,02/01/2023
NH Asian or Pacific Islander,5-9,Fully,"7,504","10,688",70.21,02/01/2023
NH American Indian or Alaska Native,45-54,Additional 1,292,816,35.78,01/25/2023
NH Black,65-74,Fully,"21,470","26,504",81.01,12/21/2022
NH Other Race,10-14,Fully,"2,407",,,12/14/2022
NH Other Race,55-64,Fully,"11,856",,,01/18/2023
NH American Indian or Alaska Native,All Ages,Fully,"3,421","6,864",49.84,02/08/2023
Multiple Races,45-54,Fully,"8,059","7,016",100,02/08/2023
White,0-4,Initiated,"16,096","88,459",18.2,02/08/2023
NH Black,35-44,Initiated,"36,374","50,328",72.27,12/28/2022
NH Other Race,35-44,Initiated,"17,382",,,01/04/2023
White,65-74,Initiated,"280,131","299,320",93.59,02/01/2023
White,55-64,Initiated,"350,659","395,874",88.58,01/12/2023
Multiple Races,55-64,Initiated,"10,461","6,053",100,02/08/2023
White,15-24,Fully,"200,217","277,567",72.13,12/28/2022
NH Other Race,0-4,Initiated,526,,,12/14/2022
NH Black,75+,Additional 1,"9,118","17,973",50.73,12/21/2022
Hispanic,0-4,Additional 1,8,"52,476",0.02,12/28/2022
NH American Indian or Alaska Native,45-54,Fully,611,816,74.88,01/25/2023
NH Black,55-64,Initiated,"39,465","46,150",85.51,01/12/2023
Unknown,5-9,Additional 1,176,,,01/04/2023
NH Other Race,55-64,Fully,"11,779",,,01/25/2023
Hispanic,55-64,Initiated,"54,290","52,033",100,12/21/2022
Multiple Races,75+,Additional 1,"5,096","1,840",100,02/08/2023
NH Other Race,10-14,Initiated,"3,035",,,12/14/2022
NH American Indian or Alaska Native,15-24,Initiated,571,894,63.87,01/12/2023
NH Asian or Pacific Islander,55-64,Additional 1,"10,828","17,017",63.63,01/12/2023
NH Asian or Pacific Islander,45-54,Additional 1,"14,734","24,441",60.28,01/12/2023
NH Other Race,10-14,Initiated,"2,920",,,01/25/2023
NH Black,25-34,Initiated,"36,857","58,868",62.61,12/28/2022
Hispanic,75+,Additional 1,"9,358","16,492",56.74,12/14/2022
NH American Indian or Alaska Native,15-24,Initiated,567,894,63.42,01/25/2023
White,45-54,Fully,"244,086","309,923",78.76,01/12/2023
NH Black,15-24,Fully,"32,740","54,493",60.08,01/18/2023
NH Other Race,65-74,Additional 1,"3,034",,,01/25/2023
NH Black,55-64,Initiated,"39,459","46,150",85.5,02/08/2023
White,45-54,Additional 1,"165,625","309,923",53.44,12/21/2022
Hispanic,35-44,Fully,"75,070","92,979",80.74,01/18/2023
NH Other Race,0-4,Initiated,541,,,01/04/2023
Unknown,65-74,Initiated,"7,097",,,01/25/2023
Multiple Races,15-24,Initiated,"12,811","21,623",59.25,01/04/2023
NH Black,0-4,Initiated,899,"21,076",4.27,12/14/2022
NH Asian or Pacific Islander,5-9,Fully,"7,443","10,688",69.64,12/21/2022
Multiple Races,45-54,Initiated,"8,216","7,016",100,02/08/2023
NH Other Race,Unknown,Initiated,9,,,01/12/2023
Multiple Races,25-34,Fully,"6,724","13,544",49.65,01/04/2023
NH American Indian or Alaska Native,15-24,Initiated,568,894,63.53,01/04/2023
Multiple Races,25-34,Fully,"6,708","13,544",49.53,12/28/2022
Unknown,75+,Initiated,"6,933",,,12/28/2022
NH American Indian or Alaska Native,All Ages,Additional 1,"1,484","6,864",21.62,12/28/2022
Unknown,55-64,Fully,"9,497",,,02/01/2023
White,15-24,Additional 1,"106,022","277,567",38.2,02/08/2023
NH Asian or Pacific Islander,55-64,Fully,"14,797","17,017",86.95,01/12/2023
Hispanic,45-54,Fully,"66,182","74,330",89.04,02/01/2023
NH American Indian or Alaska Native,35-44,Initiated,639,854,74.82,01/04/2023
NH Other Race,10-14,Initiated,"2,954",,,01/12/2023
White,55-64,Initiated,"350,769","395,874",88.61,02/08/2023
NH American Indian or Alaska Native,75+,Fully,220,430,51.16,01/18/2023
Unknown,15-24,Initiated,"10,849",,,02/08/2023
Multiple Races,10-14,Additional 1,"2,777","11,270",24.64,12/14/2022
NH Black,0-4,Initiated,990,"21,076",4.7,01/25/2023
Unknown,0-4,Additional 1,2,,,01/18/2023
NH Black,35-44,Fully,"33,574","50,328",66.71,02/08/2023
Unknown,15-24,Fully,"6,830",,,02/08/2023
White,0-4,Initiated,"15,949","88,459",18.03,01/25/2023
NH American Indian or Alaska Native,65-74,Initiated,414,591,70.05,12/28/2022
White,35-44,Fully,"194,828","254,425",76.58,01/18/2023
NH American Indian or Alaska Native,55-64,Fully,586,988,59.31,01/25/2023
NH Asian or Pacific Islander,10-14,Initiated,"9,566","10,677",89.59,12/21/2022
NH Asian or Pacific Islander,55-64,Additional 1,"10,806","17,017",63.5,12/21/2022
NH Other Race,15-24,Fully,"8,469",,,01/25/2023
Multiple Races,10-14,Fully,"6,887","11,270",61.11,01/25/2023
White,25-34,Initiated,"213,390","255,549",83.5,02/08/2023
NH American Indian or Alaska Native,0-4,Additional 1,0,308,0,02/08/2023
NH Other Race,All Ages,Additional 1,"27,194",,,01/18/2023
Hispanic,10-14,Additional 1,"7,750","55,874",13.87,01/18/2023
Unknown,10-14,Initiated,"3,007",,,01/12/2023
White,65-74,Fully,"266,942","299,320",89.18,01/12/2023
White,0-4,Additional 1,92,"88,459",0.1,12/28/2022
Hispanic,15-24,Fully,"74,216","103,109",71.98,02/08/2023
Unknown,75+,Additional 1,"1,472",,,01/04/2023
NH American Indian or Alaska Native,All Ages,Additional 1,"1,470","6,864",21.42,01/25/2023
Unknown,35-44,Fully,"10,680",,,02/01/2023
NH Black,35-44,Fully,"33,487","50,328",66.54,01/18/2023
White,75+,Initiated,"211,628","241,525",87.62,02/01/2023
NH Asian or Pacific Islander,0-4,Initiated,"1,643","10,492",15.66,12/28/2022
NH Other Race,Unknown,Additional 1,2,,,01/12/2023
NH Black,65-74,Additional 1,"16,055","26,504",60.58,02/01/2023
NH Other Race,25-34,Fully,"13,890",,,02/01/2023
NH Asian or Pacific Islander,Unknown,Initiated,55,,,01/04/2023
NH Black,45-54,Initiated,"38,322","49,547",77.34,12/21/2022
NH Other Race,Unknown,Fully,6,,,01/12/2023
White,25-34,Fully,"192,852","255,549",75.47,02/08/2023
Hispanic,Unknown,Additional 1,52,,,12/14/2022
Unknown,15-24,Fully,"6,873",,,02/01/2023
NH Asian or Pacific Islander,55-64,Fully,"14,795","17,017",86.94,12/14/2022
NH Other Race,45-54,Fully,"13,192",,,01/25/2023
Hispanic,55-64,Initiated,"54,073","52,033",100,01/12/2023
White,Unknown,Additional 1,216,,,01/12/2023
NH Asian or Pacific Islander,Unknown,Initiated,55,,,01/25/2023
White,35-44,Fully,"195,139","254,425",76.7,02/08/2023
White,65-74,Additional 1,"221,089","299,320",73.86,02/01/2023
Multiple Races,All Ages,Additional 1,"48,222","94,575",50.99,01/18/2023
Multiple Races,75+,Initiated,"5,715","1,840",100,01/12/2023
Hispanic,10-14,Additional 1,"7,718","55,874",13.81,12/28/2022
NH Asian or Pacific Islander,45-54,Initiated,"22,138","24,441",90.58,02/01/2023
NH Other Race,All Ages,Initiated,"101,667",,,02/08/2023
NH American Indian or Alaska Native,75+,Additional 1,135,430,31.4,01/25/2023
Unknown,75+,Additional 1,"1,481",,,12/28/2022
NH Black,10-14,Fully,"12,334","24,935",49.46,12/28/2022
NH Black,25-34,Fully,"32,960","58,868",55.99,12/28/2022
NH American Indian or Alaska Native,35-44,Initiated,630,854,73.77,01/25/2023
Multiple Races,65-74,Initiated,"8,484","3,321",100,01/12/2023
NH Black,65-74,Additional 1,"16,041","26,504",60.52,01/12/2023
NH Other Race,15-24,Additional 1,"1,933",,,01/12/2023
NH Other Race,5-9,Additional 1,175,,,01/04/2023
NH American Indian or Alaska Native,All Ages,Fully,"3,469","6,864",50.54,12/28/2022
NH American Indian or Alaska Native,10-14,Initiated,178,403,44.17,12/21/2022
Unknown,0-4,Fully,493,,,12/21/2022
NH Other Race,65-74,Additional 1,"3,001",,,02/08/2023
White,Unknown,Initiated,401,,,01/25/2023
NH Other Race,75+,Fully,"11,478",,,01/18/2023
White,Unknown,Fully,364,,,01/12/2023
NH American Indian or Alaska Native,65-74,Initiated,408,591,69.04,01/18/2023
NH Black,65-74,Additional 1,"16,044","26,504",60.53,01/18/2023
NH American Indian or Alaska Native,15-24,Additional 1,151,894,16.89,01/12/2023
NH American Indian or Alaska Native,10-14,Fully,148,403,36.72,12/14/2022
Multiple Races,5-9,Initiated,"4,333","10,675",40.59,02/08/2023
NH Asian or Pacific Islander,65-74,Additional 1,"6,365","10,300",61.8,02/01/2023
NH Other Race,15-24,Fully,"8,521",,,01/04/2023
Multiple Races,75+,Additional 1,"4,971","1,840",100,12/21/2022
NH Asian or Pacific Islander,10-14,Additional 1,"3,386","10,677",31.71,12/21/2022
White,55-64,Initiated,"350,881","395,874",88.63,12/21/2022
Multiple Races,15-24,Fully,"12,243","21,623",56.62,01/25/2023
NH American Indian or Alaska Native,65-74,Additional 1,195,591,32.99,01/04/2023
NH Black,All Ages,Initiated,"245,968","373,005",65.94,02/01/2023
Multiple Races,All Ages,Fully,"69,728","94,575",73.73,01/12/2023
Hispanic,All Ages,Fully,"428,329","623,293",68.72,01/04/2023
White,25-34,Additional 1,"104,868","255,549",41.04,01/18/2023
Hispanic,65-74,Fully,"25,287","27,234",92.85,01/12/2023
NH Black,All Ages,Additional 1,"115,539","373,005",30.98,01/12/2023
NH Asian or Pacific Islander,All Ages,Fully,"133,472","174,846",76.34,02/01/2023
NH Black,65-74,Fully,"21,451","26,504",80.93,01/18/2023
NH American Indian or Alaska Native,5-9,Fully,98,626,15.65,01/04/2023
NH Black,5-9,Additional 1,634,"23,131",2.74,02/08/2023
White,35-44,Additional 1,"121,872","254,425",47.9,12/28/2022
Hispanic,35-44,Initiated,"83,556","92,979",89.87,12/21/2022
NH American Indian or Alaska Native,All Ages,Additional 1,"1,469","6,864",21.4,02/08/2023
Hispanic,5-9,Fully,"17,747","52,203",34,12/14/2022
NH Asian or Pacific Islander,45-54,Fully,"20,502","24,441",83.88,12/14/2022
NH Asian or Pacific Islander,5-9,Initiated,"8,132","10,688",76.09,12/14/2022
NH Black,Unknown,Additional 1,14,,,12/14/2022
Multiple Races,25-34,Initiated,"7,041","13,544",51.99,01/18/2023
NH Other Race,10-14,Fully,"2,360",,,01/12/2023
Hispanic,65-74,Fully,"25,291","27,234",92.87,12/21/2022
NH American Indian or Alaska Native,65-74,Additional 1,195,591,32.99,01/25/2023
NH Black,55-64,Additional 1,"24,990","46,150",54.15,01/18/2023
NH Other Race,5-9,Initiated,"1,815",,,01/18/2023
NH Asian or Pacific Islander,75+,Additional 1,"3,169","6,561",48.3,02/01/2023
NH Asian or Pacific Islander,0-4,Fully,970,"10,492",9.25,02/08/2023
NH Asian or Pacific Islander,5-9,Additional 1,"1,208","10,688",11.3,02/01/2023
Unknown,10-14,Initiated,"3,006",,,01/18/2023
NH American Indian or Alaska Native,65-74,Initiated,412,591,69.71,01/04/2023
Hispanic,10-14,Fully,"33,134","55,874",59.3,12/28/2022
NH Black,Unknown,Additional 1,16,,,12/21/2022
Hispanic,65-74,Initiated,"27,722","27,234",100,02/01/2023
Unknown,5-9,Additional 1,176,,,02/01/2023
White,55-64,Fully,"335,581","395,874",84.77,01/12/2023
Hispanic,0-4,Additional 1,11,"52,476",0.02,01/25/2023
Multiple Races,65-74,Fully,"8,247","3,321",100,12/28/2022
NH Other Race,0-4,Fully,285,,,02/01/2023
NH American Indian or Alaska Native,25-34,Fully,497,954,52.1,01/04/2023
White,10-14,Fully,"78,483","110,964",70.73,01/25/2023
NH Black,Unknown,Additional 1,16,,,02/01/2023
Hispanic,35-44,Fully,"75,048","92,979",80.72,01/12/2023
NH American Indian or Alaska Native,45-54,Initiated,697,816,85.42,01/04/2023
NH American Indian or Alaska Native,75+,Fully,218,430,50.7,01/25/2023
Multiple Races,10-14,Initiated,"7,155","11,270",63.49,01/25/2023
Multiple Races,5-9,Additional 1,847,"10,675",7.93,12/21/2022
Hispanic,55-64,Initiated,"53,990","52,033",100,02/08/2023
Multiple Races,65-74,Fully,"8,450","3,321",100,02/08/2023
NH Asian or Pacific Islander,0-4,Additional 1,10,"10,492",0.1,02/08/2023
NH American Indian or Alaska Native,10-14,Initiated,176,403,43.67,01/04/2023
Multiple Races,All Ages,Additional 1,"48,776","94,575",51.57,02/08/2023
Multiple Races,55-64,Additional 1,"8,623","6,053",100,12/28/2022
Unknown,All Ages,Fully,"62,883",,,01/04/2023
White,45-54,Initiated,"256,673","309,923",82.82,02/01/2023
Hispanic,All Ages,Fully,"429,145","623,293",68.85,02/01/2023
NH Black,15-24,Initiated,"37,257","54,493",68.37,01/25/2023
NH Black,45-54,Additional 1,"20,851","49,547",42.08,01/18/2023
Multiple Races,Unknown,Fully,27,,,01/12/2023
NH Black,55-64,Initiated,"39,466","46,150",85.52,01/18/2023
NH Asian or Pacific Islander,All Ages,Additional 1,"81,653","174,846",46.7,02/01/2023
NH Asian or Pacific Islander,5-9,Additional 1,"1,195","10,688",11.18,12/21/2022
Multiple Races,65-74,Additional 1,"7,560","3,321",100,01/18/2023
NH American Indian or Alaska Native,5-9,Fully,98,626,15.65,12/28/2022
White,55-64,Additional 1,"250,897","395,874",63.38,12/21/2022
NH American Indian or Alaska Native,45-54,Fully,615,816,75.37,01/04/2023
Hispanic,25-34,Initiated,"81,272","96,563",84.16,02/08/2023
NH Other Race,0-4,Additional 1,5,,,02/01/2023
White,45-54,Additional 1,"165,934","309,923",53.54,01/18/2023
Hispanic,55-64,Additional 1,"31,425","52,033",60.39,02/08/2023
Unknown,45-54,Initiated,"12,711",,,01/12/2023
NH Black,45-54,Initiated,"38,280","49,547",77.26,12/28/2022
NH American Indian or Alaska Native,0-4,Additional 1,0,308,0,12/14/2022
White,15-24,Initiated,"224,648","277,567",80.93,12/28/2022
Hispanic,5-9,Additional 1,"1,879","52,203",3.6,12/14/2022
Multiple Races,10-14,Fully,"6,762","11,270",60,12/14/2022
Hispanic,Unknown,Fully,106,,,01/04/2023
NH Black,All Ages,Fully,"225,639","373,005",60.49,02/01/2023
Hispanic,0-4,Additional 1,12,"52,476",0.02,02/08/2023
NH Other Race,Unknown,Initiated,9,,,12/28/2022
White,15-24,Fully,"200,213","277,567",72.13,12/21/2022
NH Asian or Pacific Islander,55-64,Initiated,"16,305","17,017",95.82,01/12/2023
White,0-4,Fully,"11,268","88,459",12.74,02/08/2023
NH Asian or Pacific Islander,All Ages,Initiated,"151,040","174,846",86.38,02/01/2023
Unknown,75+,Initiated,"6,855",,,01/04/2023
White,10-14,Fully,"78,513","110,964",70.76,02/08/2023
NH American Indian or Alaska Native,25-34,Additional 1,161,954,16.88,02/01/2023
Multiple Races,Unknown,Additional 1,16,,,01/12/2023
Hispanic,0-4,Initiated,"3,911","52,476",7.45,02/08/2023
NH Asian or Pacific Islander,75+,Fully,"4,316","6,561",65.78,01/25/2023
Unknown,65-74,Additional 1,"1,812",,,01/25/2023
Unknown,75+,Additional 1,"1,439",,,01/25/2023
White,Unknown,Initiated,403,,,02/01/2023
Multiple Races,10-14,Fully,"6,808","11,270",60.41,12/28/2022
NH American Indian or Alaska Native,25-34,Fully,499,954,52.31,12/14/2022
Hispanic,All Ages,Additional 1,"185,545","623,293",29.77,01/25/2023
Unknown,Unknown,Initiated,44,,,01/25/2023
Hispanic,5-9,Additional 1,"1,897","52,203",3.63,01/12/2023
NH Black,25-34,Additional 1,"13,050","58,868",22.17,12/28/2022
NH Other Race,All Ages,Fully,"83,097",,,02/08/2023
White,Unknown,Fully,366,,,01/25/2023
NH American Indian or Alaska Native,5-9,Initiated,117,626,18.69,01/25/2023
White,75+,Additional 1,"161,925","241,525",67.04,01/12/2023
NH Asian or Pacific Islander,10-14,Initiated,"9,572","10,677",89.65,12/28/2022
Unknown,0-4,Additional 1,3,,,12/21/2022
NH American Indian or Alaska Native,0-4,Fully,1,308,0.32,02/01/2023
NH Black,10-14,Initiated,"13,738","24,935",55.1,01/25/2023
NH American Indian or Alaska Native,75+,Initiated,272,430,63.26,01/25/2023
Hispanic,25-34,Additional 1,"24,619","96,563",25.5,02/08/2023
NH Other Race,25-34,Initiated,"17,484",,,01/04/2023
Multiple Races,35-44,Additional 1,"5,117","8,974",57.02,01/25/2023
Multiple Races,15-24,Initiated,"12,910","21,623",59.7,01/25/2023
Hispanic,Unknown,Additional 1,54,,,01/04/2023
Multiple Races,15-24,Additional 1,"7,354","21,623",34.01,01/04/2023
NH Asian or Pacific Islander,65-74,Fully,"8,514","10,300",82.66,01/04/2023
NH Other Race,25-34,Additional 1,"3,411",,,01/04/2023
NH Other Race,65-74,Additional 1,"3,107",,,12/28/2022
Multiple Races,75+,Additional 1,"5,040","1,840",100,01/12/2023
White,55-64,Additional 1,"251,568","395,874",63.55,02/08/2023
NH Other Race,Unknown,Additional 1,2,,,12/28/2022
NH Black,All Ages,Fully,"225,039","373,005",60.33,12/14/2022
NH Asian or Pacific Islander,5-9,Fully,"7,431","10,688",69.53,12/14/2022
NH Asian or Pacific Islander,35-44,Additional 1,"16,094","29,921",53.79,02/08/2023
NH American Indian or Alaska Native,35-44,Additional 1,194,854,22.72,02/01/2023
Unknown,15-24,Initiated,"10,910",,,02/01/2023
NH Other Race,65-74,Fully,"7,058",,,12/28/2022
Multiple Races,5-9,Additional 1,864,"10,675",8.09,01/18/2023
NH Black,25-34,Fully,"33,007","58,868",56.07,01/25/2023
NH Asian or Pacific Islander,5-9,Initiated,"8,185","10,688",76.58,02/01/2023
NH American Indian or Alaska Native,10-14,Fully,148,403,36.72,12/21/2022
NH Asian or Pacific Islander,25-34,Fully,"23,073","30,384",75.94,01/12/2023
White,65-74,Additional 1,"220,624","299,320",73.71,12/21/2022
Multiple Races,All Ages,Additional 1,"47,531","94,575",50.26,12/21/2022
NH Black,45-54,Fully,"35,883","49,547",72.42,12/28/2022
Hispanic,Unknown,Initiated,131,,,01/04/2023
Hispanic,All Ages,Fully,"428,976","623,293",68.82,01/25/2023
NH Black,5-9,Additional 1,628,"23,131",2.71,12/21/2022
NH Other Race,75+,Additional 1,"4,658",,,01/18/2023
Unknown,35-44,Initiated,"14,411",,,01/04/2023
Unknown,25-34,Initiated,"15,974",,,01/12/2023
Unknown,75+,Fully,"4,346",,,01/25/2023
NH Black,0-4,Additional 1,1,"21,076",0,01/04/2023
White,65-74,Initiated,"280,123","299,320",93.59,01/04/2023
Hispanic,5-9,Additional 1,"1,911","52,203",3.66,02/08/2023
NH Black,55-64,Fully,"37,365","46,150",80.96,12/21/2022
Hispanic,5-9,Fully,"17,969","52,203",34.42,02/01/2023
Unknown,All Ages,Initiated,"88,151",,,12/28/2022
NH Black,0-4,Additional 1,1,"21,076",0,12/14/2022
NH Other Race,10-14,Fully,"2,330",,,01/25/2023
Hispanic,25-34,Additional 1,"24,338","96,563",25.2,12/21/2022
Unknown,Unknown,Additional 1,16,,,01/25/2023
Hispanic,45-54,Additional 1,"35,193","74,330",47.35,12/21/2022
Unknown,25-34,Fully,"11,404",,,12/21/2022
Hispanic,25-34,Fully,"71,346","96,563",73.89,02/08/2023
NH Asian or Pacific Islander,45-54,Additional 1,"14,732","24,441",60.28,02/01/2023
NH Other Race,25-34,Initiated,"17,373",,,01/25/2023
NH Other Race,55-64,Additional 1,"4,705",,,01/04/2023
NH Black,0-4,Additional 1,1,"21,076",0,01/25/2023
Hispanic,15-24,Fully,"73,961","103,109",71.73,12/28/2022
NH Asian or Pacific Islander,35-44,Initiated,"26,398","29,921",88.23,12/21/2022
NH Black,25-34,Additional 1,"13,072","58,868",22.21,01/18/2023
NH Black,5-9,Fully,"6,194","23,131",26.78,12/21/2022
Unknown,15-24,Fully,"6,931",,,01/12/2023
Unknown,25-34,Fully,"11,006",,,02/08/2023
Unknown,65-74,Fully,"5,072",,,02/01/2023
NH Black,5-9,Fully,"6,209","23,131",26.84,12/28/2022
NH Asian or Pacific Islander,75+,Initiated,"4,870","6,561",74.23,01/25/2023
NH Asian or Pacific Islander,35-44,Initiated,"26,331","29,921",88,02/01/2023
NH Asian or Pacific Islander,25-34,Additional 1,"13,354","30,384",43.95,01/12/2023
White,5-9,Fully,"51,736","99,755",51.86,01/12/2023
Unknown,All Ages,Initiated,"86,951",,,01/18/2023
NH Asian or Pacific Islander,10-14,Additional 1,"3,401","10,677",31.85,02/08/2023
NH Asian or Pacific Islander,55-64,Initiated,"16,314","17,017",95.87,01/04/2023
NH Other Race,0-4,Initiated,553,,,01/12/2023
Multiple Races,Unknown,Additional 1,14,,,12/21/2022
NH Other Race,5-9,Initiated,"1,784",,,02/08/2023
Multiple Races,0-4,Fully,"1,082","10,259",10.55,02/01/2023
NH American Indian or Alaska Native,0-4,Initiated,6,308,1.95,01/12/2023
NH Asian or Pacific Islander,10-14,Fully,"8,993","10,677",84.23,02/08/2023
Hispanic,45-54,Additional 1,"35,464","74,330",47.71,01/18/2023
NH American Indian or Alaska Native,75+,Initiated,270,430,62.79,02/08/2023
NH American Indian or Alaska Native,All Ages,Additional 1,"1,475","6,864",21.49,01/18/2023
NH American Indian or Alaska Native,All Ages,Fully,"3,434","6,864",50.03,01/25/2023
White,All Ages,Initiated,"1,900,320","2,333,361",81.44,01/04/2023
White,0-4,Initiated,"15,854","88,459",17.92,01/18/2023
NH Black,Unknown,Initiated,34,,,02/01/2023
NH American Indian or Alaska Native,10-14,Additional 1,30,403,7.44,01/04/2023
White,45-54,Additional 1,"166,175","309,923",53.62,02/08/2023
NH Asian or Pacific Islander,15-24,Additional 1,"12,425","24,365",51,12/28/2022
NH American Indian or Alaska Native,65-74,Fully,332,591,56.18,01/04/2023
NH American Indian or Alaska Native,0-4,Additional 1,0,308,0,12/21/2022
Multiple Races,25-34,Additional 1,"4,349","13,544",32.11,01/25/2023
Multiple Races,55-64,Additional 1,"8,701","6,053",100,01/18/2023
Unknown,Unknown,Additional 1,16,,,01/18/2023
NH Black,35-44,Initiated,"36,388","50,328",72.3,01/18/2023
NH American Indian or Alaska Native,25-34,Initiated,631,954,66.14,12/14/2022
NH American Indian or Alaska Native,15-24,Additional 1,149,894,16.67,12/21/2022
NH Asian or Pacific Islander,Unknown,Fully,54,,,01/04/2023
NH Other Race,55-64,Additional 1,"4,715",,,12/28/2022
Multiple Races,All Ages,Initiated,"71,743","94,575",75.86,12/21/2022
NH Asian or Pacific Islander,5-9,Fully,"7,461","10,688",69.81,01/04/2023
NH Black,75+,Additional 1,"9,143","17,973",50.87,02/01/2023
NH Asian or Pacific Islander,15-24,Initiated,"25,124","24,365",100,01/12/2023
Multiple Races,All Ages,Initiated,"72,561","94,575",76.72,01/12/2023
Multiple Races,45-54,Additional 1,"6,292","7,016",89.68,12/28/2022
NH Asian or Pacific Islander,Unknown,Fully,54,,,01/25/2023
White,55-64,Additional 1,"251,158","395,874",63.44,01/12/2023
NH Black,75+,Additional 1,"9,130","17,973",50.8,01/18/2023
NH Other Race,65-74,Fully,"6,837",,,02/08/2023
Unknown,0-4,Additional 1,2,,,01/12/2023
NH Black,55-64,Fully,"37,361","46,150",80.96,12/28/2022
NH Other Race,45-54,Initiated,"15,360",,,01/25/2023
NH Asian or Pacific Islander,35-44,Additional 1,"16,076","29,921",53.73,01/12/2023
Hispanic,All Ages,Initiated,"480,873","623,293",77.15,01/04/2023
NH Asian or Pacific Islander,5-9,Additional 1,"1,198","10,688",11.21,01/04/2023
Multiple Races,45-54,Additional 1,"6,371","7,016",90.81,01/18/2023
NH Asian or Pacific Islander,25-34,Additional 1,"13,311","30,384",43.81,12/21/2022
NH American Indian or Alaska Native,55-64,Fully,595,988,60.22,12/14/2022
NH Asian or Pacific Islander,65-74,Initiated,"9,639","10,300",93.58,01/25/2023
White,75+,Fully,"199,856","241,525",82.75,01/04/2023
Hispanic,All Ages,Initiated,"480,888","623,293",77.15,01/12/2023
NH Black,All Ages,Additional 1,"115,155","373,005",30.87,12/21/2022
NH Asian or Pacific Islander,35-44,Fully,"23,947","29,921",80.03,02/01/2023
NH Other Race,65-74,Initiated,"8,700",,,01/25/2023
White,75+,Fully,"200,096","241,525",82.85,02/01/2023
NH Other Race,75+,Fully,"11,616",,,12/21/2022
Unknown,All Ages,Additional 1,"14,745",,,12/28/2022
NH Other Race,5-9,Fully,"1,443",,,01/25/2023
NH Asian or Pacific Islander,All Ages,Initiated,"151,038","174,846",86.38,01/25/2023
NH Asian or Pacific Islander,75+,Additional 1,"3,151","6,561",48.03,12/14/2022
Multiple Races,0-4,Additional 1,9,"10,259",0.09,02/01/2023
Multiple Races,15-24,Fully,"12,123","21,623",56.07,12/28/2022
Multiple Races,75+,Fully,"5,495","1,840",100,12/21/2022
NH Black,65-74,Initiated,"22,502","26,504",84.9,01/12/2023
NH Black,45-54,Fully,"35,953","49,547",72.56,02/08/2023
NH Other Race,25-34,Initiated,"17,328",,,02/01/2023
NH Asian or Pacific Islander,All Ages,Additional 1,"81,247","174,846",46.47,12/14/2022
Hispanic,5-9,Additional 1,"1,909","52,203",3.66,02/01/2023
NH American Indian or Alaska Native,15-24,Additional 1,151,894,16.89,02/01/2023
Unknown,45-54,Initiated,"12,556",,,02/01/2023
Hispanic,65-74,Initiated,"27,800","27,234",100,01/04/2023
Hispanic,25-34,Initiated,"81,331","96,563",84.23,12/21/2022
NH American Indian or Alaska Native,10-14,Fully,145,403,35.98,02/01/2023
Multiple Races,55-64,Fully,"10,055","6,053",100,12/28/2022
Hispanic,55-64,Initiated,"54,390","52,033",100,12/14/2022
Unknown,0-4,Initiated,868,,,12/21/2022
Hispanic,75+,Fully,"13,942","16,492",84.54,12/14/2022
Hispanic,55-64,Additional 1,"31,179","52,033",59.92,12/21/2022
NH Other Race,15-24,Additional 1,"1,931",,,02/01/2023
Multiple Races,25-34,Fully,"6,779","13,544",50.05,01/25/2023
Unknown,35-44,Initiated,"14,312",,,01/12/2023
NH Asian or Pacific Islander,All Ages,Initiated,"150,970","174,846",86.34,01/04/2023
NH Asian or Pacific Islander,15-24,Initiated,"25,123","24,365",100,01/18/2023
White,55-64,Additional 1,"251,477","395,874",63.52,02/01/2023
White,0-4,Additional 1,99,"88,459",0.11,01/18/2023
White,35-44,Initiated,"209,555","254,425",82.36,12/28/2022
Unknown,10-14,Initiated,"2,932",,,02/08/2023
NH Black,Unknown,Initiated,35,,,01/04/2023
NH American Indian or Alaska Native,5-9,Initiated,118,626,18.85,12/28/2022
White,55-64,Fully,"335,772","395,874",84.82,02/01/2023
NH Other Race,45-54,Fully,"13,517",,,12/14/2022
NH Asian or Pacific Islander,25-34,Fully,"23,085","30,384",75.98,02/01/2023
NH American Indian or Alaska Native,75+,Additional 1,140,430,32.56,12/28/2022
NH Asian or Pacific Islander,All Ages,Initiated,"151,149","174,846",86.45,12/14/2022
NH Asian or Pacific Islander,55-64,Additional 1,"10,828","17,017",63.63,02/08/2023
Multiple Races,55-64,Fully,"10,014","6,053",100,12/21/2022
NH Black,75+,Fully,"12,402","17,973",69,12/21/2022
Multiple Races,65-74,Initiated,"8,504","3,321",100,01/18/2023
Unknown,All Ages,Fully,"62,195",,,01/25/2023
White,5-9,Fully,"51,873","99,755",52,02/08/2023
Hispanic,75+,Initiated,"15,354","16,492",93.1,02/01/2023
NH Other Race,15-24,Fully,"8,448",,,02/01/2023
Hispanic,Unknown,Fully,110,,,01/25/2023
NH Other Race,5-9,Additional 1,176,,,01/18/2023
Hispanic,35-44,Additional 1,"31,728","92,979",34.12,02/08/2023
Hispanic,10-14,Fully,"33,391","55,874",59.76,02/08/2023
Hispanic,35-44,Fully,"75,003","92,979",80.67,12/28/2022
NH American Indian or Alaska Native,35-44,Initiated,650,854,76.11,12/14/2022
Unknown,55-64,Additional 1,"2,785",,,01/04/2023
White,All Ages,Fully,"1,777,085","2,333,361",76.16,02/01/2023
Unknown,45-54,Initiated,"12,812",,,01/04/2023
NH Other Race,Unknown,Initiated,9,,,02/08/2023
Hispanic,Unknown,Additional 1,56,,,01/25/2023
NH Black,55-64,Additional 1,"24,919","46,150",54,12/21/2022
NH Other Race,15-24,Initiated,"11,654",,,12/14/2022
Hispanic,45-54,Fully,"66,174","74,330",89.03,12/21/2022
NH Asian or Pacific Islander,5-9,Initiated,"8,134","10,688",76.1,12/21/2022
Unknown,75+,Fully,"4,434",,,12/28/2022
NH American Indian or Alaska Native,10-14,Initiated,171,403,42.43,02/01/2023
NH Black,0-4,Fully,432,"21,076",2.05,01/04/2023
NH Black,5-9,Fully,"6,231","23,131",26.94,01/12/2023
NH Other Race,10-14,Initiated,"2,890",,,02/01/2023
NH Other Race,0-4,Additional 1,5,,,01/04/2023
White,45-54,Fully,"244,268","309,923",78.82,02/01/2023
Unknown,45-54,Fully,"9,734",,,01/12/2023
Multiple Races,45-54,Initiated,"8,102","7,016",100,01/18/2023
NH Other Race,0-4,Additional 1,5,,,12/14/2022
Hispanic,5-9,Fully,"18,026","52,203",34.53,02/08/2023
Unknown,10-14,Fully,"2,215",,,01/12/2023
NH American Indian or Alaska Native,10-14,Additional 1,30,403,7.44,02/01/2023
White,All Ages,Fully,"1,775,511","2,333,361",76.09,01/12/2023
NH Black,10-14,Initiated,"13,702","24,935",54.95,01/04/2023
Unknown,10-14,Initiated,"2,956",,,02/01/2023
NH Asian or Pacific Islander,75+,Additional 1,"3,160","6,561",48.16,01/12/2023
Hispanic,35-44,Initiated,"83,293","92,979",89.58,01/18/2023
Hispanic,45-54,Additional 1,"35,446","74,330",47.69,01/12/2023
Hispanic,55-64,Fully,"50,066","52,033",96.22,01/12/2023
Unknown,55-64,Initiated,"12,701",,,01/04/2023
NH Other Race,35-44,Additional 1,"4,252",,,01/04/2023
White,35-44,Fully,"194,701","254,425",76.53,12/28/2022
Unknown,10-14,Fully,"2,214",,,01/18/2023
NH American Indian or Alaska Native,75+,Fully,216,430,50.23,02/08/2023
Unknown,All Ages,Initiated,"86,552",,,01/25/2023
Hispanic,65-74,Initiated,"27,901","27,234",100,12/14/2022
NH American Indian or Alaska Native,10-14,Fully,148,403,36.72,01/12/2023
Multiple Races,All Ages,Initiated,"72,769","94,575",76.94,01/18/2023
NH Other Race,35-44,Additional 1,"4,281",,,12/14/2022
NH Black,15-24,Initiated,"37,246","54,493",68.35,01/18/2023
NH Other Race,All Ages,Initiated,"104,425",,,12/28/2022
Unknown,10-14,Additional 1,336,,,01/18/2023
Hispanic,15-24,Additional 1,"25,987","103,109",25.2,02/08/2023
NH Asian or Pacific Islander,35-44,Initiated,"26,351","29,921",88.07,02/08/2023
NH American Indian or Alaska Native,25-34,Additional 1,161,954,16.88,01/25/2023
NH Other Race,Unknown,Additional 1,2,,,02/08/2023
NH Asian or Pacific Islander,35-44,Additional 1,"16,079","29,921",53.74,01/18/2023
Multiple Races,35-44,Initiated,"7,027","8,974",78.3,12/28/2022
NH Asian or Pacific Islander,55-64,Initiated,"16,350","17,017",96.08,12/14/2022
NH Other Race,Unknown,Fully,6,,,02/08/2023
Unknown,15-24,Initiated,"11,125",,,12/21/2022
NH American Indian or Alaska Native,25-34,Initiated,625,954,65.51,02/01/2023
White,10-14,Additional 1,"28,354","110,964",25.55,12/28/2022
NH American Indian or Alaska Native,0-4,Fully,1,308,0.32,12/14/2022
NH Other Race,10-14,Additional 1,455,,,12/14/2022
NH Other Race,0-4,Fully,270,,,01/12/2023
Unknown,35-44,Additional 1,"2,188",,,01/12/2023
NH Black,All Ages,Initiated,"245,991","373,005",65.95,12/14/2022
Multiple Races,65-74,Additional 1,"7,647","3,321",100,02/08/2023
Unknown,55-64,Additional 1,"2,764",,,01/12/2023
NH Other Race,55-64,Initiated,"13,885",,,01/04/2023
Unknown,55-64,Fully,"9,624",,,01/12/2023
NH American Indian or Alaska Native,10-14,Additional 1,29,403,7.2,12/14/2022
NH American Indian or Alaska Native,75+,Initiated,279,430,64.88,12/28/2022
NH Asian or Pacific Islander,25-34,Fully,"23,080","30,384",75.96,01/18/2023
Hispanic,15-24,Initiated,"85,234","103,109",82.66,02/08/2023
Hispanic,10-14,Initiated,"37,362","55,874",66.87,12/21/2022
NH Black,75+,Additional 1,"9,149","17,973",50.9,02/08/2023
Hispanic,75+,Additional 1,"9,367","16,492",56.8,02/01/2023
White,75+,Initiated,"211,448","241,525",87.55,01/12/2023
NH Asian or Pacific Islander,35-44,Initiated,"26,339","29,921",88.03,01/12/2023
Unknown,0-4,Initiated,895,,,01/12/2023
NH Black,Unknown,Fully,31,,,01/12/2023
White,0-4,Fully,"10,712","88,459",12.11,12/28/2022
NH Asian or Pacific Islander,65-74,Initiated,"9,634","10,300",93.53,02/01/2023
Hispanic,15-24,Fully,"74,075","103,109",71.84,01/18/2023
White,55-64,Additional 1,"251,227","395,874",63.46,01/18/2023
NH Asian or Pacific Islander,15-24,Fully,"20,798","24,365",85.36,12/28/2022
NH Black,All Ages,Additional 1,"115,699","373,005",31.02,02/08/2023
NH Black,55-64,Additional 1,"24,938","46,150",54.04,12/28/2022
NH Black,5-9,Initiated,"7,247","23,131",31.33,01/12/2023
Multiple Races,15-24,Fully,"12,152","21,623",56.2,01/04/2023
NH Other Race,5-9,Additional 1,175,,,01/25/2023
Hispanic,75+,Fully,"13,923","16,492",84.42,01/04/2023
NH Black,Unknown,Initiated,35,,,12/21/2022
NH Other Race,0-4,Fully,261,,,12/21/2022
White,35-44,Additional 1,"122,284","254,425",48.06,02/08/2023
NH Asian or Pacific Islander,65-74,Initiated,"9,660","10,300",93.79,01/04/2023
Unknown,35-44,Fully,"10,771",,,01/12/2023
NH Asian or Pacific Islander,35-44,Additional 1,"16,032","29,921",53.58,12/21/2022
NH Other Race,5-9,Fully,"1,456",,,01/18/2023
NH American Indian or Alaska Native,25-34,Initiated,626,954,65.62,01/25/2023
NH Asian or Pacific Islander,15-24,Fully,"20,805","24,365",85.39,01/18/2023
NH American Indian or Alaska Native,55-64,Fully,593,988,60.02,12/28/2022
NH Other Race,10-14,Additional 1,453,,,01/04/2023
Hispanic,Unknown,Initiated,136,,,02/01/2023
NH American Indian or Alaska Native,5-9,Additional 1,13,626,2.08,01/04/2023
NH Other Race,All Ages,Fully,"85,485",,,12/21/2022
NH Other Race,25-34,Initiated,"17,694",,,12/14/2022
NH American Indian or Alaska Native,35-44,Fully,519,854,60.77,02/01/2023
NH Asian or Pacific Islander,Unknown,Additional 1,32,,,01/04/2023
Multiple Races,5-9,Initiated,"4,286","10,675",40.15,01/18/2023
Multiple Races,25-34,Initiated,"7,065","13,544",52.16,01/25/2023
Multiple Races,15-24,Additional 1,"7,410","21,623",34.27,01/25/2023
Multiple Races,15-24,Additional 1,"7,279","21,623",33.66,12/14/2022
NH American Indian or Alaska Native,5-9,Fully,98,626,15.65,01/25/2023
NH American Indian or Alaska Native,35-44,Fully,529,854,61.94,01/04/2023
Multiple Races,5-9,Fully,"3,956","10,675",37.06,12/21/2022
NH Asian or Pacific Islander,Unknown,Additional 1,32,,,01/25/2023
Multiple Races,45-54,Initiated,"8,142","7,016",100,01/25/2023
NH American Indian or Alaska Native,0-4,Initiated,6,308,1.95,02/01/2023
NH Other Race,10-14,Initiated,"2,974",,,01/04/2023
White,15-24,Initiated,"224,697","277,567",80.95,12/21/2022
NH Black,75+,Fully,"12,407","17,973",69.03,02/08/2023
NH Other Race,25-34,Additional 1,"3,381",,,02/01/2023
NH Black,5-9,Additional 1,629,"23,131",2.72,12/28/2022
NH Other Race,15-24,Additional 1,"1,942",,,01/04/2023
Multiple Races,65-74,Fully,"8,221","3,321",100,12/21/2022
Multiple Races,Unknown,Initiated,29,,,01/12/2023
White,Unknown,Initiated,400,,,01/04/2023
NH Other Race,All Ages,Additional 1,"27,385",,,12/28/2022
NH Other Race,0-4,Additional 1,5,,,12/21/2022
Unknown,5-9,Fully,"1,931",,,01/04/2023
NH Asian or Pacific Islander,65-74,Fully,"8,510","10,300",82.62,12/14/2022
NH American Indian or Alaska Native,75+,Initiated,274,430,63.72,01/18/2023
White,55-64,Fully,"335,609","395,874",84.78,01/18/2023
White,10-14,Additional 1,"28,416","110,964",25.61,01/18/2023
NH American Indian or Alaska Native,25-34,Fully,493,954,51.68,02/01/2023
Unknown,75+,Fully,"4,414",,,01/04/2023
Multiple Races,Unknown,Fully,27,,,02/08/2023
Multiple Races,75+,Initiated,"5,634","1,840",100,12/21/2022
NH Black,5-9,Initiated,"7,254","23,131",31.36,01/18/2023
NH American Indian or Alaska Native,10-14,Initiated,175,403,43.42,01/12/2023
NH Asian or Pacific Islander,25-34,Fully,"23,060","30,384",75.9,12/21/2022
Multiple Races,5-9,Fully,"4,076","10,675",38.18,02/08/2023
Unknown,25-34,Additional 1,"2,091",,,01/12/2023
White,Unknown,Fully,363,,,01/04/2023
NH American Indian or Alaska Native,5-9,Additional 1,13,626,2.08,12/28/2022
NH American Indian or Alaska Native,55-64,Initiated,712,988,72.06,01/04/2023
NH Other Race,15-24,Fully,"8,570",,,12/14/2022
Multiple Races,0-4,Initiated,"1,669","10,259",16.27,01/25/2023
NH American Indian or Alaska Native,15-24,Additional 1,150,894,16.78,01/04/2023
NH Asian or Pacific Islander,10-14,Additional 1,"3,394","10,677",31.79,12/28/2022
NH American Indian or Alaska Native,65-74,Additional 1,195,591,32.99,01/18/2023
NH American Indian or Alaska Native,55-64,Initiated,714,988,72.27,12/14/2022
NH Asian or Pacific Islander,45-54,Fully,"20,501","24,441",83.88,12/21/2022
NH American Indian or Alaska Native,45-54,Initiated,706,816,86.52,12/14/2022
White,65-74,Fully,"266,840","299,320",89.15,12/21/2022
Hispanic,5-9,Fully,"17,774","52,203",34.05,12/21/2022
NH Black,25-34,Additional 1,"13,084","58,868",22.23,02/08/2023
NH Other Race,45-54,Additional 1,"4,551",,,01/25/2023
NH Asian or Pacific Islander,10-14,Fully,"8,964","10,677",83.96,12/28/2022
NH Black,35-44,Initiated,"36,488","50,328",72.5,02/08/2023
NH Asian or Pacific Islander,65-74,Initiated,"9,682","10,300",94,12/14/2022
Multiple Races,Unknown,Additional 1,16,,,02/08/2023
Hispanic,0-4,Fully,"1,767","52,476",3.37,01/18/2023
Hispanic,0-4,Additional 1,10,"52,476",0.02,01/18/2023
Unknown,35-44,Fully,"10,819",,,01/04/2023
Multiple Races,15-24,Additional 1,"7,333","21,623",33.91,12/28/2022
NH Asian or Pacific Islander,25-34,Fully,"23,122","30,384",76.1,02/08/2023
NH American Indian or Alaska Native,0-4,Fully,1,308,0.32,12/21/2022
NH Black,5-9,Additional 1,632,"23,131",2.73,01/18/2023
NH Black,65-74,Initiated,"22,576","26,504",85.18,12/21/2022
Hispanic,All Ages,Additional 1,"185,684","623,293",29.79,02/01/2023
NH Black,All Ages,Fully,"225,361","373,005",60.42,01/12/2023
White,25-34,Initiated,"213,051","255,549",83.37,01/12/2023
NH American Indian or Alaska Native,5-9,Additional 1,14,626,2.24,01/25/2023
Unknown,55-64,Additional 1,"2,705",,,02/01/2023
Hispanic,45-54,Fully,"66,148","74,330",88.99,01/12/2023
NH Asian or Pacific Islander,10-14,Initiated,"9,577","10,677",89.7,02/08/2023
Hispanic,0-4,Initiated,"3,796","52,476",7.23,01/25/2023
NH Black,45-54,Additional 1,"20,815","49,547",42.01,12/28/2022
NH Asian or Pacific Islander,45-54,Additional 1,"14,731","24,441",60.27,02/08/2023
Unknown,Unknown,Initiated,46,,,12/28/2022
Multiple Races,All Ages,Initiated,"73,323","94,575",77.53,02/01/2023
Multiple Races,25-34,Fully,"6,759","13,544",49.9,01/18/2023
White,5-9,Initiated,"55,729","99,755",55.87,12/21/2022
Multiple Races,45-54,Additional 1,"6,451","7,016",91.95,02/08/2023
Unknown,35-44,Initiated,"14,195",,,02/01/2023
Hispanic,55-64,Fully,"50,062","52,033",96.21,02/08/2023
Hispanic,45-54,Additional 1,"35,510","74,330",47.77,02/01/2023
NH Black,65-74,Initiated,"22,507","26,504",84.92,01/18/2023
NH American Indian or Alaska Native,25-34,Initiated,627,954,65.72,01/12/2023
Multiple Races,0-4,Additional 1,9,"10,259",0.09,01/04/2023
NH American Indian or Alaska Native,All Ages,Initiated,"4,240","6,864",61.77,12/28/2022
White,5-9,Additional 1,"9,559","99,755",9.58,12/21/2022
Multiple Races,0-4,Additional 1,9,"10,259",0.09,12/14/2022
White,45-54,Fully,"243,958","309,923",78.72,12/21/2022
NH Asian or Pacific Islander,45-54,Initiated,"22,213","24,441",90.88,12/14/2022
NH Black,65-74,Initiated,"22,502","26,504",84.9,02/01/2023
Hispanic,0-4,Fully,"1,664","52,476",3.17,12/28/2022
Hispanic,15-24,Additional 1,"25,748","103,109",24.97,12/21/2022
NH Black,75+,Initiated,"13,105","17,973",72.91,12/14/2022
NH Other Race,35-44,Fully,"14,523",,,12/28/2022
Multiple Races,65-74,Additional 1,"7,539","3,321",100,01/12/2023
Multiple Races,25-34,Additional 1,"4,333","13,544",31.99,01/18/2023
Multiple Races,55-64,Additional 1,"8,819","6,053",100,02/08/2023
NH Asian or Pacific Islander,65-74,Fully,"8,506","10,300",82.58,02/01/2023
Unknown,5-9,Fully,"1,906",,,02/01/2023
White,Unknown,Additional 1,215,,,01/04/2023
Unknown,10-14,Initiated,"3,057",,,12/21/2022
Multiple Races,0-4,Additional 1,9,"10,259",0.09,01/25/2023
Hispanic,25-34,Fully,"71,199","96,563",73.73,01/12/2023
NH Asian or Pacific Islander,25-34,Additional 1,"13,357","30,384",43.96,01/18/2023
NH Other Race,0-4,Fully,267,,,01/04/2023
NH Other Race,Unknown,Fully,6,,,12/28/2022
Hispanic,55-64,Fully,"50,080","52,033",96.25,12/21/2022
NH Other Race,35-44,Additional 1,"4,222",,,01/25/2023
NH American Indian or Alaska Native,All Ages,Fully,"3,451","6,864",50.28,01/18/2023
Hispanic,45-54,Fully,"66,167","74,330",89.02,01/18/2023
White,65-74,Initiated,"280,112","299,320",93.58,01/12/2023
Unknown,15-24,Additional 1,"1,324",,,02/01/2023
Multiple Races,0-4,Fully,"1,026","10,259",10,01/04/2023
Unknown,25-34,Additional 1,"2,131",,,12/21/2022
NH Asian or Pacific Islander,5-9,Additional 1,"1,193","10,688",11.16,12/14/2022
NH Asian or Pacific Islander,All Ages,Fully,"133,322","174,846",76.25,01/04/2023
White,55-64,Initiated,"350,741","395,874",88.6,02/01/2023
Unknown,0-4,Fully,519,,,01/12/2023
Unknown,Unknown,Initiated,44,,,01/18/2023
NH Other Race,75+,Fully,"11,259",,,02/08/2023
NH American Indian or Alaska Native,5-9,Initiated,117,626,18.69,01/18/2023
Unknown,0-4,Initiated,899,,,01/18/2023
NH Black,0-4,Initiated,946,"21,076",4.49,01/04/2023
White,75+,Additional 1,"161,870","241,525",67.02,01/04/2023
NH Black,10-14,Initiated,"13,701","24,935",54.95,12/28/2022
Hispanic,All Ages,Additional 1,"185,414","623,293",29.75,01/12/2023
Unknown,25-34,Initiated,"16,224",,,12/21/2022
NH Asian or Pacific Islander,75+,Fully,"4,323","6,561",65.89,02/01/2023
Multiple Races,35-44,Initiated,"7,237","8,974",80.64,02/08/2023
NH American Indian or Alaska Native,65-74,Fully,330,591,55.84,01/18/2023
White,35-44,Additional 1,"121,786","254,425",47.87,12/21/2022
NH Black,25-34,Initiated,"36,913","58,868",62.7,01/25/2023
NH Asian or Pacific Islander,Unknown,Initiated,54,,,12/14/2022
Hispanic,15-24,Initiated,"85,060","103,109",82.5,12/28/2022
White,75+,Initiated,"211,486","241,525",87.56,01/04/2023
Unknown,45-54,Additional 1,"2,304",,,02/01/2023
Hispanic,15-24,Initiated,"85,095","103,109",82.53,01/18/2023
Unknown,45-54,Additional 1,"2,330",,,01/12/2023
NH Other Race,Unknown,Initiated,9,,,12/21/2022
Hispanic,65-74,Additional 1,"17,361","27,234",63.75,02/01/2023
NH Asian or Pacific Islander,65-74,Additional 1,"6,359","10,300",61.74,01/12/2023
NH Asian or Pacific Islander,15-24,Fully,"20,818","24,365",85.44,12/21/2022
Unknown,0-4,Fully,536,,,02/08/2023
Hispanic,0-4,Initiated,"3,550","52,476",6.76,12/28/2022
NH Other Race,All Ages,Additional 1,"26,685",,,02/08/2023
NH Asian or Pacific Islander,45-54,Additional 1,"14,691","24,441",60.11,12/21/2022
NH Asian or Pacific Islander,All Ages,Additional 1,"81,520","174,846",46.62,01/04/2023
Hispanic,65-74,Additional 1,"17,223","27,234",63.24,12/14/2022
Unknown,55-64,Initiated,"12,423",,,02/01/2023
Multiple Races,55-64,Initiated,"10,174","6,053",100,12/21/2022
Hispanic,All Ages,Additional 1,"183,092","623,293",29.37,12/14/2022
NH Other Race,All Ages,Initiated,"104,934",,,12/21/2022
NH American Indian or Alaska Native,15-24,Fully,433,894,48.43,01/12/2023
Hispanic,65-74,Fully,"25,279","27,234",92.82,12/14/2022
NH Other Race,45-54,Initiated,"15,585",,,12/28/2022
Unknown,15-24,Additional 1,"1,356",,,12/21/2022
White,10-14,Fully,"78,432","110,964",70.68,12/28/2022
Hispanic,Unknown,Initiated,122,,,12/14/2022
White,0-4,Fully,"11,106","88,459",12.55,01/25/2023
Hispanic,75+,Initiated,"15,500","16,492",93.98,12/14/2022
Hispanic,75+,Fully,"13,944","16,492",84.55,12/21/2022
Hispanic,5-9,Initiated,"21,140","52,203",40.5,12/14/2022
Unknown,35-44,Initiated,"14,591",,,12/21/2022
Hispanic,All Ages,Initiated,"481,237","623,293",77.21,01/25/2023
NH Other Race,15-24,Initiated,"11,517",,,01/04/2023
Multiple Races,45-54,Fully,"7,857","7,016",100,12/28/2022
NH Black,0-4,Fully,427,"21,076",2.03,12/28/2022
White,25-34,Fully,"192,518","255,549",75.34,01/18/2023
NH Other Race,65-74,Additional 1,"3,067",,,01/18/2023
Hispanic,45-54,Initiated,"71,847","74,330",96.66,01/12/2023
Unknown,25-34,Additional 1,"2,077",,,02/01/2023
NH Other Race,5-9,Initiated,"1,804",,,01/25/2023
Multiple Races,45-54,Initiated,"8,002","7,016",100,12/28/2022
White,25-34,Additional 1,"104,665","255,549",40.96,12/28/2022
NH Other Race,15-24,Additional 1,"1,930",,,01/25/2023
NH American Indian or Alaska Native,75+,Fully,224,430,52.09,12/28/2022
Multiple Races,5-9,Additional 1,848,"10,675",7.94,12/28/2022
NH American Indian or Alaska Native,65-74,Fully,331,591,56.01,12/28/2022
NH Black,All Ages,Fully,"225,106","373,005",60.35,12/21/2022
NH Other Race,35-44,Fully,"14,359",,,01/25/2023
NH Black,75+,Initiated,"13,041","17,973",72.56,01/12/2023
NH Other Race,Unknown,Additional 1,2,,,12/21/2022
NH Other Race,75+,Additional 1,"4,555",,,02/08/2023
NH Black,10-14,Initiated,"13,720","24,935",55.02,01/18/2023
Unknown,10-14,Fully,"2,242",,,12/21/2022
Unknown,15-24,Fully,"7,005",,,12/21/2022
NH Other Race,45-54,Additional 1,"4,644",,,12/14/2022
White,65-74,Additional 1,"221,138","299,320",73.88,02/08/2023
Unknown,55-64,Initiated,"12,611",,,01/12/2023
White,35-44,Initiated,"209,789","254,425",82.46,02/08/2023
White,All Ages,Additional 1,"1,170,942","2,333,361",50.18,01/12/2023
NH Other Race,5-9,Additional 1,178,,,12/28/2022
NH Black,35-44,Additional 1,"16,035","50,328",31.86,01/25/2023
Multiple Races,0-4,Initiated,"1,683","10,259",16.41,02/01/2023
NH Other Race,0-4,Initiated,554,,,02/01/2023
NH Other Race,45-54,Additional 1,"4,596",,,01/04/2023
White,35-44,Initiated,"209,554","254,425",82.36,01/12/2023
NH American Indian or Alaska Native,35-44,Additional 1,193,854,22.6,01/25/2023
NH Other Race,45-54,Initiated,"15,534",,,01/04/2023
NH Black,5-9,Initiated,"7,277","23,131",31.46,02/08/2023
White,Unknown,Additional 1,217,,,01/25/2023
NH Black,Unknown,Fully,30,,,01/04/2023
NH Asian or Pacific Islander,10-14,Additional 1,"3,402","10,677",31.86,01/18/2023
NH American Indian or Alaska Native,5-9,Initiated,118,626,18.85,01/04/2023
Multiple Races,All Ages,Initiated,"73,702","94,575",77.93,02/08/2023
NH Black,10-14,Additional 1,"2,714","24,935",10.88,01/04/2023
NH Asian or Pacific Islander,55-64,Initiated,"16,343","17,017",96.04,12/21/2022
NH Black,45-54,Initiated,"38,270","49,547",77.24,02/08/2023
Multiple Races,0-4,Fully,"1,069","10,259",10.42,01/25/2023
White,5-9,Initiated,"55,825","99,755",55.96,02/01/2023
Hispanic,55-64,Additional 1,"31,409","52,033",60.36,02/01/2023
Hispanic,75+,Initiated,"15,407","16,492",93.42,01/12/2023
White,55-64,Fully,"335,835","395,874",84.83,02/08/2023
NH American Indian or Alaska Native,25-34,Fully,495,954,51.89,01/12/2023
White,35-44,Initiated,"209,556","254,425",82.36,01/18/2023
NH Asian or Pacific Islander,25-34,Initiated,"27,060","30,384",89.06,12/21/2022
NH Other Race,0-4,Fully,257,,,12/14/2022
Multiple Races,55-64,Fully,"10,291","6,053",100,02/08/2023
Unknown,35-44,Fully,"10,885",,,12/21/2022
White,65-74,Initiated,"280,350","299,320",93.66,12/21/2022
White,All Ages,Fully,"1,774,912","2,333,361",76.07,01/04/2023
Multiple Races,5-9,Fully,"4,032","10,675",37.77,01/18/2023
NH Black,10-14,Additional 1,"2,714","24,935",10.88,01/25/2023
White,10-14,Additional 1,"28,420","110,964",25.61,02/08/2023
NH Black,Unknown,Additional 1,16,,,01/12/2023
NH Other Race,45-54,Additional 1,"4,602",,,12/28/2022
White,55-64,Fully,"335,471","395,874",84.74,12/21/2022
NH Asian or Pacific Islander,55-64,Fully,"14,793","17,017",86.93,02/01/2023
Multiple Races,0-4,Fully,979,"10,259",9.54,12/14/2022
Multiple Races,5-9,Additional 1,868,"10,675",8.13,02/08/2023
Hispanic,35-44,Fully,"75,172","92,979",80.85,02/08/2023
NH Black,45-54,Fully,"35,870","49,547",72.4,12/21/2022
Multiple Races,25-34,Initiated,"6,990","13,544",51.61,12/28/2022
Unknown,0-4,Initiated,913,,,02/08/2023
NH American Indian or Alaska Native,35-44,Initiated,629,854,73.65,02/01/2023
Hispanic,65-74,Fully,"25,268","27,234",92.78,02/01/2023
Multiple Races,55-64,Initiated,"10,313","6,053",100,01/18/2023
NH Asian or Pacific Islander,Unknown,Additional 1,34,,,02/01/2023
NH American Indian or Alaska Native,55-64,Additional 1,307,988,31.07,01/04/2023
Unknown,Unknown,Fully,31,,,01/04/2023
NH American Indian or Alaska Native,65-74,Additional 1,194,591,32.83,12/28/2022
Hispanic,Unknown,Additional 1,57,,,02/01/2023
Unknown,5-9,Initiated,"2,530",,,01/25/2023
Multiple Races,75+,Additional 1,"5,056","1,840",100,01/18/2023
Multiple Races,10-14,Initiated,"7,103","11,270",63.03,01/04/2023
NH Black,35-44,Additional 1,"15,975","50,328",31.74,12/28/2022
NH Asian or Pacific Islander,15-24,Additional 1,"12,425","24,365",51,12/21/2022
White,5-9,Fully,"51,841","99,755",51.97,02/01/2023
NH Black,15-24,Initiated,"37,212","54,493",68.29,12/28/2022
Multiple Races,5-9,Fully,"3,972","10,675",37.21,12/28/2022
Hispanic,25-34,Initiated,"81,145","96,563",84.03,01/18/2023
White,0-4,Fully,"10,996","88,459",12.43,01/18/2023
White,5-9,Additional 1,"9,593","99,755",9.62,01/12/2023
Multiple Races,15-24,Fully,"12,053","21,623",55.74,12/14/2022
NH American Indian or Alaska Native,45-54,Fully,622,816,76.23,12/14/2022
Hispanic,15-24,Additional 1,"25,829","103,109",25.05,12/28/2022
Hispanic,5-9,Additional 1,"1,888","52,203",3.62,12/21/2022
Multiple Races,75+,Additional 1,"4,992","1,840",100,12/28/2022
White,75+,Initiated,"211,676","241,525",87.64,12/21/2022
Hispanic,25-34,Fully,"71,138","96,563",73.67,12/28/2022
NH Black,25-34,Fully,"32,992","58,868",56.04,01/18/2023
NH American Indian or Alaska Native,75+,Additional 1,136,430,31.63,01/18/2023
NH Asian or Pacific Islander,15-24,Fully,"20,803","24,365",85.38,01/12/2023
NH Black,15-24,Fully,"32,694","54,493",60,12/28/2022
White,15-24,Additional 1,"105,852","277,567",38.14,12/28/2022
Hispanic,45-54,Initiated,"72,169","74,330",97.09,12/21/2022
Unknown,5-9,Additional 1,178,,,01/25/2023
NH Other Race,10-14,Additional 1,451,,,01/12/2023
NH Other Race,10-14,Fully,"2,372",,,01/04/2023
NH American Indian or Alaska Native,35-44,Fully,519,854,60.77,01/25/2023
Multiple Races,Unknown,Initiated,26,,,12/21/2022
Hispanic,75+,Additional 1,"9,380","16,492",56.88,01/12/2023
Multiple Races,75+,Fully,"5,588","1,840",100,01/18/2023
Hispanic,35-44,Initiated,"83,346","92,979",89.64,02/08/2023
Unknown,65-74,Additional 1,"1,794",,,02/01/2023
NH Asian or Pacific Islander,35-44,Fully,"23,936","29,921",80,01/12/2023
Hispanic,75+,Initiated,"15,427","16,492",93.54,01/04/2023
Unknown,55-64,Initiated,"12,503",,,01/25/2023
Multiple Races,35-44,Initiated,"7,098","8,974",79.1,01/18/2023
White,5-9,Additional 1,"9,608","99,755",9.63,02/08/2023
Unknown,15-24,Additional 1,"1,330",,,01/12/2023
Multiple Races,Unknown,Initiated,29,,,02/01/2023
NH Other Race,55-64,Additional 1,"4,659",,,01/25/2023
Multiple Races,65-74,Initiated,"8,376","3,321",100,12/21/2022
NH Black,35-44,Fully,"33,435","50,328",66.43,12/28/2022
NH Black,35-44,Additional 1,"16,027","50,328",31.85,01/18/2023
Multiple Races,75+,Fully,"5,573","1,840",100,01/12/2023
Hispanic,65-74,Additional 1,"17,251","27,234",63.34,12/21/2022
NH Asian or Pacific Islander,25-34,Initiated,"27,032","30,384",88.97,01/12/2023
White,45-54,Initiated,"256,739","309,923",82.84,12/21/2022
Multiple Races,0-4,Initiated,"1,540","10,259",15.01,12/14/2022
White,All Ages,Initiated,"1,901,221","2,333,361",81.48,01/25/2023
NH American Indian or Alaska Native,55-64,Additional 1,309,988,31.28,12/14/2022
Unknown,35-44,Additional 1,"2,210",,,01/04/2023
NH Black,75+,Additional 1,"9,133","17,973",50.82,01/12/2023
Unknown,Unknown,Fully,31,,,12/28/2022
NH American Indian or Alaska Native,0-4,Fully,1,308,0.32,01/12/2023
NH Black,55-64,Fully,"37,379","46,150",80.99,01/12/2023
White,Unknown,Additional 1,219,,,02/01/2023
NH American Indian or Alaska Native,10-14,Additional 1,30,403,7.44,12/21/2022
Multiple Races,Unknown,Fully,27,,,02/01/2023
NH Asian or Pacific Islander,0-4,Initiated,"1,809","10,492",17.24,02/08/2023
Hispanic,0-4,Fully,"1,807","52,476",3.44,01/25/2023
Hispanic,45-54,Initiated,"71,833","74,330",96.64,02/08/2023
NH Asian or Pacific Islander,45-54,Initiated,"22,165","24,441",90.69,01/12/2023
NH American Indian or Alaska Native,All Ages,Initiated,"4,210","6,864",61.33,01/18/2023
NH Other Race,45-54,Fully,"13,368",,,12/28/2022
Hispanic,25-34,Fully,"71,215","96,563",73.75,01/18/2023
NH Asian or Pacific Islander,0-4,Fully,937,"10,492",8.93,01/18/2023
NH Black,All Ages,Initiated,"245,697","373,005",65.87,01/12/2023
NH Black,All Ages,Initiated,"245,920","373,005",65.93,12/21/2022
Multiple Races,75+,Initiated,"5,783","1,840",100,02/08/2023
NH Black,25-34,Fully,"33,042","58,868",56.13,02/08/2023
NH Black,35-44,Additional 1,"16,058","50,328",31.91,02/08/2023
NH Other Race,All Ages,Fully,"84,495",,,01/18/2023
Hispanic,5-9,Initiated,"21,180","52,203",40.57,01/12/2023
Hispanic,55-64,Additional 1,"31,366","52,033",60.28,01/12/2023
NH Black,10-14,Fully,"12,350","24,935",49.53,01/18/2023
NH Other Race,45-54,Fully,"13,334",,,01/04/2023
White,35-44,Additional 1,"122,041","254,425",47.97,01/12/2023
NH Asian or Pacific Islander,0-4,Fully,890,"10,492",8.48,12/21/2022
Unknown,55-64,Additional 1,"2,723",,,01/25/2023
Multiple Races,45-54,Fully,"7,952","7,016",100,01/18/2023
Unknown,All Ages,Additional 1,"14,391",,,01/25/2023
White,All Ages,Fully,"1,776,580","2,333,361",76.14,01/25/2023
Multiple Races,Unknown,Additional 1,16,,,02/01/2023
NH Black,25-34,Initiated,"36,965","58,868",62.79,02/08/2023
Unknown,75+,Initiated,"6,758",,,01/25/2023
White,15-24,Fully,"200,266","277,567",72.15,01/18/2023
NH Asian or Pacific Islander,45-54,Initiated,"22,188","24,441",90.78,12/21/2022
Hispanic,55-64,Fully,"50,052","52,033",96.19,02/01/2023
White,75+,Additional 1,"161,748","241,525",66.97,12/21/2022
NH Black,Unknown,Fully,30,,,12/21/2022
NH Black,75+,Initiated,"13,050","17,973",72.61,02/01/2023
Unknown,25-34,Fully,"11,201",,,02/01/2023
White,10-14,Initiated,"82,550","110,964",74.39,01/18/2023
Hispanic,0-4,Fully,"1,879","52,476",3.58,02/08/2023
NH Asian or Pacific Islander,75+,Additional 1,"3,167","6,561",48.27,01/25/2023
White,75+,Fully,"199,883","241,525",82.76,01/12/2023
Multiple Races,Unknown,Fully,24,,,12/14/2022
Multiple Races,All Ages,Fully,"70,788","94,575",74.85,02/08/2023
NH Other Race,15-24,Additional 1,"1,958",,,12/14/2022
Hispanic,10-14,Initiated,"37,542","55,874",67.19,02/08/2023
NH Asian or Pacific Islander,55-64,Additional 1,"10,798","17,017",63.45,12/14/2022
NH Asian or Pacific Islander,All Ages,Additional 1,"81,620","174,846",46.68,01/25/2023
NH Asian or Pacific Islander,15-24,Fully,"20,825","24,365",85.47,02/08/2023
NH Black,All Ages,Initiated,"246,132","373,005",65.99,02/08/2023
Multiple Races,65-74,Initiated,"8,605","3,321",100,02/08/2023
NH Black,65-74,Initiated,"22,505","26,504",84.91,02/08/2023
NH Asian or Pacific Islander,15-24,Initiated,"25,131","24,365",100,12/28/2022
NH Asian or Pacific Islander,45-54,Fully,"20,512","24,441",83.92,01/12/2023
NH American Indian or Alaska Native,10-14,Initiated,179,403,44.42,12/14/2022
Multiple Races,45-54,Additional 1,"6,400","7,016",91.22,01/25/2023
NH Black,75+,Fully,"12,403","17,973",69.01,02/01/2023
White,5-9,Additional 1,"9,603","99,755",9.63,02/01/2023
Multiple Races,65-74,Additional 1,"7,468","3,321",100,12/28/2022
NH Other Race,75+,Initiated,"14,111",,,12/21/2022
Multiple Races,5-9,Initiated,"4,211","10,675",39.45,12/21/2022
Hispanic,35-44,Fully,"75,003","92,979",80.67,12/21/2022
NH Asian or Pacific Islander,Unknown,Fully,53,,,12/14/2022
Hispanic,All Ages,Initiated,"481,302","623,293",77.22,02/01/2023
NH American Indian or Alaska Native,55-64,Initiated,697,988,70.55,01/25/2023
NH Other Race,75+,Initiated,"13,650",,,02/08/2023
NH Black,Unknown,Initiated,34,,,01/12/2023
Unknown,65-74,Fully,"5,215",,,01/04/2023
Hispanic,15-24,Initiated,"85,141","103,109",82.57,12/21/2022
NH Black,65-74,Additional 1,"16,024","26,504",60.46,12/21/2022
NH Other Race,55-64,Additional 1,"4,687",,,01/18/2023
Multiple Races,35-44,Additional 1,"5,092","8,974",56.74,01/18/2023
NH American Indian or Alaska Native,25-34,Fully,494,954,51.78,01/25/2023
Unknown,15-24,Additional 1,"1,316",,,02/08/2023
White,0-4,Initiated,"15,546","88,459",17.57,12/28/2022
Multiple Races,All Ages,Fully,"70,440","94,575",74.48,02/01/2023
NH American Indian or Alaska Native,35-44,Additional 1,202,854,23.65,12/14/2022
NH Other Race,10-14,Additional 1,446,,,01/25/2023
Unknown,10-14,Additional 1,329,,,02/08/2023
Hispanic,10-14,Additional 1,"7,785","55,874",13.93,02/08/2023
NH Asian or Pacific Islander,45-54,Additional 1,"14,677","24,441",60.05,12/14/2022
NH Black,65-74,Fully,"21,457","26,504",80.96,02/08/2023
Multiple Races,35-44,Additional 1,"5,061","8,974",56.4,01/04/2023
NH Black,Unknown,Fully,28,,,12/14/2022
NH Asian or Pacific Islander,45-54,Fully,"20,495","24,441",83.85,02/08/2023
NH Other Race,15-24,Initiated,"11,397",,,02/01/2023
NH Asian or Pacific Islander,65-74,Initiated,"9,656","10,300",93.75,01/12/2023
NH American Indian or Alaska Native,15-24,Initiated,571,894,63.87,12/14/2022
Multiple Races,25-34,Additional 1,"4,301","13,544",31.76,12/28/2022
NH Black,10-14,Additional 1,"2,710","24,935",10.87,12/28/2022
White,15-24,Initiated,"224,682","277,567",80.95,02/08/2023
White,45-54,Fully,"244,313","309,923",78.83,02/08/2023
NH American Indian or Alaska Native,0-4,Additional 1,0,308,0,01/12/2023
White,35-44,Initiated,"209,646","254,425",82.4,12/21/2022
NH Black,45-54,Fully,"35,905","49,547",72.47,01/18/2023
NH American Indian or Alaska Native,0-4,Initiated,6,308,1.95,12/21/2022
NH American Indian or Alaska Native,15-24,Additional 1,148,894,16.55,12/14/2022
NH American Indian or Alaska Native,5-9,Additional 1,13,626,2.08,12/14/2022
NH Other Race,25-34,Additional 1,"3,432",,,12/14/2022
NH Black,All Ages,Additional 1,"115,629","373,005",31,02/01/2023
White,10-14,Initiated,"82,572","110,964",74.41,12/28/2022
NH Other Race,35-44,Initiated,"17,450",,,12/28/2022
White,25-34,Initiated,"213,202","255,549",83.43,12/21/2022
Hispanic,5-9,Fully,"17,868","52,203",34.23,01/12/2023
NH Asian or Pacific Islander,5-9,Fully,"7,478","10,688",69.97,01/12/2023
Multiple Races,15-24,Initiated,"12,782","21,623",59.11,12/28/2022
Hispanic,35-44,Additional 1,"31,449","92,979",33.82,12/28/2022
NH Black,5-9,Fully,"6,241","23,131",26.98,01/18/2023
Multiple Races,All Ages,Fully,"68,918","94,575",72.87,12/21/2022
Unknown,45-54,Additional 1,"2,366",,,12/21/2022
Unknown,All Ages,Additional 1,"14,636",,,01/04/2023
Multiple Races,55-64,Fully,"10,150","6,053",100,01/18/2023
NH Asian or Pacific Islander,25-34,Initiated,"27,038","30,384",88.99,01/18/2023
NH Other Race,75+,Initiated,"14,060",,,12/28/2022
NH Other Race,35-44,Fully,"14,630",,,12/14/2022
Multiple Races,Unknown,Initiated,29,,,02/08/2023
NH Asian or Pacific Islander,25-34,Initiated,"27,093","30,384",89.17,02/08/2023
NH Black,15-24,Additional 1,"12,063","54,493",22.14,01/18/2023
White,35-44,Additional 1,"122,057","254,425",47.97,01/18/2023
NH Black,15-24,Fully,"32,710","54,493",60.03,01/04/2023
White,15-24,Initiated,"224,605","277,567",80.92,01/18/2023
NH Asian or Pacific Islander,55-64,Additional 1,"10,831","17,017",63.65,02/01/2023
Unknown,Unknown,Initiated,46,,,01/04/2023
Hispanic,65-74,Initiated,"27,887","27,234",100,12/21/2022
NH Black,75+,Initiated,"13,097","17,973",72.87,12/21/2022
White,75+,Fully,"199,796","241,525",82.72,12/21/2022
NH Other Race,25-34,Additional 1,"3,391",,,01/25/2023
Hispanic,55-64,Additional 1,"31,380","52,033",60.31,01/18/2023
NH Black,Unknown,Initiated,33,,,12/14/2022
NH Asian or Pacific Islander,25-34,Additional 1,"13,371","30,384",44.01,02/08/2023
NH Other Race,65-74,Fully,"6,960",,,01/18/2023
Multiple Races,10-14,Fully,"6,830","11,270",60.6,01/04/2023
Hispanic,45-54,Additional 1,"35,529","74,330",47.8,02/08/2023
NH Other Race,65-74,Initiated,"8,925",,,12/28/2022
Unknown,10-14,Additional 1,340,,,12/21/2022
NH American Indian or Alaska Native,45-54,Initiated,693,816,84.93,01/25/2023
Hispanic,25-34,Initiated,"81,134","96,563",84.02,01/12/2023
NH American Indian or Alaska Native,10-14,Fully,148,403,36.72,01/04/2023
NH Black,All Ages,Fully,"225,811","373,005",60.54,02/08/2023
NH Other Race,55-64,Fully,"11,973",,,12/28/2022
Hispanic,Unknown,Additional 1,54,,,01/12/2023
NH Asian or Pacific Islander,25-34,Initiated,"27,044","30,384",89.01,02/01/2023
Hispanic,35-44,Additional 1,"31,656","92,979",34.05,01/12/2023
NH Black,0-4,Initiated,935,"21,076",4.44,12/28/2022
Multiple Races,All Ages,Fully,"69,921","94,575",73.93,01/18/2023
NH American Indian or Alaska Native,45-54,Additional 1,292,816,35.78,02/01/2023
NH American Indian or Alaska Native,55-64,Additional 1,300,988,30.36,01/25/2023
NH Other Race,55-64,Initiated,"13,788",,,01/18/2023
Multiple Races,75+,Initiated,"5,772","1,840",100,02/01/2023
Unknown,65-74,Initiated,"7,253",,,01/04/2023
NH American Indian or Alaska Native,55-64,Initiated,710,988,71.86,12/28/2022
Multiple Races,75+,Fully,"5,634","1,840",100,02/08/2023
White,5-9,Initiated,"55,737","99,755",55.87,01/12/2023
NH Asian or Pacific Islander,75+,Additional 1,"3,157","6,561",48.12,01/04/2023
NH Asian or Pacific Islander,All Ages,Fully,"133,422","174,846",76.31,01/25/2023
NH Black,10-14,Fully,"12,366","24,935",49.59,01/25/2023
White,35-44,Fully,"194,693","254,425",76.52,12/21/2022
NH Other Race,10-14,Additional 1,444,,,02/01/2023
Hispanic,65-74,Fully,"25,306","27,234",92.92,01/04/2023
NH American Indian or Alaska Native,45-54,Fully,611,816,74.88,02/01/2023
Hispanic,25-34,Initiated,"81,180","96,563",84.07,12/28/2022
NH Other Race,55-64,Fully,"11,928",,,01/04/2023
White,0-4,Additional 1,100,"88,459",0.11,01/25/2023
Hispanic,5-9,Initiated,"21,314","52,203",40.83,02/01/2023
Unknown,0-4,Additional 1,3,,,12/28/2022
Multiple Races,Unknown,Fully,24,,,12/21/2022
NH Black,55-64,Fully,"37,398","46,150",81.04,02/08/2023
NH Other Race,Unknown,Initiated,9,,,01/18/2023
Hispanic,5-9,Initiated,"21,136","52,203",40.49,12/21/2022
Unknown,15-24,Initiated,"10,968",,,01/12/2023
NH American Indian or Alaska Native,15-24,Initiated,567,894,63.42,02/01/2023
NH Asian or Pacific Islander,0-4,Additional 1,2,"10,492",0.02,12/21/2022
White,65-74,Fully,"267,072","299,320",89.23,02/01/2023
Hispanic,55-64,Initiated,"54,002","52,033",100,02/01/2023
NH Other Race,55-64,Initiated,"13,692",,,01/25/2023
Multiple Races,10-14,Initiated,"7,079","11,270",62.81,12/28/2022
White,25-34,Additional 1,"104,525","255,549",40.9,12/21/2022
NH Black,15-24,Fully,"32,764","54,493",60.13,01/25/2023
White,45-54,Initiated,"256,594","309,923",82.79,01/12/2023
Unknown,0-4,Fully,522,,,01/18/2023
White,15-24,Fully,"200,381","277,567",72.19,02/08/2023
White,45-54,Additional 1,"165,911","309,923",53.53,01/12/2023
Unknown,5-9,Initiated,"2,506",,,02/01/2023
NH Asian or Pacific Islander,All Ages,Fully,"133,225","174,846",76.2,12/14/2022
NH Other Race,25-34,Fully,"14,128",,,12/14/2022
NH Asian or Pacific Islander,45-54,Fully,"20,489","24,441",83.83,02/01/2023
White,45-54,Initiated,"256,706","309,923",82.83,02/08/2023
Hispanic,35-44,Initiated,"83,269","92,979",89.56,01/12/2023
NH Black,65-74,Additional 1,"16,059","26,504",60.59,02/08/2023
Hispanic,75+,Fully,"13,920","16,492",84.4,01/12/2023
NH Asian or Pacific Islander,10-14,Initiated,"9,574","10,677",89.67,01/12/2023
Hispanic,65-74,Initiated,"27,761","27,234",100,01/12/2023
NH American Indian or Alaska Native,15-24,Fully,427,894,47.76,12/14/2022
NH Asian or Pacific Islander,55-64,Initiated,"16,286","17,017",95.7,02/01/2023
Hispanic,25-34,Additional 1,"24,466","96,563",25.34,12/28/2022
NH Other Race,5-9,Initiated,"1,839",,,12/28/2022
NH Black,10-14,Fully,"12,344","24,935",49.5,01/04/2023
Unknown,55-64,Fully,"9,677",,,01/04/2023
NH Black,25-34,Additional 1,"13,078","58,868",22.22,01/25/2023
NH Other Race,15-24,Initiated,"11,430",,,01/25/2023
White,45-54,Initiated,"256,610","309,923",82.8,01/18/2023
NH Black,55-64,Fully,"37,382","46,150",81,01/18/2023
NH Other Race,25-34,Fully,"13,920",,,01/25/2023
NH Black,45-54,Initiated,"38,239","49,547",77.18,01/18/2023
NH American Indian or Alaska Native,25-34,Additional 1,162,954,16.98,01/04/2023
NH Black,0-4,Fully,452,"21,076",2.14,01/25/2023
NH Black,25-34,Initiated,"36,896","58,868",62.68,01/18/2023
White,All Ages,Additional 1,"1,170,388","2,333,361",50.16,01/04/2023
NH Asian or Pacific Islander,0-4,Additional 1,4,"10,492",0.04,12/28/2022
White,10-14,Additional 1,"28,415","110,964",25.61,01/25/2023
NH Asian or Pacific Islander,15-24,Initiated,"25,161","24,365",100,12/21/2022
Hispanic,75+,Fully,"13,887","16,492",84.2,02/01/2023
NH American Indian or Alaska Native,25-34,Initiated,629,954,65.93,01/04/2023
NH Other Race,Unknown,Additional 1,2,,,01/18/2023
NH Other Race,5-9,Fully,"1,465",,,12/28/2022
NH Black,5-9,Fully,"6,268","23,131",27.1,02/08/2023
Unknown,25-34,Additional 1,"2,044",,,02/08/2023
Hispanic,Unknown,Fully,112,,,02/01/2023
Unknown,25-34,Initiated,"15,869",,,02/01/2023
NH Other Race,Unknown,Fully,6,,,01/18/2023
White,45-54,Fully,"244,110","309,923",78.76,01/18/2023
NH American Indian or Alaska Native,10-14,Additional 1,30,403,7.44,01/12/2023
NH Asian or Pacific Islander,75+,Fully,"4,311","6,561",65.71,01/12/2023
Hispanic,25-34,Fully,"71,150","96,563",73.68,12/21/2022
White,All Ages,Initiated,"1,900,461","2,333,361",81.45,01/12/2023
NH Black,45-54,Additional 1,"20,765","49,547",41.91,12/21/2022
Unknown,65-74,Fully,"5,112",,,01/25/2023
NH Black,65-74,Fully,"21,450","26,504",80.93,01/12/2023
NH Black,35-44,Initiated,"36,400","50,328",72.33,12/21/2022
NH Asian or Pacific Islander,75+,Initiated,"4,879","6,561",74.36,12/14/2022
NH Other Race,10-14,Fully,"2,306",,,02/01/2023
Multiple Races,35-44,Fully,"6,950","8,974",77.45,01/25/2023
NH Asian or Pacific Islander,10-14,Initiated,"9,570","10,677",89.63,01/18/2023
NH Asian or Pacific Islander,75+,Fully,"4,315","6,561",65.77,01/04/2023
Multiple Races,10-14,Initiated,"7,035","11,270",62.42,12/14/2022
NH American Indian or Alaska Native,35-44,Additional 1,197,854,23.07,01/04/2023
Multiple Races,5-9,Initiated,"4,233","10,675",39.65,12/28/2022
NH Asian or Pacific Islander,5-9,Initiated,"8,145","10,688",76.21,01/04/2023
NH Other Race,75+,Additional 1,"4,707",,,12/28/2022
NH Black,65-74,Fully,"21,451","26,504",80.93,02/01/2023
NH American Indian or Alaska Native,65-74,Fully,331,591,56.01,01/25/2023
Hispanic,75+,Additional 1,"9,375","16,492",56.85,01/04/2023
Unknown,All Ages,Fully,"63,130",,,12/28/2022
Hispanic,35-44,Additional 1,"31,305","92,979",33.67,12/21/2022
NH Other Race,35-44,Initiated,"17,210",,,01/25/2023
White,35-44,Fully,"194,816","254,425",76.57,01/12/2023
Hispanic,Unknown,Fully,100,,,12/14/2022
NH Other Race,65-74,Fully,"6,896",,,01/25/2023
NH Other Race,65-74,Initiated,"8,611",,,02/08/2023
White,25-34,Additional 1,"105,026","255,549",41.1,02/08/2023
NH American Indian or Alaska Native,65-74,Initiated,409,591,69.2,01/25/2023
NH Black,0-4,Fully,404,"21,076",1.92,12/14/2022
NH Asian or Pacific Islander,15-24,Initiated,"25,136","24,365",100,02/08/2023
Unknown,10-14,Fully,"2,180",,,02/01/2023
NH Black,5-9,Initiated,"7,224","23,131",31.23,12/21/2022
Hispanic,45-54,Fully,"66,192","74,330",89.05,02/08/2023
NH Asian or Pacific Islander,45-54,Initiated,"22,138","24,441",90.58,02/08/2023
Multiple Races,65-74,Fully,"8,328","3,321",100,01/12/2023
Hispanic,All Ages,Fully,"427,987","623,293",68.67,12/14/2022
NH Asian or Pacific Islander,10-14,Fully,"8,955","10,677",83.87,12/21/2022
Multiple Races,35-44,Initiated,"7,130","8,974",79.45,01/25/2023
Multiple Races,Unknown,Initiated,26,,,12/14/2022
White,75+,Additional 1,"162,183","241,525",67.15,02/01/2023
Multiple Races,10-14,Additional 1,"2,810","11,270",24.93,01/04/2023
NH Other Race,All Ages,Fully,"85,173",,,12/28/2022
Hispanic,5-9,Initiated,"21,368","52,203",40.93,02/08/2023
NH Asian or Pacific Islander,5-9,Initiated,"8,163","10,688",76.38,01/12/2023
White,25-34,Fully,"192,380","255,549",75.28,12/28/2022
NH Asian or Pacific Islander,35-44,Fully,"23,955","29,921",80.06,02/08/2023
White,15-24,Additional 1,"105,773","277,567",38.11,12/21/2022
NH Other Race,55-64,Initiated,"13,950",,,12/28/2022
NH Black,All Ages,Additional 1,"114,954","373,005",30.82,12/14/2022
Hispanic,10-14,Additional 1,"7,763","55,874",13.89,01/25/2023
Multiple Races,45-54,Fully,"7,989","7,016",100,01/25/2023
NH Asian or Pacific Islander,15-24,Additional 1,"12,436","24,365",51.04,01/12/2023
Unknown,All Ages,Initiated,"87,576",,,01/04/2023
Unknown,Unknown,Additional 1,16,,,01/04/2023
Multiple Races,55-64,Initiated,"10,215","6,053",100,12/28/2022
Hispanic,All Ages,Fully,"428,638","623,293",68.77,01/12/2023
NH Other Race,Unknown,Fully,6,,,12/21/2022
NH Black,5-9,Additional 1,633,"23,131",2.74,01/12/2023
NH Asian or Pacific Islander,75+,Initiated,"4,869","6,561",74.21,01/04/2023
Hispanic,75+,Additional 1,"9,366","16,492",56.79,12/21/2022
NH Asian or Pacific Islander,75+,Fully,"4,314","6,561",65.75,12/14/2022
NH Black,75+,Initiated,"13,056","17,973",72.64,02/08/2023
Hispanic,10-14,Initiated,"37,340","55,874",66.83,12/28/2022
White,5-9,Fully,"51,619","99,755",51.75,12/21/2022
NH Asian or Pacific Islander,35-44,Additional 1,"16,099","29,921",53.81,02/01/2023
Hispanic,45-54,Initiated,"71,860","74,330",96.68,01/18/2023
Unknown,45-54,Additional 1,"2,347",,,01/04/2023
NH Asian or Pacific Islander,Unknown,Additional 1,31,,,12/14/2022
Hispanic,0-4,Initiated,"3,729","52,476",7.11,01/18/2023
Multiple Races,75+,Initiated,"5,732","1,840",100,01/18/2023
Multiple Races,10-14,Additional 1,"2,826","11,270",25.08,01/25/2023
Multiple Races,All Ages,Additional 1,"48,092","94,575",50.85,01/12/2023
Hispanic,10-14,Initiated,"37,367","55,874",66.88,01/18/2023
Unknown,10-14,Fully,"2,158",,,02/08/2023
NH Other Race,35-44,Fully,"14,485",,,01/04/2023
Unknown,35-44,Additional 1,"2,230",,,12/21/2022
Unknown,45-54,Fully,"9,619",,,02/01/2023
Multiple Races,65-74,Initiated,"8,403","3,321",100,12/28/2022
Hispanic,15-24,Fully,"73,959","103,109",71.73,12/21/2022
White,All Ages,Additional 1,"1,172,414","2,333,361",50.25,02/01/2023
NH Asian or Pacific Islander,15-24,Additional 1,"12,442","24,365",51.07,02/08/2023
NH Asian or Pacific Islander,10-14,Fully,"8,973","10,677",84.04,01/18/2023
Unknown,5-9,Initiated,"2,541",,,01/04/2023
Unknown,Unknown,Additional 1,16,,,12/28/2022
Hispanic,Unknown,Initiated,134,,,01/25/2023
NH Asian or Pacific Islander,0-4,Additional 1,9,"10,492",0.09,01/18/2023
Hispanic,15-24,Additional 1,"25,939","103,109",25.16,01/18/2023
NH Black,Unknown,Fully,31,,,02/01/2023
Multiple Races,0-4,Initiated,"1,611","10,259",15.7,01/04/2023
NH Other Race,25-34,Fully,"14,005",,,01/04/2023
Hispanic,65-74,Additional 1,"17,329","27,234",63.63,01/12/2023
NH Asian or Pacific Islander,65-74,Fully,"8,518","10,300",82.7,01/12/2023
Multiple Races,65-74,Fully,"8,350","3,321",100,01/18/2023
Hispanic,All Ages,Additional 1,"185,057","623,293",29.69,01/04/2023
NH Black,0-4,Additional 1,1,"21,076",0,12/28/2022
NH American Indian or Alaska Native,0-4,Initiated,7,308,2.27,12/14/2022
White,10-14,Initiated,"82,572","110,964",74.41,02/08/2023
NH Asian or Pacific Islander,65-74,Additional 1,"6,352","10,300",61.67,12/14/2022
NH Other Race,35-44,Initiated,"17,667",,,12/14/2022
NH Black,45-54,Additional 1,"20,873","49,547",42.13,02/08/2023
NH Other Race,All Ages,Initiated,"103,386",,,01/18/2023
NH Asian or Pacific Islander,55-64,Fully,"14,791","17,017",86.92,12/21/2022
Unknown,10-14,Additional 1,330,,,02/01/2023
