credentialid,name,type,businessname,dba,fullcredentialcode,credentialtype,credentialnumber,credentialsubcategory,Unnamed_Column_10
"504,522",WALGREENS #09821,CORPORATION,WALGREENS #09821,WALGREENS 9821,PCY.0000956,PCY,956,,PHARMACY
"38,671",CVS PHARMACY #1149,CORPORATION,CVS PHARMACY #1149,,PCY.0001370,PCY,"1,370",,PHARMACY
"1,042,156",PFIZER NEW HAVEN CLINICAL RESEARCH UNIT,BUSINESS,PFIZER NEW HAVEN CLINICAL RESEARCH UNIT,,PCY.0002228,PCY,"2,228",,PHARMACY
"387,327",WALGREENS #07258,CORPORATION,WALGREENS #07258,WALGREENS 7258,PCY.0001922,PCY,"1,922",,PHARMACY
"37,548",CVS PHARMACY #1070,LIMITED LIABILITY COMPANY,CVS PHARMACY #1070,,PCY.0000703,PCY,703,,PHARMACY
"242,630",CVS/PHARMACY #16633,LIMITED LIABILITY COMPANY,CVS/PHARMACY #16633,,PCY.0001755,PCY,"1,755",,PHARMACY
"247,605",WALGREENS #18969,CORPORATION,WALGREENS #18969,WALGREENS #18969,PCY.0001437,PCY,"1,437",,PHARMACY
"38,440",STOP & SHOP SUPERMARKET COMPANY LLC,LIMITED LIABILITY COMPANY,STOP & SHOP SUPERMARKET COMPANY LLC,,PCY.0001269,PCY,"1,269",,PHARMACY
"304,168",WAL-MART PHARMACY #10-2585,BUSINESS,WAL-MART PHARMACY #10-2585,,PCY.0001802,PCY,"1,802",,PHARMACY
"38,897",GRADE-A-MARKET PHARMACY,BUSINESS,GRADE-A-MARKET PHARMACY,,PCY.0001440,PCY,"1,440",,PHARMACY
"38,217",RITE AID #10369,CORPORATION,RITE AID #10369,RITE AID #10369,PCY.0001179,PCY,"1,179",,PHARMACY
"2,509,021",UNITY PHARMACY LLC,LIMITED LIABILITY COMPANY,UNITY PHARMACY LLC,UNITY PHARMACY,PCY.0002478,PCY,"2,478",,PHARMACY
"149,954",CVS PHARMACY #2119,LIMITED LIABILITY COMPANY,CVS PHARMACY #2119,,PCY.0001683,PCY,"1,683",,PHARMACY
"2,213,974",MADISON PHARMACY,CORPORATION,MADISON PHARMACY,,PCY.0002434,PCY,"2,434",,PHARMACY
"997,808",PROCARE LTC PHARMACY OF CONNECTICUT LLC,LIMITED LIABILITY COMPANY,PROCARE LTC PHARMACY OF CONNECTICUT LLC,,PCY.0002214,PCY,"2,214",,PHARMACY
"431,881",BIG Y PHARMACY #73,CORPORATION,BIG Y PHARMACY #73,,PCY.0002041,PCY,"2,041",,PHARMACY
"241,512",WALGREENS #02410,CORPORATION,WALGREENS #02410,WALGREENS #2410,PCY.0001395,PCY,"1,395",,PHARMACY
"894,719",WALGREENS #11919,CORPORATION,WALGREENS #11919,WALGREENS 11919,PCY.0002148,PCY,"2,148",,PHARMACY
"37,998",BELLA VISTA PHARMACY INC,CORPORATION,BELLA VISTA PHARMACY INC,,PCY.0001063,PCY,"1,063",,PHARMACY
"283,062",HARTFORD HOSPITAL DBA: HARTFORD HEALTHCARE COMMUNITY PHARMACY,BUSINESS,HARTFORD HOSPITAL DBA: HARTFORD HEALTHCARE COMMUNITY PHARMACY,HARTFORD HEALTHCARE COMMUNITY PHARMACY,PCY.0001282,PCY,"1,282",,PHARMACY
"154,037",SWC PHARMACY CORP,CORPORATION,SWC PHARMACY CORP,,PCY.0001681,PCY,"1,681",,PHARMACY
"38,006",WALGREENS #17500,CORPORATION,WALGREENS #17500,WALGREENS #17500,PCY.0001107,PCY,"1,107",,PHARMACY
"1,291,267",MEDICINE SHOPPE (THE),BUSINESS,MEDICINE SHOPPE (THE),,PCY.0002318,PCY,"2,318",,PHARMACY
"1,383,345",HEALTH PLUS PHARMACY INC,CORPORATION,HEALTH PLUS PHARMACY INC,,PCY.0002344,PCY,"2,344",,PHARMACY
"38,024",CVS PHARMACY #364,LIMITED LIABILITY COMPANY,CVS PHARMACY #364,,PCY.0001143,PCY,"1,143",,PHARMACY
"36,881",BEACON PRESCRIPTIONS,CORPORATION,BEACON PRESCRIPTIONS,,PCY.0000010,PCY,10,,PHARMACY
"37,794",CVS PHARMACY #1101,LIMITED LIABILITY COMPANY,CVS PHARMACY #1101,,PCY.0000989,PCY,989,,PHARMACY
"38,904",WAL-MART PHARMACY #10-1891,CORPORATION,WAL-MART PHARMACY #10-1891,,PCY.0001455,PCY,"1,455",,PHARMACY
"37,125",WALGREENS #19414,CORPORATION,WALGREENS #19414,WALGREENS #19414,PCY.0000342,PCY,342,,PHARMACY
"217,178","RCS MONROE, LLC",LIMITED LIABILITY COMPANY,"RCS MONROE, LLC",,PCY.0001717,PCY,"1,717",,PHARMACY
"1,215,066",NEW CANAAN PHARMACY,BUSINESS,NEW CANAAN PHARMACY,,PCY.0002292,PCY,"2,292",,PHARMACY
"2,560,243",AMITY HUB LLC,LIMITED LIABILITY COMPANY,AMITY HUB LLC,AMITY PHARMACY,PCY.0002489,PCY,"2,489",,PHARMACY
"1,437,721",GENOA HEALTHCARE LLC,LIMITED LIABILITY COMPANY,GENOA HEALTHCARE LLC,,PCY.0002361,PCY,"2,361",,PHARMACY
"1,610,630",GENOA HEALTHCARE LLC,LIMITED LIABILITY COMPANY,GENOA HEALTHCARE LLC,,PCY.0002382,PCY,"2,382",,PHARMACY
"289,298",CVS PHARMACY #2099,LIMITED LIABILITY COMPANY,CVS PHARMACY #2099,,PCY.0001792,PCY,"1,792",,PHARMACY
"2,583,303",FAIR HAVEN COMMUNITY HEALTH CARE,CORPORATION,FAIR HAVEN COMMUNITY HEALTH CARE,GRAND PHARMACY 111,PCY.0002495,PCY,"2,495",,PHARMACY
"38,223",WALGREENS #17224,BUSINESS,WALGREENS #17224,,PCY.0001201,PCY,"1,201",,PHARMACY
"924,942",SHOPRITE PHARMACY OF HAMDEN,CORPORATION,SHOPRITE PHARMACY OF HAMDEN,,PCY.0002178,PCY,"2,178",,PHARMACY
"911,596",BIG Y PHARMACY #56,CORPORATION,BIG Y PHARMACY #56,,PCY.0002160,PCY,"2,160",,PHARMACY
"1,276,408",SIMPLY PHARMACY,BUSINESS,SIMPLY PHARMACY,,PCY.0002312,PCY,"2,312",,PHARMACY
"241,635",STOP & SHOP SUPERMARKET COMPANY LLC,LIMITED LIABILITY COMPANY,STOP & SHOP SUPERMARKET COMPANY LLC,,PCY.0001280,PCY,"1,280",,PHARMACY
"1,170,519",MAPLE PHARMACY,CORPORATION,MAPLE PHARMACY,,PCY.0002272,PCY,"2,272",,PHARMACY
"445,206",CVS/PHARMACY #17291,LIMITED LIABILITY COMPANY,CVS/PHARMACY #17291,,PCY.0002070,PCY,"2,070",,PHARMACY
"2,209,392",DAILYMED PHARMACY LLC,LIMITED LIABILITY COMPANY,DAILYMED PHARMACY LLC,DAILYMED PHARMACY,PCY.0002433,PCY,"2,433",,PHARMACY
"318,435",CVS PHARMACY #294,LIMITED LIABILITY COMPANY,CVS PHARMACY #294,,PCY.0001128,PCY,"1,128",,PHARMACY
"513,947",CVS/PHARMACY #17425,LIMITED LIABILITY COMPANY,CVS/PHARMACY #17425,,PCY.0000982,PCY,982,,PHARMACY
"244,351",WAL-MART PHARMACY #10-2719,BUSINESS,WAL-MART PHARMACY #10-2719,,PCY.0001765,PCY,"1,765",,PHARMACY
"2,557,461",AVON INFUSION CENTER,CORPORATION,AVON INFUSION CENTER,,PCY.0002486,PCY,"2,486",,PHARMACY
"2,012,494",FIRST CHOICE HEALTH CENTERS,CORPORATION,FIRST CHOICE HEALTH CENTERS,FIRST CHOICE HEALTH CENTER PHARMACY,PCY.0002403,PCY,"2,403",,PHARMACY
"1,613,433",CVS PHARMACY #10316,LIMITED LIABILITY COMPANY,CVS PHARMACY #10316,,PCY.0002383,PCY,"2,383",,PHARMACY
"37,117",SHARON PHARMACY,CORPORATION,SHARON PHARMACY,,PCY.0000294,PCY,294,,PHARMACY
"2,488,056",YALE NEW HAVEN HEALTH PHARMACY - LAWRENCE + MEMORIAL HOSPITAL,BUSINESS,YALE NEW HAVEN HEALTH PHARMACY - LAWRENCE + MEMORIAL HOSPITAL,,PCY.0002472,PCY,"2,472",,PHARMACY
"924,322",WALGREENS #12338,CORPORATION,WALGREENS #12338,WALGREENS # 12338,PCY.0002173,PCY,"2,173",,PHARMACY
"1,056,533",CVS PHARMACY #10130,LIMITED LIABILITY COMPANY,CVS PHARMACY #10130,,PCY.0002236,PCY,"2,236",,PHARMACY
"359,708",WALGREENS #03827,CORPORATION,WALGREENS #03827,WALGREENS 3827,PCY.0000958,PCY,958,,PHARMACY
"286,709",CVS/PHARMACY #16712,LIMITED LIABILITY COMPANY,CVS/PHARMACY #16712,,PCY.0001795,PCY,"1,795",,PHARMACY
"2,244,072",UNITY PHARMACY LLC,LIMITED LIABILITY COMPANY,UNITY PHARMACY LLC,,PCY.0002442,PCY,"2,442",,PHARMACY
"924,540",HANCOCK PHARMACY VII LLC,LIMITED LIABILITY COMPANY,HANCOCK PHARMACY VII LLC,,PCY.0002174,PCY,"2,174",,PHARMACY
"2,004,444",CARE PLUS RX SOLUTIONS LLC,LIMITED LIABILITY COMPANY,CARE PLUS RX SOLUTIONS LLC,V-CARE PHARMACY OF CT,PCY.0002401,PCY,"2,401",,PHARMACY
"225,616",CVS PHARMACY #2056,LIMITED LIABILITY COMPANY,CVS PHARMACY #2056,,PCY.0001736,PCY,"1,736",,PHARMACY
"1,030,220",CVS PHARMACY #5703,LIMITED LIABILITY COMPANY,CVS PHARMACY #5703,,PCY.0002221,PCY,"2,221",,PHARMACY
"284,623",WAL-MART PHARMACY #10-2965,CORPORATION,WAL-MART PHARMACY #10-2965,,PCY.0001786,PCY,"1,786",,PHARMACY
"134,308",STOP & SHOP SUPERMARKET COMPANY LLC,LIMITED LIABILITY COMPANY,STOP & SHOP SUPERMARKET COMPANY LLC,,PCY.0001565,PCY,"1,565",,PHARMACY
861,CVS PHARMACY #1968,LIMITED LIABILITY COMPANY,CVS PHARMACY #1968,,PCY.0001545,PCY,"1,545",,PHARMACY
"181,999",CVS PHARMACY #2210,LIMITED LIABILITY COMPANY,CVS PHARMACY #2210,,PCY.0001627,PCY,"1,627",,PHARMACY
"288,615",CVS/PHARMACY #16603,LIMITED LIABILITY COMPANY,CVS/PHARMACY #16603,,PCY.0001790,PCY,"1,790",,PHARMACY
"2,544,314",MEDICAL HOTSPOTS INC,CORPORATION,MEDICAL HOTSPOTS INC,BAILEY'S PHARMACY,PCY.0002484,PCY,"2,484",,PHARMACY
"37,767",CVS PHARMACY #2022,LIMITED LIABILITY COMPANY,CVS PHARMACY #2022,,PCY.0000899,PCY,899,,PHARMACY
"172,001",STOP & SHOP SUPERMARKET COMPANY LLC,LIMITED LIABILITY COMPANY,STOP & SHOP SUPERMARKET COMPANY LLC,,PCY.0001596,PCY,"1,596",,PHARMACY
"217,504",CVS PHARMACY #0943,LIMITED LIABILITY COMPANY,CVS PHARMACY #0943,,PCY.0001713,PCY,"1,713",,PHARMACY
"2,263,618",STAMFORD HEALTH PHARMACY,CORPORATION,STAMFORD HEALTH PHARMACY,STAMFORD HEALTH PHARMACY,PCY.0002450,PCY,"2,450",,PHARMACY
"412,188",STOP & SHOP SUPERMARKET COMPANY LLC,LIMITED LIABILITY COMPANY,STOP & SHOP SUPERMARKET COMPANY LLC,,PCY.0002004,PCY,"2,004",,PHARMACY
"283,272",STOP & SHOP SUPERMARKET COMPANY LLC,LIMITED LIABILITY COMPANY,STOP & SHOP SUPERMARKET COMPANY LLC,,PCY.0001391,PCY,"1,391",,PHARMACY
"285,801",BIG Y PHARMACY #60,CORPORATION,BIG Y PHARMACY #60,,PCY.0001788,PCY,"1,788",,PHARMACY
"1,161,448",GENOA HEALTHCARE LLC,LIMITED LIABILITY COMPANY,GENOA HEALTHCARE LLC,,PCY.0002266,PCY,"2,266",,PHARMACY
"1,082,304",CVS PHARMACY #85,LIMITED LIABILITY COMPANY,CVS PHARMACY #85,,PCY.0002246,PCY,"2,246",,PHARMACY
"1,142,987","COMMUNITY, A WALGREENS PHARMACY#21185",CORPORATION,"COMMUNITY, A WALGREENS PHARMACY#21185",,PCY.0002259,PCY,"2,259",,PHARMACY
"513,583",CVS/PHARMACY #17491,LIMITED LIABILITY COMPANY,CVS/PHARMACY #17491,,PCY.0002122,PCY,"2,122",,PHARMACY
"1,369,585",MARKET 32 BY PRICE CHOPPER #248,BUSINESS,MARKET 32 BY PRICE CHOPPER #248,,PCY.0002339,PCY,"2,339",,PHARMACY
"38,438",RITE AID #10376,BUSINESS,RITE AID #10376,RITE AID #10376,PCY.0001264,PCY,"1,264",,PHARMACY
"513,342",CVS PHARMACY #17489,CORPORATION,CVS PHARMACY #17489,,PCY.0002121,PCY,"2,121",,PHARMACY
"1,122,178",CVS PHARMACY #5263,LIMITED LIABILITY COMPANY,CVS PHARMACY #5263,,PCY.0002253,PCY,"2,253",,PHARMACY
"184,945",WAL-MART PHARMACY #10-2284,CORPORATION,WAL-MART PHARMACY #10-2284,,PCY.0001640,PCY,"1,640",,PHARMACY
"2,381,903",MIDDLETOWN PHARMACY INC,CORPORATION,MIDDLETOWN PHARMACY INC,,PCY.0002458,PCY,"2,458",,PHARMACY
"2,267,304",YALE NEW HAVEN HEALTH HOME INFUSION,CORPORATION,YALE NEW HAVEN HEALTH HOME INFUSION,YALE NEW HAVEN HEALTH HOME INFUSION PHARMACY,PCY.0002451,PCY,"2,451",,PHARMACY
"517,176",WALGREENS #09746,CORPORATION,WALGREENS #09746,WALGREENS 9746,PCY.0002127,PCY,"2,127",,PHARMACY
"1,426,248",COMMUNITY A WALGREENS PHARMACY #16548,BUSINESS,COMMUNITY A WALGREENS PHARMACY #16548,,PCY.0002358,PCY,"2,358",,PHARMACY
"180,338",WAL-MART PHARMACY #10-2282,CORPORATION,WAL-MART PHARMACY #10-2282,,PCY.0001632,PCY,"1,632",,PHARMACY
"37,354",EAST MAIN PHARMACY,CORPORATION,EAST MAIN PHARMACY,,PCY.0000608,PCY,608,,PHARMACY
"38,228",CVS PHARMACY #629,LIMITED LIABILITY COMPANY,CVS PHARMACY #629,,PCY.0001212,PCY,"1,212",,PHARMACY
"1,371,412",SHOPRITE PHARMACY OF ORANGE,BUSINESS,SHOPRITE PHARMACY OF ORANGE,,PCY.0002340,PCY,"2,340",,PHARMACY
"74,162",WAL-MART PHARMACY #10-1980,CORPORATION,WAL-MART PHARMACY #10-1980,,PCY.0001553,PCY,"1,553",,PHARMACY
"228,049",WALGREENS #03359,CORPORATION,WALGREENS #03359,,PCY.0001539,PCY,"1,539",,PHARMACY
"2,080,333",GENOA HEALTHCARE LLC,LIMITED LIABILITY COMPANY,GENOA HEALTHCARE LLC,,PCY.0002420,PCY,"2,420",,PHARMACY
"168,757",WAL-MART PHARMACY #10-2331,CORPORATION,WAL-MART PHARMACY #10-2331,,PCY.0001581,PCY,"1,581",,PHARMACY
"2,557,814",MIDSTATE MEDICAL INFUSION CENTER,CORPORATION,MIDSTATE MEDICAL INFUSION CENTER,,PCY.0002487,PCY,"2,487",,PHARMACY
"427,489",CVS PHARMACY #1775,LIMITED LIABILITY COMPANY,CVS PHARMACY #1775,,PCY.0002034,PCY,"2,034",,PHARMACY
"38,885",COSTCO PHARMACY #304,BUSINESS,COSTCO PHARMACY #304,,PCY.0001423,PCY,"1,423",,PHARMACY
"37,766",MEDICAL PHARMACY INC,CORPORATION,MEDICAL PHARMACY INC,,PCY.0000892,PCY,892,,PHARMACY
"1,219,165",WEST HAVEN PHARMACY,LIMITED LIABILITY COMPANY,WEST HAVEN PHARMACY,,PCY.0002294,PCY,"2,294",,PHARMACY
"2,578,144",CVS/PHARMACY #17910,LIMITED LIABILITY COMPANY,CVS/PHARMACY #17910,,PCY.0002494,PCY,"2,494",,PHARMACY
"37,552",ACHORN PHARMACY,BUSINESS,ACHORN PHARMACY,,PCY.0000720,PCY,720,,PHARMACY
"469,503",GENOA HEALTHCARE LLC,LIMITED LIABILITY COMPANY,GENOA HEALTHCARE LLC,,PCY.0002090,PCY,"2,090",,PHARMACY
"38,685",CVS PHARMACY #1123,LIMITED LIABILITY COMPANY,CVS PHARMACY #1123,,PCY.0001388,PCY,"1,388",,PHARMACY
"242,635",WAL-MART PHARMACY #10-2954,CORPORATION,WAL-MART PHARMACY #10-2954,,PCY.0001756,PCY,"1,756",,PHARMACY
"174,280",CVS PHARMACY #2143,LIMITED LIABILITY COMPANY,CVS PHARMACY #2143,,PCY.0001587,PCY,"1,587",,PHARMACY
"244,496",DURHAM PHARMACY,BUSINESS,DURHAM PHARMACY,,PCY.0000191,PCY,191,,PHARMACY
"905,856",ELECTRIC BOAT FAMILY PHARMACY,CORPORATION,ELECTRIC BOAT FAMILY PHARMACY,,PCY.0002155,PCY,"2,155",,PHARMACY
"1,417,364",PLAINVILLE COMMUNITY PHARMACY,LIMITED LIABILITY COMPANY,PLAINVILLE COMMUNITY PHARMACY,,PCY.0002355,PCY,"2,355",,PHARMACY
"1,383,651",HEALTH CARE PHARMACY,LIMITED LIABILITY COMPANY,HEALTH CARE PHARMACY,,PCY.0002345,PCY,"2,345",,PHARMACY
"414,149",WALGREENS #07047,CORPORATION,WALGREENS #07047,WALGREENS 7047,PCY.0002012,PCY,"2,012",,PHARMACY
"1,261,901",HANCOCK LTC INC,CORPORATION,HANCOCK LTC INC,,PCY.0002306,PCY,"2,306",,PHARMACY
"37,762",COLONIAL DRUGGISTS INC,CORPORATION,COLONIAL DRUGGISTS INC,,PCY.0000864,PCY,864,,PHARMACY
"281,574",WAL-MART PHARMACY #10-2854,CORPORATION,WAL-MART PHARMACY #10-2854,,PCY.0001783,PCY,"1,783",,PHARMACY
"1,206,019",ARCH STREET PHARMACY,CORPORATION,ARCH STREET PHARMACY,,PCY.0002288,PCY,"2,288",,PHARMACY
"223,842",CVS PHARMACY #1043,LIMITED LIABILITY COMPANY,CVS PHARMACY #1043,,PCY.0001372,PCY,"1,372",,PHARMACY
"37,573",SIMSBURY PHARMACY,SOLE PROPRIETOR,SIMSBURY PHARMACY,SIMSBURY PHARMACY,PCY.0000856,PCY,856,,PHARMACY
"414,164",WALGREENS #01977,CORPORATION,WALGREENS #01977,WALGREENS 1977,PCY.0002013,PCY,"2,013",,PHARMACY
"279,100",WALGREENS #06474,CORPORATION,WALGREENS #06474,,PCY.0001778,PCY,"1,778",,PHARMACY
"38,432",CVS PHARMACY #775,LIMITED LIABILITY COMPANY,CVS PHARMACY #775,,PCY.0001252,PCY,"1,252",,PHARMACY
"2,395,527",Genoa Healthcare LLC,LIMITED LIABILITY COMPANY,Genoa Healthcare LLC,Genoa Healthcare LLC,PCY.0002459,PCY,"2,459",,PHARMACY
"1,327,980",OUTPATIENT PHARMACY SERVICES AT YALE NEW HAVEN HEALTH,BUSINESS,OUTPATIENT PHARMACY SERVICES AT YALE NEW HAVEN HEALTH,,PCY.0002330,PCY,"2,330",,PHARMACY
"247,224",CVS PHARMACY #1038,CORPORATION,CVS PHARMACY #1038,,PCY.0001329,PCY,"1,329",,PHARMACY
"191,685",CVS PHARMACY #2109,LIMITED LIABILITY COMPANY,CVS PHARMACY #2109,,PCY.0001659,PCY,"1,659",,PHARMACY
"2,097,397",METRO PHARMACY LLC,LIMITED LIABILITY COMPANY,METRO PHARMACY LLC,,PCY.0002423,PCY,"2,423",,PHARMACY
"491,226",WALGREENS #09820,CORPORATION,WALGREENS #09820,WALGREENS 9820,PCY.0002106,PCY,"2,106",,PHARMACY
"172,022",STOP & SHOP SUPERMARKET COMPANY LLC,LIMITED LIABILITY COMPANY,STOP & SHOP SUPERMARKET COMPANY LLC,,PCY.0001595,PCY,"1,595",,PHARMACY
"39,110",WAL-MART PHARMACY #10-2022,CORPORATION,WAL-MART PHARMACY #10-2022,,PCY.0001498,PCY,"1,498",,PHARMACY
"910,135",WALGREENS #11533,CORPORATION,WALGREENS #11533,WALGREENS # 11533,PCY.0002157,PCY,"2,157",,PHARMACY
"183,156",WALGREENS #17433,CORPORATION,WALGREENS #17433,,PCY.0001639,PCY,"1,639",,PHARMACY
"284,296",CVS PHARMACY #3795,LIMITED LIABILITY COMPANY,CVS PHARMACY #3795,,PCY.0001787,PCY,"1,787",,PHARMACY
"37,130",BEACON PHARMACY LLC,LIMITED LIABILITY COMPANY,BEACON PHARMACY LLC,ROCKVILLE PHARMACY,PCY.0000358,PCY,358,,PHARMACY
"319,819",CVS PHARMACY #5848,LIMITED LIABILITY COMPANY,CVS PHARMACY #5848,,PCY.0001817,PCY,"1,817",,PHARMACY
"38,019",WALGREENS #01826,CORPORATION,WALGREENS #01826,WALGREENS #1826,PCY.0001135,PCY,"1,135",,PHARMACY
"2,513,866",GENOA HEALTHCARE LLC,LIMITED LIABILITY COMPANY,GENOA HEALTHCARE LLC,,PCY.0002479,PCY,"2,479",,PHARMACY
"480,423",CVS/PHARMACY #17373,LIMITED LIABILITY COMPANY,CVS/PHARMACY #17373,,PCY.0002099,PCY,"2,099",,PHARMACY
"886,046",CVS PHARMACY #4473,LIMITED LIABILITY COMPANY,CVS PHARMACY #4473,,PCY.0002145,PCY,"2,145",,PHARMACY
"38,212",CVS PHARMACY #459,LIMITED LIABILITY COMPANY,CVS PHARMACY #459,,PCY.0001165,PCY,"1,165",,PHARMACY
"39,119",CVS PHARMACY #1966,LIMITED LIABILITY COMPANY,CVS PHARMACY #1966,,PCY.0001510,PCY,"1,510",,PHARMACY
"38,678",CVS PHARMACY #1180,LIMITED LIABILITY COMPANY,CVS PHARMACY #1180,,PCY.0001378,PCY,"1,378",,PHARMACY
"1,418,004",DANIELSON PHARMACY,CORPORATION,DANIELSON PHARMACY,,PCY.0002356,PCY,"2,356",,PHARMACY
"38,900",CVS PHARMACY #1183,CORPORATION,CVS PHARMACY #1183,,PCY.0001450,PCY,"1,450",,PHARMACY
"1,337,244",ALBION-HANCOCK PHARMACY,LIMITED LIABILITY COMPANY,ALBION-HANCOCK PHARMACY,,PCY.0002332,PCY,"2,332",,PHARMACY
"2,079,881",SUNRISE PHARMACY,CORPORATION,SUNRISE PHARMACY,,PCY.0002419,PCY,"2,419",,PHARMACY
"1,343,151",MEDICAL ARTS PHARMACY,BUSINESS,MEDICAL ARTS PHARMACY,,PCY.0002335,PCY,"2,335",,PHARMACY
"975,285",BEACON MEDICATION SERVICES,BUSINESS,BEACON MEDICATION SERVICES,BEACON MEDICATION SERVICES,PCY.0002195,PCY,"2,195",,PHARMACY
"39,111",CVS PHARMACY #1903,LIMITED LIABILITY COMPANY,CVS PHARMACY #1903,,PCY.0001499,PCY,"1,499",,PHARMACY
"924,696",HANCOCK PHARMACY VI,LIMITED LIABILITY COMPANY,HANCOCK PHARMACY VI,,PCY.0002176,PCY,"2,176",,PHARMACY
"428,243",CVS/PHARMACY #17137,LIMITED LIABILITY COMPANY,CVS/PHARMACY #17137,,PCY.0002035,PCY,"2,035",,PHARMACY
"38,216",EYE OF HORUS PHARMACEUTICAL SERVICES LLC,LIMITED LIABILITY COMPANY,EYE OF HORUS PHARMACEUTICAL SERVICES LLC,ABLE CARE PHARMACY AND MEDICAL SUPPLIES,PCY.0001177,PCY,"1,177",,PHARMACY
"65,233",WAL-MART PHARMACY #10-2170,CORPORATION,WAL-MART PHARMACY #10-2170,,PCY.0001519,PCY,"1,519",,PHARMACY
"243,636",STOP & SHOP SUPERMARKET COMPANY LLC,LIMITED LIABILITY COMPANY,STOP & SHOP SUPERMARKET COMPANY LLC,,PCY.0001761,PCY,"1,761",,PHARMACY
"37,989",GRADE A PHARMACY,CORPORATION,GRADE A PHARMACY,GRADE A MARKET,PCY.0000033,PCY,33,,PHARMACY
"1,431,032",KURE RX,CORPORATION,KURE RX,KURE RX,PCY.0002360,PCY,"2,360",,PHARMACY
"36,904",WALGREENS #03579,CORPORATION,WALGREENS #03579,WALGREENS 3579,PCY.0000131,PCY,131,,PHARMACY
"1,529,959",CVS PHARMACY #1987,LIMITED LIABILITY COMPANY,CVS PHARMACY #1987,,PCY.0002379,PCY,"2,379",,PHARMACY
"1,377,032",COMMUNITY HEALTH PHARMACY LLC,LIMITED LIABILITY COMPANY,COMMUNITY HEALTH PHARMACY LLC,COMMUNITY HEALTH PHARMACY,PCY.0002341,PCY,"2,341",,PHARMACY
"173,086",CVS PHARMACY #954,LIMITED LIABILITY COMPANY,CVS PHARMACY #954,,PCY.0001584,PCY,"1,584",,PHARMACY
"491,498",WALGREENS #10244,CORPORATION,WALGREENS #10244,WALGREENS #10244,PCY.0002107,PCY,"2,107",,PHARMACY
"450,313",WALGREENS #09432,CORPORATION,WALGREENS #09432,WALGREENS 9432,PCY.0002076,PCY,"2,076",,PHARMACY
"38,443",CVS PHARMACY #839,CORPORATION,CVS PHARMACY #839,,PCY.0001276,PCY,"1,276",,PHARMACY
"246,433",CVS PHARMACY #811,CORPORATION,CVS PHARMACY #811,,PCY.0001270,PCY,"1,270",,PHARMACY
"139,422",SAINT FRANCISRX #2,CORPORATION,SAINT FRANCISRX #2,,PCY.0001571,PCY,"1,571",,PHARMACY
"39,120",WALGREENS #02858,CORPORATION,WALGREENS #02858,WALGREENS # 2858,PCY.0001511,PCY,"1,511",,PHARMACY
"289,907",STOP & SHOP SUPERMARKET COMPANY LLC,LIMITED LIABILITY COMPANY,STOP & SHOP SUPERMARKET COMPANY LLC,,PCY.0001794,PCY,"1,794",,PHARMACY
"230,525",STOP & SHOP SUPERMARKET COMPANY LLC,LIMITED LIABILITY COMPANY,STOP & SHOP SUPERMARKET COMPANY LLC,,PCY.0001748,PCY,"1,748",,PHARMACY
"1,179,472",CVS PHARMACY #7856,CORPORATION,CVS PHARMACY #7856,,PCY.0002278,PCY,"2,278",,PHARMACY
"289,336",BRIDGEPORT CHEMISTS,BUSINESS,BRIDGEPORT CHEMISTS,HANCOCK PHARMACY,PCY.0000591,PCY,591,,PHARMACY
"376,861",RITE AID #10384,CORPORATION,RITE AID #10384,,PCY.0001883,PCY,"1,883",,PHARMACY
"38,431",STOP & SHOP SUPERMARKET COMPANY LLC,LIMITED LIABILITY COMPANY,STOP & SHOP SUPERMARKET COMPANY LLC,,PCY.0001249,PCY,"1,249",,PHARMACY
"38,902",WALGREENS #17216,CORPORATION,WALGREENS #17216,WALGREENS #17216,PCY.0001453,PCY,"1,453",,PHARMACY
"428,875",CVS PHARMACY #7916,LIMITED LIABILITY COMPANY,CVS PHARMACY #7916,,PCY.0002036,PCY,"2,036",,PHARMACY
"2,539,320",ELM CITY PHARMACIA CORP,CORPORATION,ELM CITY PHARMACIA CORP,ELM CITY PHARMACY,PCY.0002482,PCY,"2,482",,PHARMACY
"890,582",WALGREENS #12058,CORPORATION,WALGREENS #12058,WALGREENS 12058,PCY.0002150,PCY,"2,150",,PHARMACY
"496,778",BIG Y #59,BUSINESS,BIG Y #59,,PCY.0002109,PCY,"2,109",,PHARMACY
"1,157,550",MEDPHARM LTC,CORPORATION,MEDPHARM LTC,,PCY.0002264,PCY,"2,264",,PHARMACY
"921,801",SHOPRITE PHARMACY OF CLINTON,LIMITED LIABILITY COMPANY,SHOPRITE PHARMACY OF CLINTON,,PCY.0002169,PCY,"2,169",,PHARMACY
"38,002",CVS PHARMACY #231,LIMITED LIABILITY COMPANY,CVS PHARMACY #231,,PCY.0001085,PCY,"1,085",,PHARMACY
"39,098",STOP & SHOP SUPERMARKET COMPANY LLC,LIMITED LIABILITY COMPANY,STOP & SHOP SUPERMARKET COMPANY LLC,,PCY.0001470,PCY,"1,470",,PHARMACY
"1,517,225",DEPARTMENT OF VETERANS AFFAIRS PHARMACY,COMPANY,DEPARTMENT OF VETERANS AFFAIRS PHARMACY,,PCY.0002374,PCY,"2,374",,PHARMACY
"246,434",WALGREENS #18169,BUSINESS,WALGREENS #18169,,PCY.0001277,PCY,"1,277",,PHARMACY
"2,071,954",HCAI PHARMACY,LIMITED LIABILITY COMPANY,HCAI PHARMACY,KOOP COMMUNITY PHARMACY,PCY.0002415,PCY,"2,415",,PHARMACY
"37,995",RITE AID #576,BUSINESS,RITE AID #576,RITE AID 576,PCY.0001059,PCY,"1,059",,PHARMACY
"402,514",ANNEX PHARMACY,LIMITED LIABILITY COMPANY,ANNEX PHARMACY,,PCY.0001981,PCY,"1,981",,PHARMACY
"2,457,462",YALE UNIVERSITY HEALTH SERVICE,CORPORATION,YALE UNIVERSITY HEALTH SERVICE,YALE HEALTH CENTER PHARMACY,PCY.0002470,PCY,"2,470",,PHARMACY
"243,980",WALGREENS #17726,CORPORATION,WALGREENS #17726,WALGREENS #17726,PCY.0001502,PCY,"1,502",,PHARMACY
"305,762",SHOPRITE PHARMACY OF DERBY,LIMITED LIABILITY COMPANY,SHOPRITE PHARMACY OF DERBY,GRADE A MARKET - DERBY LLC,PCY.0001803,PCY,"1,803",,PHARMACY
"283,354",WALGREENS #11825,CORPORATION,WALGREENS #11825,WALGREENS 11825,PCY.0001251,PCY,"1,251",,PHARMACY
"37,126",ARROW PRESCRIPTION CENTER #12,BUSINESS,ARROW PRESCRIPTION CENTER #12,,PCY.0000347,PCY,347,,PHARMACY
"38,890",CVS PHARMACY #1280,CORPORATION,CVS PHARMACY #1280,,PCY.0001432,PCY,"1,432",,PHARMACY
"38,236",RITE AID #1404,BUSINESS,RITE AID #1404,,PCY.0001224,PCY,"1,224",,PHARMACY
"366,460",PHARMSCRIPT OF CT LLC,LIMITED LIABILITY COMPANY,PHARMSCRIPT OF CT LLC,,PCY.0001869,PCY,"1,869",,PHARMACY
"467,090",WALGREENS #10144,CORPORATION,WALGREENS #10144,WALGREENS # 10144,PCY.0002088,PCY,"2,088",,PHARMACY
"1,803,953",NUTMEG PHARMACY MOODUS LLC,LIMITED LIABILITY COMPANY,NUTMEG PHARMACY MOODUS LLC,,PCY.0002395,PCY,"2,395",,PHARMACY
"38,247",CVS PHARMACY #623,LIMITED LIABILITY COMPANY,CVS PHARMACY #623,,PCY.0001244,PCY,"1,244",,PHARMACY
"38,886",STOP & SHOP SUPERMARKET COMPANY LLC,LIMITED LIABILITY COMPANY,STOP & SHOP SUPERMARKET COMPANY LLC,,PCY.0001426,PCY,"1,426",,PHARMACY
"445,112",CVS/PHARMACY #17238,LIMITED LIABILITY COMPANY,CVS/PHARMACY #17238,,PCY.0002069,PCY,"2,069",,PHARMACY
"360,302",STOP & SHOP SUPERMARKET COMPANY LLC,LIMITED LIABILITY COMPANY,STOP & SHOP SUPERMARKET COMPANY LLC,,PCY.0001860,PCY,"1,860",,PHARMACY
"38,011",SAINT FRANCISRX #1,CORPORATION,SAINT FRANCISRX #1,,PCY.0001117,PCY,"1,117",,PHARMACY
"258,891",WALGREENS #05948,CORPORATION,WALGREENS #05948,WALGREENS 5948,PCY.0001769,PCY,"1,769",,PHARMACY
"36,890",WALGREENS #17298,BUSINESS,WALGREENS #17298,,PCY.0000066,PCY,66,,PHARMACY
"227,038",STOP & SHOP SUPERMARKET COMPANY LLC,LIMITED LIABILITY COMPANY,STOP & SHOP SUPERMARKET COMPANY LLC,,PCY.0001745,PCY,"1,745",,PHARMACY
"412,187",CVS PHARMACY #7093,LIMITED LIABILITY COMPANY,CVS PHARMACY #7093,,PCY.0002003,PCY,"2,003",,PHARMACY
"38,679",CVS PHARMACY #1109,CORPORATION,CVS PHARMACY #1109,,PCY.0001380,PCY,"1,380",,PHARMACY
"239,331",COSTCO PHARMACY #324,CORPORATION,COSTCO PHARMACY #324,,PCY.0001751,PCY,"1,751",,PHARMACY
"950,970",NUTMEG PHARMACY,LIMITED LIABILITY COMPANY,NUTMEG PHARMACY,,PCY.0002191,PCY,"2,191",,PHARMACY
"154,960",STOP & SHOP SUPERMARKET COMPANY LLC,LIMITED LIABILITY COMPANY,STOP & SHOP SUPERMARKET COMPANY LLC,,PCY.0001679,PCY,"1,679",,PHARMACY
"501,304",CVS PHARMACY #71,LIMITED LIABILITY COMPANY,CVS PHARMACY #71,,PCY.0002116,PCY,"2,116",,PHARMACY
"2,193,492",WEST HARTFORD APOTHECARY LLC,LIMITED LIABILITY COMPANY,WEST HARTFORD APOTHECARY LLC,,PCY.0002431,PCY,"2,431",,PHARMACY
"171,992",STOP & SHOP SUPERMARKET COMPANY LLC,LIMITED LIABILITY COMPANY,STOP & SHOP SUPERMARKET COMPANY LLC,,PCY.0001597,PCY,"1,597",,PHARMACY
"1,614,439",ANCHOR HEALTH INITIATIVE CORP,CORPORATION,ANCHOR HEALTH INITIATIVE CORP,ANCHOR HEALTH INITIATIVE,PCY.0002384,PCY,"2,384",,PHARMACY
"223,411",STOP & SHOP SUPERMARKET COMPANY LLC,LIMITED LIABILITY COMPANY,STOP & SHOP SUPERMARKET COMPANY LLC,,PCY.0001729,PCY,"1,729",,PHARMACY
"244,280",SLAVINS-HANCOCK PHARMACY INC,CORPORATION,SLAVINS-HANCOCK PHARMACY INC,,PCY.0000767,PCY,767,,PHARMACY
"38,241",CVS PHARMACY #750,LIMITED LIABILITY COMPANY,CVS PHARMACY #750,,PCY.0001234,PCY,"1,234",,PHARMACY
"317,348",WAL-MART PHARMACY #10-3548,PARTNERSHIP,WAL-MART PHARMACY #10-3548,,PCY.0001813,PCY,"1,813",,PHARMACY
"38,676",WALGREENS #10647,CORPORATION,WALGREENS #10647,,PCY.0001376,PCY,"1,376",,PHARMACY
"1,243,943",BRASSCITY PHARMACY INC,CORPORATION,BRASSCITY PHARMACY INC,,PCY.0002302,PCY,"2,302",,PHARMACY
"517,666",CVS PHARMACY #2896,LIMITED LIABILITY COMPANY,CVS PHARMACY #2896,,PCY.0002128,PCY,"2,128",,PHARMACY
"36,889",CANFIELD CORNER PHARMACY,BUSINESS,CANFIELD CORNER PHARMACY,,PCY.0000051,PCY,51,,PHARMACY
"289,905",STOP & SHOP SUPERMARKET COMPANY LLC,LIMITED LIABILITY COMPANY,STOP & SHOP SUPERMARKET COMPANY LLC,,PCY.0001793,PCY,"1,793",,PHARMACY
"38,903",STOP & SHOP SUPERMARKET COMPANY LLC,LIMITED LIABILITY COMPANY,STOP & SHOP SUPERMARKET COMPANY LLC,,PCY.0001454,PCY,"1,454",,PHARMACY
"39,125",WALGREENS #03192,CORPORATION,WALGREENS #03192,WALGREENS 3192,PCY.0001521,PCY,"1,521",,PHARMACY
"219,623","COMMUNITY, A WALGREENS PHARMACY #21180",CORPORATION,"COMMUNITY, A WALGREENS PHARMACY #21180",,PCY.0001723,PCY,"1,723",,PHARMACY
,,,,,,,,,
"37,798",WALGREENS #03944,CORPORATION,WALGREENS #03944,WALGREENS #3944,PCY.0000997,PCY,997,,PHARMACY
"520,350",GREENVIEW PHARMACY LLC,LIMITED LIABILITY COMPANY,GREENVIEW PHARMACY LLC,,PCY.0002131,PCY,"2,131",,PHARMACY
"358,276",WALGREENS #07522,CORPORATION,WALGREENS #07522,WALGREENS 7522,PCY.0001855,PCY,"1,855",,PHARMACY
"214,917",STOP & SHOP SUPERMARKET COMPANY LLC,LIMITED LIABILITY COMPANY,STOP & SHOP SUPERMARKET COMPANY LLC,,PCY.0001707,PCY,"1,707",,PHARMACY
"38,225",CVS PHARMACY #671,LIMITED LIABILITY COMPANY,CVS PHARMACY #671,,PCY.0001205,PCY,"1,205",,PHARMACY
"348,647",CVS/PHARMACY #16925,LIMITED LIABILITY COMPANY,CVS/PHARMACY #16925,,PCY.0001842,PCY,"1,842",,PHARMACY
"1,146,910",NEW BRITAIN PHARMACY,LIMITED LIABILITY COMPANY,NEW BRITAIN PHARMACY,,PCY.0002260,PCY,"2,260",,PHARMACY
"172,482",STOP & SHOP SUPERMARKET COMPANY LLC,LIMITED LIABILITY COMPANY,STOP & SHOP SUPERMARKET COMPANY LLC,,PCY.0001586,PCY,"1,586",,PHARMACY
"38,686",CVS PHARMACY #1152,LIMITED LIABILITY COMPANY,CVS PHARMACY #1152,,PCY.0001392,PCY,"1,392",,PHARMACY
"36,895",FINCH PHARMACY INC,CORPORATION,FINCH PHARMACY INC,,PCY.0000088,PCY,88,,PHARMACY
"38,233",STOP & SHOP SUPERMARKET COMPANY LLC,LIMITED LIABILITY COMPANY,STOP & SHOP SUPERMARKET COMPANY LLC,,PCY.0001220,PCY,"1,220",,PHARMACY
"2,244,227",GRAND PHARMACY,CORPORATION,GRAND PHARMACY,FAIR HAVEN COMMUNITY HEALTH CARE AT 50 GRAND,PCY.0002443,PCY,"2,443",,PHARMACY
"38,023",CVS PHARMACY #377,LIMITED LIABILITY COMPANY,CVS PHARMACY #377,,PCY.0001142,PCY,"1,142",,PHARMACY
"1,459,703",A&S CHEMISTS LLC,LIMITED LIABILITY COMPANY,A&S CHEMISTS LLC,A&S PHARMACY,PCY.0002364,PCY,"2,364",,PHARMACY
"364,682",WALGREENS #07566,CORPORATION,WALGREENS #07566,WALGREENS 7566,PCY.0001352,PCY,"1,352",,PHARMACY
"1,132,955",HARTFORD PHARMACY INC,CORPORATION,HARTFORD PHARMACY INC,,PCY.0002255,PCY,"2,255",,PHARMACY
"2,079,093",MILFORD PHARMACY AND HOME CARE INC,CORPORATION,MILFORD PHARMACY AND HOME CARE INC,,PCY.0002418,PCY,"2,418",,PHARMACY
"2,261,340",PHARMACY AT BLUE BACK,LIMITED LIABILITY COMPANY,PHARMACY AT BLUE BACK,,PCY.0002448,PCY,"2,448",,PHARMACY
"283,056",STOP & SHOP SUPERMARKET COMPANY LLC,LIMITED LIABILITY COMPANY,STOP & SHOP SUPERMARKET COMPANY LLC,,PCY.0001187,PCY,"1,187",,PHARMACY
"439,883",PRICE CHOPPER #189,CORPORATION,PRICE CHOPPER #189,PRICE CHOPPER 189,PCY.0002062,PCY,"2,062",,PHARMACY
"246,060",CVS PHARMACY #1044,CORPORATION,CVS PHARMACY #1044,,PCY.0001132,PCY,"1,132",,PHARMACY
"245,610",STOP & SHOP SUPERMARKET COMPANY LLC,LIMITED LIABILITY COMPANY,STOP & SHOP SUPERMARKET COMPANY LLC,,PCY.0001763,PCY,"1,763",,PHARMACY
"38,007",WALGREENS #16080,CORPORATION,WALGREENS #16080,,PCY.0001108,PCY,"1,108",,PHARMACY
"394,660",RXHEALTH,LIMITED LIABILITY COMPANY,RXHEALTH,,PCY.0001961,PCY,"1,961",,PHARMACY
"38,870",CVS PHARMACY #1125,LIMITED LIABILITY COMPANY,CVS PHARMACY #1125,,PCY.0001393,PCY,"1,393",,PHARMACY
"38,669",CVS PHARMACY #1089,LIMITED LIABILITY COMPANY,CVS PHARMACY #1089,,PCY.0001368,PCY,"1,368",,PHARMACY
"37,539",JEWETT CITY PHARMACY,BUSINESS,JEWETT CITY PHARMACY,,PCY.0000657,PCY,657,,PHARMACY
"1,665,624",BEACON PRESCRIPTIONS,BUSINESS,BEACON PRESCRIPTIONS,,PCY.0002391,PCY,"2,391",,PHARMACY
"37,770",HANCOCK'S PHARMACY AND SURGICAL CENTER,BUSINESS,HANCOCK'S PHARMACY AND SURGICAL CENTER,,PCY.0000897,PCY,897,,PHARMACY
"230,523",STOP & SHOP SUPERMARKET COMPANY LLC,LIMITED LIABILITY COMPANY,STOP & SHOP SUPERMARKET COMPANY LLC,,PCY.0001747,PCY,"1,747",,PHARMACY
"38,242",WALGREENS #06968,CORPORATION,WALGREENS #06968,WALGREENS 6968,PCY.0001238,PCY,"1,238",,PHARMACY
"38,672",STOP & SHOP SUPERMARKET COMPANY LLC,LIMITED LIABILITY COMPANY,STOP & SHOP SUPERMARKET COMPANY LLC,,PCY.0001371,PCY,"1,371",,PHARMACY
"460,886",MEDICINE SHOPPE (THE),LIMITED LIABILITY COMPANY,MEDICINE SHOPPE (THE),,PCY.0002084,PCY,"2,084",,PHARMACY
"488,798",BIG Y # 84,CORPORATION,BIG Y # 84,,PCY.0002103,PCY,"2,103",,PHARMACY
"239,318",CVS PHARMACY #2525,LIMITED LIABILITY COMPANY,CVS PHARMACY #2525,,PCY.0001690,PCY,"1,690",,PHARMACY
"38,220",CVS PHARMACY #388,LIMITED LIABILITY COMPANY,CVS PHARMACY #388,,PCY.0001188,PCY,"1,188",,PHARMACY
"1,133,657",HANCOCK PHARMACY III LLC,LIMITED LIABILITY COMPANY,HANCOCK PHARMACY III LLC,,PCY.0002256,PCY,"2,256",,PHARMACY
"368,470",WAL-MART PHARMACY #10-5439,LIMITED LIABILITY COMPANY,WAL-MART PHARMACY #10-5439,,PCY.0001873,PCY,"1,873",,PHARMACY
"234,685",CVS PHARMACY #185,LIMITED LIABILITY COMPANY,CVS PHARMACY #185,,PCY.0001103,PCY,"1,103",,PHARMACY
"246,428",CVS PHARMACY #691,LIMITED LIABILITY COMPANY,CVS PHARMACY #691,,PCY.0001229,PCY,"1,229",,PHARMACY
"222,256",WALGREENS #10483,CORPORATION,WALGREENS #10483,WALGREENS #10483,PCY.0001728,PCY,"1,728",,PHARMACY
"2,215,832",WESTON PHARMACY LLC,LIMITED LIABILITY COMPANY,WESTON PHARMACY LLC,,PCY.0002435,PCY,"2,435",,PHARMACY
"38,877",WALGREENS #11619,CORPORATION,WALGREENS #11619,WALGREENS 11619,PCY.0001402,PCY,"1,402",,PHARMACY
"519,234",SAM'S CLUB PHARMACY #10-6636,PARTNERSHIP,SAM'S CLUB PHARMACY #10-6636,,PCY.0002129,PCY,"2,129",,PHARMACY
"38,883",WALGREENS #05723,CORPORATION,WALGREENS #05723,WALGREENS 5723,PCY.0001418,PCY,"1,418",,PHARMACY
"39,122",CVS PHARMACY #123,LIMITED LIABILITY COMPANY,CVS PHARMACY #123,,PCY.0001515,PCY,"1,515",,PHARMACY
"499,988",WALGREENS #10261,CORPORATION,WALGREENS #10261,WALGREEN # 10261,PCY.0002113,PCY,"2,113",,PHARMACY
"38,463",WALGREENS #07584,CORPORATION,WALGREENS #07584,WALGREENS 7584,PCY.0001313,PCY,"1,313",,PHARMACY
"2,569,842",NEWTOWN HEALTH PHARMACY INC,CORPORATION,NEWTOWN HEALTH PHARMACY INC,,PCY.0002490,PCY,"2,490",,PHARMACY
"1,520,991",GENOA HEALTHCARE LLC,LIMITED LIABILITY COMPANY,GENOA HEALTHCARE LLC,,PCY.0002375,PCY,"2,375",,PHARMACY
"36,903",GRIEBS DARIEN PHARMACY INC,CORPORATION,GRIEBS DARIEN PHARMACY INC,,PCY.0000118,PCY,118,,PHARMACY
"232,557",WAL-MART PHARMACY #10-2897,PARTNERSHIP,WAL-MART PHARMACY #10-2897,,PCY.0001746,PCY,"1,746",,PHARMACY
"943,683",SHOPRITE OF STRATFORD,LIMITED LIABILITY COMPANY,SHOPRITE OF STRATFORD,,PCY.0002183,PCY,"2,183",,PHARMACY
"921,171",SHOPRITE PHARMACY OF SOUTHBURY,LIMITED LIABILITY COMPANY,SHOPRITE PHARMACY OF SOUTHBURY,SHOPRITE OF SOUTHBURY,PCY.0002168,PCY,"2,168",,PHARMACY
"2,258,175",BROOKFIELD PHARMACY,BUSINESS,BROOKFIELD PHARMACY,,PCY.0002445,PCY,"2,445",,PHARMACY
"1,667,156",WESTPORT APOTHECARY LLC,LIMITED LIABILITY COMPANY,WESTPORT APOTHECARY LLC,,PCY.0002392,PCY,"2,392",,PHARMACY
"37,984",CVS PHARMACY #1102,LIMITED LIABILITY COMPANY,CVS PHARMACY #1102,,PCY.0001024,PCY,"1,024",,PHARMACY
"438,884",WALGREENS #09612,CORPORATION,WALGREENS #09612,WALGREENS 9612,PCY.0002060,PCY,"2,060",,PHARMACY
"1,169,395",GENOA HEALTHCARE LLC,LIMITED LIABILITY COMPANY,GENOA HEALTHCARE LLC,,PCY.0002270,PCY,"2,270",,PHARMACY
"37,314",DIXWELL PHARMACY LLC,LIMITED LIABILITY COMPANY,DIXWELL PHARMACY LLC,APEX PHARMACY & HOME CARE CENTER,PCY.0000382,PCY,382,,PHARMACY
"2,501,401","KABILA WELLNESS, LLC",LIMITED LIABILITY COMPANY,"KABILA WELLNESS, LLC",VITAL CARE OF SHELTON,PCY.0002474,PCY,"2,474",,PHARMACY
"74,160",STOP & SHOP SUPERMARKET COMPANY LLC,LIMITED LIABILITY COMPANY,STOP & SHOP SUPERMARKET COMPANY LLC,,PCY.0001551,PCY,"1,551",,PHARMACY
"438,882",WALGREENS #09521,CORPORATION,WALGREENS #09521,WALGREENS 9521,PCY.0002059,PCY,"2,059",,PHARMACY
"139,983",WAL-MART PHARMACY #10-2371,CORPORATION,WAL-MART PHARMACY #10-2371,,PCY.0001569,PCY,"1,569",,PHARMACY
"408,344",STOP & SHOP SUPERMARKET COMPANY LLC,LIMITED LIABILITY COMPANY,STOP & SHOP SUPERMARKET COMPANY LLC,,PCY.0001994,PCY,"1,994",,PHARMACY
"38,210",CVS PHARMACY #1097,LIMITED LIABILITY COMPANY,CVS PHARMACY #1097,,PCY.0001156,PCY,"1,156",,PHARMACY
"38,871",STOP & SHOP SUPERMARKET COMPANY LLC,LIMITED LIABILITY COMPANY,STOP & SHOP SUPERMARKET COMPANY LLC,,PCY.0001394,PCY,"1,394",,PHARMACY
"38,464",STOP & SHOP SUPERMARKET COMPANY LLC,LIMITED LIABILITY COMPANY,STOP & SHOP SUPERMARKET COMPANY LLC,,PCY.0001320,PCY,"1,320",,PHARMACY
"249,877",BISSELL PHARMACY,BUSINESS,BISSELL PHARMACY,,PCY.0000023,PCY,23,,PHARMACY
"37,129",RITE AID #1087,BUSINESS,RITE AID #1087,RITE AID 1087,PCY.0000357,PCY,357,,PHARMACY
"244,522",W H PICKETT DRUG CO,BUSINESS,W H PICKETT DRUG CO,,PCY.0000421,PCY,421,,PHARMACY
"247,613",RITE AID #3264,BUSINESS,RITE AID #3264,RITE AID PHARMACY 3264,PCY.0001456,PCY,"1,456",,PHARMACY
"283,469",MCQUADE'S PHARMACY INC,CORPORATION,MCQUADE'S PHARMACY INC,,PCY.0001547,PCY,"1,547",,PHARMACY
"137,281",CVS PHARMACY #1941,CORPORATION,CVS PHARMACY #1941,,PCY.0001532,PCY,"1,532",,PHARMACY
"73,598",CVS PHARMACY #124,CORPORATION,CVS PHARMACY #124,,PCY.0001556,PCY,"1,556",,PHARMACY
"362,647",COSTCO PHARMACY #780,CORPORATION,COSTCO PHARMACY #780,,PCY.0001865,PCY,"1,865",,PHARMACY
"1,164,106",GENOA HEALTHCARE LLC,LIMITED LIABILITY COMPANY,GENOA HEALTHCARE LLC,,PCY.0002267,PCY,"2,267",,PHARMACY
"1,496,749",DANBURY PHARMACY LLC,LIMITED LIABILITY COMPANY,DANBURY PHARMACY LLC,DANBURY PHARMACY,PCY.0002371,PCY,"2,371",,PHARMACY
"50,409",RITE AID #4620,CORPORATION,RITE AID #4620,RITE AID PHARMACY 4620,PCY.0001618,PCY,"1,618",,PHARMACY
"37,561",PETRICONE'S TORRINGTON PHARMACY,CORPORATION,PETRICONE'S TORRINGTON PHARMACY,,PCY.0000773,PCY,773,,PHARMACY
"187,702",BIG Y PHARMACY #5,CORPORATION,BIG Y PHARMACY #5,,PCY.0001647,PCY,"1,647",,PHARMACY
"488,181",BIG Y PHARMACY #87,CORPORATION,BIG Y PHARMACY #87,,PCY.0002102,PCY,"2,102",,PHARMACY
"129,649",RFC HEALTH CARE SERVICES INC,CORPORATION,RFC HEALTH CARE SERVICES INC,,PCY.0001538,PCY,"1,538",,PHARMACY
"1,468,831",WOODMARK PHARMACY OF CT LLC,LIMITED LIABILITY COMPANY,WOODMARK PHARMACY OF CT LLC,WOODMARK PHARMACY,PCY.0002366,PCY,"2,366",,PHARMACY
"916,005",HANCOCK PHARMACY 2,CORPORATION,HANCOCK PHARMACY 2,,PCY.0002165,PCY,"2,165",,PHARMACY
"1,275,709",RIVERSIDE PHARMACY INC,CORPORATION,RIVERSIDE PHARMACY INC,,PCY.0002311,PCY,"2,311",,PHARMACY
"472,358",BIG Y PHARMACY #17,CORPORATION,BIG Y PHARMACY #17,,PCY.0002093,PCY,"2,093",,PHARMACY
"314,839",WALGREENS #06966,CORPORATION,WALGREENS #06966,WALGREENS 6966,PCY.0001812,PCY,"1,812",,PHARMACY
"187,385",STOP & SHOP SUPERMARKET COMPANY LLC,LIMITED LIABILITY COMPANY,STOP & SHOP SUPERMARKET COMPANY LLC,,PCY.0001645,PCY,"1,645",,PHARMACY
"2,044,275",CVS/PHARMACY # 11081,LIMITED LIABILITY COMPANY,CVS/PHARMACY # 11081,,PCY.0002410,PCY,"2,410",,PHARMACY
"38,000",WALGREENS #18975,CORPORATION,WALGREENS #18975,,PCY.0001076,PCY,"1,076",,PHARMACY
"39,099",WALGREENS #02976,CORPORATION,WALGREENS #02976,WALGREENS #2976,PCY.0001471,PCY,"1,471",,PHARMACY
"39,105",STOP & SHOP SUPERMARKET COMPANY LLC,LIMITED LIABILITY COMPANY,STOP & SHOP SUPERMARKET COMPANY LLC,,PCY.0001486,PCY,"1,486",,PHARMACY
"38,447",BIG Y PHARMACY #31,CORPORATION,BIG Y PHARMACY #31,,PCY.0001288,PCY,"1,288",,PHARMACY
"134,544",CVS PHARMACY #135,LIMITED LIABILITY COMPANY,CVS PHARMACY #135,,PCY.0001568,PCY,"1,568",,PHARMACY
"460,144",WAL-MART STORE #3803,PARTNERSHIP,WAL-MART STORE #3803,,PCY.0002080,PCY,"2,080",,PHARMACY
"2,440,920",BRIDGE PHARMACY,LIMITED LIABILITY COMPANY,BRIDGE PHARMACY,BRIDGECARE PHARMACY,PCY.0002469,PCY,"2,469",,PHARMACY
"317,813",RITE AID #3440,BUSINESS,RITE AID #3440,RITE AID PHARMACY 3440,PCY.0001488,PCY,"1,488",,PHARMACY
"38,215",CARDINAL HEALTH 414 LLC,CORPORATION,CARDINAL HEALTH 414 LLC,,PCY.0001176,PCY,"1,176",,PHARMACY
"246,051",WALGREENS #21268,CORPORATION,WALGREENS #21268,WALGREENS 21268,PCY.0000973,PCY,973,,PHARMACY
"2,097,495",BRISTOL HEALTH PHARMACY LLC,LIMITED LIABILITY COMPANY,BRISTOL HEALTH PHARMACY LLC,,PCY.0002424,PCY,"2,424",,PHARMACY
"249,883",STOP & SHOP SUPERMARKET COMPANY LLC,LIMITED LIABILITY COMPANY,STOP & SHOP SUPERMARKET COMPANY LLC,,PCY.0001232,PCY,"1,232",,PHARMACY
"306,093",CVS PHARMACY #2682,LIMITED LIABILITY COMPANY,CVS PHARMACY #2682,,PCY.0001801,PCY,"1,801",,PHARMACY
"533,235",CVS PHARMACY #17490,CORPORATION,CVS PHARMACY #17490,,PCY.0002143,PCY,"2,143",,PHARMACY
"186,608",CVS PHARMACY #2140,LIMITED LIABILITY COMPANY,CVS PHARMACY #2140,,PCY.0001649,PCY,"1,649",,PHARMACY
"38,880",CVS PHARMACY #172,LIMITED LIABILITY COMPANY,CVS PHARMACY #172,,PCY.0001414,PCY,"1,414",,PHARMACY
