Docket or petition number,Town,Address,User,Tower type,Antenna height,Tower height,Antennas,5G services,Backup power type
East Hampton,* Public Works Drive,Sprint,monopole,177,180,,,,
Brooklyn,** Tiffany Street,Cingular,water tank,131,130,,,,
Bloomfield,*** Park Avenue,T-Mobile,monopole,138,140,,,,
Bridgeport,*** Kaechele Place,ATT Wireless,monopole,140,150,,,,
,Berlin,*** Kensington Road,T-Mobile,monopole,181,190,,,
Bloomfield,*** Blue Hills Avenue,Verizon,monopole,110,110,,,,
Colchester,** Westchester Road,Cingular,monopole,159,180,,,,
Bolton,*** Boston Turnpike,United Cable TV Corp,self-support lattice,48,63,,,,
East Haddam,*** Parker Road,SNET/SCLP,guyed-lattice,194,300,,,,
Brooklyn,*** Grant Hill Road,Sprint,monopole,,150,,,,
,Avon,** Redwood Lane,Pocket (now MetroPCS),monopole,77,105,,,
Cromwell,*** Berlin Road,AT&T,self-support lattice,82,111,,,,
Branford,** Sylvia Street,Verizon,monopole,112,125,,,15kW diesel generator,
Branford,*** West Main Street,Verizon,monopole,110,120,,,diesel generator,
Colchester,*** Old Hartford Road,AT&T,monopole,55,61,,,,
,Ansonia,*** Wakelee Avenue,Clearwire,self-support lattice,194,196,,,
Bloomfield,*** Park Avenue,Sprint,monopole,115,140,,,,
Colchester,*** Route **,Cingular,monopole,150,180,,,,
East Hampton,*** Young Street,AT&T,monopole,120,120,,,,
,Ashford,** Seles Road,Cingular,guyed-lattice,140,190,,,
,Avon,** Redwood Lane,Clearwire,monopole,91,105,,,
Colchester,** Munn Road,Omni,self-support lattice,238,320,,,,
Coventry,*** Riley Mountain Road,AT&T,monopole,,150,,,diesel generator,
Petition No. 479,Bethel,* Stony Hill Road,Nextel/AT&T,utility pole,156; 145,140,,,
,Avon,*** Deercliff Road,DISH,guyed-lattice,202,560,,yes,
Branford,*** Brushy Plain Road,SNET/SCLP,monopole,132,150,,,,
Cheshire,*** Highland Avenue,Cingular/AT&T,monopole,138,160,,,,
,Ansonia,*** Wakelee Avenue,Cingular/AT&T,self-support lattice,158,196,,,
East Haddam,Haywardville Road,AT&T,monopole,177,180,,,diesel generator,
Docket No. 173,Beacon Falls,*** Rimmon Hill Road,BAM,monopole,150,160,,,
East Haven,*** Commerce Street,Cingular,monopole,57,57,,,,
Cheshire,*** Highland Avenue,Verizon,monopole,117,160,,,,
Colchester,** Munn Road,Verizon,self-support lattice,175,320,,,,
,Avon,** Redwood Lane,AT&T,monopole,100,105,,,
Bloomfield,* Hoskins Road,Cingular,self-support lattice,155,180,,,,
,Bloomfield,**** Blue Hills Avenue,AT&T,self-support lattice,97,130,,,
Bristol,*** Terryville Avenue,Verizon,monopole,140,170,,,,
,Andover,*** Bunker Hill Road,AT&T,monopole,137,178,,,
,Ansonia,*** Wakelee Avenue,Verizon,self-support lattice,178,196,,,
Burlington,** Nepaug Road,Sprint,monopole,110,120,,,,
Danbury,** Sugar Hollow Road,DISH,monopole,59,106,,yes,,
,Beacon Falls,*** Lopus Road,T-Mobile,monopole,135,150,,,
Bolton,*** Vernon Road,CL&P/NU,guyed-lattice,see comments,280,,,,
,Bethel,** Spring Hill Lane,Verizon,monopole,95,125,,,
Clinton,** Meadow Road,AT&T,self-support lattice,,,,,diesel generator,30-kilowatt
,Avon,** Montevideo Road,T-Mobile,self-support lattice,147,150,,,
Deep River,*** Winthrop Road,Verizon,monopole,178,180,,,,
,Beacon Falls,*** Rimmon Hill Road,Cingular/AT&T,monopole,157,170,,,
Bridgeport,*** Pine Street,Sprint Nextel,self-support lattice,85,250,,,,
,Berlin,**** Chamberlain Highway,Verizon,monopole,94,125,,,
,Ansonia,*** Wakelee Avenue,SNET/Cingular,self-support lattice,167,196,,,
Danbury,** Hospital Avenue,Sprint Nextel,rooftop,"155, 131",185,,,,
Bozrah,Polly Lane,Cingular,guyed-lattice,192,185,,,,
Deep River,*** Winthrop Road,VoiceStream,monopole,160,180,,,,
,Beacon Falls,*** Rimmon Hill Road,Nextel,monopole,137-5,160,,,
,Avon,*** Deercliff Road,Lightsquared,guyed-lattice,557,560,,,
Cromwell,*** West Street,Verizon,monopole,64,77,,,,
Docket No. 172,Berlin,*** New Park Drive,TCI Cable,n/a,,,,,
,Ashford,** Janoski Road,SNET/Cingular,self-support lattice,140,190,,,
,Berlin,**** Chamberlain Highway,T-Mobile,monopole,101,125,,,
Branford,***-*** North Main Street,Verizon,monopole,"97, 103",110,,,,
,Avon,** Redwood Lane,Cingular,monopole,97,105,,,
,Avon,*** Deercliff Road,Pocket (now MetroPCS),guyed-lattice,214,560,,,
Branford,*** West Main Street,Verizon,monopole,110,130,,,,
Bolton,** South Street,AT&T,monopole,120,120,,,,
Bolton,*** Vernon Road,AT&T,guyed-lattice,164,280,,,,
,Bethany,* Meyers Road,Cingular,self-support lattice,165,338,,,
Bloomfield,* Hoskins Road,BAM,self-support lattice,145,180,,,,
,Bloomfield,**** Blue Hills Avenue,T-Mobile,self-support lattice,127,130,,,
East Hartford,*** Prestige Park Road,SNET Cellular,monopole,150,150,,,,
,Ashford,** Seles Road,AT&T,guyed-lattice,138,190,,,
Colchester,** Munn Road,New Cingular,self-support lattice,200,320,,,,
,Avon,** Redwood Lane,T-Mobile,monopole,top,105,,,
Bristol,*** Terryville Avenue,Sprint,monopole,158,170,,,,
Cheshire,*** Higgins Road,T-Mobile,self-support lattice (type J),212,269,,,,
Bridgeport,*** Kaechele Place,SNET/SCLP,monopole,157,150,,,,
,Berlin,**** Chamberlain Highway,Pocket (now MetroPCS),monopole,75,125,,,
Durham,***R Old Blue Hills Road,Sprint,monopole,87,120,,,,
,Andover,*** Bunker Hill Road,SNET,monopole,137,180,,,
Bloomfield,* Hoskins Road,SNET/SCLP,self-support lattice,50,180,,,,
Cheshire,*** Higgins Road,Verizon,self-support lattice,top,250,,,,
East Granby,*** Newgate Road,BAM,monopole,80,83,,,,
,Bethany,* Meyers Road,Cingular,self-support lattice,n/a,338,,,
Clinton,** Meadow Road,,self-support lattice,,195,,,,
Danbury,** Newtown Road,Sprint Nextel,monopole,78,96,,,,
Bloomfield,** Brewer Drive,Omni,monopole,110,120,,,,
,Berlin,*** Beckley Road,Verizon,monopole,116,150,,,
East Granby,** South Main Street,T-Mobile,monopole,90,98,,,,
Deep River,*** Winthrop Road,DISH,monopole,140,180,,yes,,
Colchester,*** Route **,DISH,monopole,120,180,,yes,,
Cheshire,**** Highland Avenue,var.,silo,var.,78,,,,
Danbury,** Padanaram Road,AT&T,monopole,140,145,,yes,diesel fueled,15-kilowatt
,Andover,*** Bunker Hill Road,DISH,monopole,124,178,,yes,
Danbury,** Newtown Road,AT&T,monopole,,96,,,,
,Ashford,** Seles Road,Sprint,guyed-lattice,170,190,,,
Bloomfield,* Hoskins Road,Cingular/AT&T,self-support lattice,108,180,,,,
Branford,***-*** North Main Street,DISH,monopole,136,147,,yes,,
Cheshire,**** Highland Avenue,,silo,,78,,yes,deisel generator,80 kW
Clinton,** Cow Hill Road,Verizon,self-support lattice,209,212,,,,
Canton,** Powder Mill Road,T-Mobile,monopole,167,180,,yes,,
Cheshire,*** Highland Avenue,AT&T,monopole,138,160,,,,
Danbury,** Hospital Avenue,Sprint,rooftop,var.,185,,,,
,Ansonia,*** Wakelee Avenue,Verizon,self-support lattice,178,196,,,diesel generator
Sub-petition No. 1133,Berlin,**** Chamberlain Highway,AT&T,monopole,133,133,,,
Bristol,*** Terryville Avenue,Sprint,monopole,150,170,,,,
Danbury,*** Boxwood Lane,T-Mobile,self-support lattice,83,100,,,,
Danbury,** West Street,AT&T,self-support lattice,47.6' & 54.5',73,,,,
Canterbury,** Cemetery Road,Verizon,monopole,157,160,,,battery & diesel generator,20-kW
Cheshire,*** Academy Road,Verizon,Monopine,90,95,,,,
Cromwell,*** Berlin Road,T-Mobile,self-support lattice,108,111,,,,
Cromwell,*** Coles Road,,,,,,,,
Clinton,** Meadow Road,AT&T,self-support lattice,150,195,,,,
Branford,** Sylvia Street,Sprint,monopole,,,,,,
Branford,*** Brushy Plain Road,Verizon,monopole,110,154,,,,
,Berlin,*** Kensington Road,Cingular,monopole,149,190,,,
Clinton,** Meadow Road,T-Mobile,self-support lattice,193,195,,,,
Brooklyn,Wolf Den Road,Tele-Media,guyed-lattice,145,150,,,,
,Ansonia,*** Wakelee Avenue,Sprint,self-support lattice,185,196,,,
Cromwell,*** Main Street,Cingular,monopole,115,125,,,,
Cromwell,*** Main Street,DISH,monopole,85,125,,yes,,
Petititon No. 1532,Avon,*** Deercliff Road,T-Mobile,guyed-lattice,,,,,
Burlington,** Nepaug Road,New Cingular,monopole,120,120,,,,
Bloomfield,* Hoskins Road,Sprint,self-support lattice,80,100,,,,
,Beacon Falls,** Rice Lane,T-Mobile,monopole,142,160,,,
,Bethany,* Meyers Road,Light Squared,self-support lattice,326,338,,,
East Hartford,*** Sunset Ridge Drive,T-Mobile,self-support lattice,120,140,,,,
Colebrook,*** Pinney Street,AT&T,monopole,140,150,,,,
Bristol,** Farmington Avenue,Verizon,small cell,27,17,,,,
Danbury,* Westview Drive,T-Mobile,self-support lattice,50,100,,,,
Bolton,** South Street,Pocket (now MetroPCS),monopole,99,120,,,,
Branford,***-*** North Main Street,Sprint,monopole,n/a,157,,,diesel,
Bridgeport,*** Pine Street,Sprint,self-support lattice,118,250,,,,
East Hampton,* Public Works Drive,Cingular,monopole,170,180,,,,
Bolton,*** Vernon Road,BAM,guyed-lattice,120/112',280,,,,
Danbury,** Hospital Avenue,T-Mobile,rooftop,127,185,,,,
Chaplin,*** Palmer Road,American Tower Corporation,,,,,,diesel generator,50-kilowatt
Branford,***-*** North Main Street,BAM,monopole,110,110,,,,
Colchester,*** Route **,Verizon,monopole,163,180,,,,
Colchester,*** Route **,AT&T,monopole,150,180,,,,
Canterbury,** Westminster Road,DISH,monopole,141,180,,yes,,
,Ashford,** Knowlton Hill Road,,monopole,,150,,,
,Bethany,* Meyers Road,American Tower,self-support lattice,n/a,338,,,diesel generator
,Bloomfield,**** Blue Hills Avenue,AT&T Wireless,self-support lattice,108,125,,,
Cromwell,*** Berlin Road,MetroPCS,self-support lattice,,111,,,,
Cheshire,**** Cheshire Street,T-Mobile,monopole,129,170,,yes,diesel generator,25-kilowatt
Cromwell,*** West Street,MetroPCS,monopole,,77,,,,
Cheshire,*** Highland Avenue,Sprint Nextel,monopole,158,160,,,,
Bridgeport,**** Trumbull Avenue,BAM,self-support lattice,132,240,,,,
Cheshire,*** Higgins Road,Verizon,self-support lattice,250,250,,,,
Durham,***R Old Blue Hills Road,Verizon,monopole,100,120,,,,
Colchester,*** Route **,,monopole,,180,,,diesel generator,
East Haddam,*** Honey Hill Road,Sprint,monopole,140,150,,,,
,Berlin,**** Chamberlain Highway,AT&T,monopole,65,125,,,
,Andover,*** Jonathan Trumbull Highway,AT&T,monopole,149,150,,,
,Ashford,** Janoski Road,Verizon,self-support lattice,180,190,,,
Brooklyn,*** Brown Rd,T-Mobile,monopole,138,150,,yes,,
Branford,*** West Main Street,Sprint,monopole,120,130,,,,
Brooklyn,*** Grant Hill Road,Cingular,monopole,127,150,,,,
Cheshire,*** Highland Avenue,Cingular,monopole,128,160,,,,
Cheshire,**** Highland Avenue,AT&T,silo,54,78,,,,
East Haven,*** Commerce Street,AT&T,monopole,54,58,,,,
Bristol,*** Terryville Avenue,AT&T,monopole,169,170,,,,
,Berlin,*** Kensington Road,Pocket (now MetroPCS),monopole,106,190,,,
Canaan (Falls Village),*** Route * South,AT&T,monopoleonopine,140,150,,,diesel generator,
Bridgeport,**** Trumbull Avenue,BAM,self-support lattice,145,240,,,,
Brookfield,** Vale Road,AT&T,monopole,161,165,,,,
Bridgeport,*** Kaechele Place,SNET/SCLP,monopole,,,,,,
,Bethel,** Francis J. Clarke Circle,Sprint,monopole,157,155,,,
Bristol,*** Terryville Avenue,Cingular,monopole,169,170,,,,
Danbury,Moses Mountain,SNET/Bell South Wireless,self-support lattice,71,65,,,,
,Bethel,* Stony Hill Road,AT&T Wireless,utility pole,n/a,140,,,
East Hartford,*** Roberts Street Rear,MetroPCS,monopole,100,130,,,,
,Ashford,** Janoski Road,MetroPCS,self-support lattice,160,190,,,
Canton,*** East Hill Road,DISH,monopole,108,150,,yes,,
Chaplin,*** Davis Road,Sprint,monopole,,175,,,,
Bridgeport,**** Trumbull Avenue,Nextel,self-support lattice,,240,,,diesel generator,
Canton,*** East Hill Road,SNET/SCLP/DPS,monopole,117,150,,,,
Colchester,Chestnut Hill Road,Cingular/AT&T,monopole,157,180,,,,
,Avon,** Redwood Lane,Sprint,monopole,87,105,,,
Bristol,*** Terryville Avenue,MetroPCS,monopole,,170,,,,
Branford,*** Brushy Plain Road,SNET/SCLP,monopole,152,150,,,,
East Granby,** South Main Street,T-Mobile,monopole,90,98,,yes,,
,Andover,*** Bunker Hill Road,Verizon,monopole,158,180,,,
Coventry,*** Main Street,AT&T,monopole,90,102,,,,
Bristol,*** Terryville Avenue,AT&T,monopole,,170,,,diesel generator,
Danbury,Moses Mountain,SNET/SCLP/Personal Vision,self-support lattice,53,65,,,,
Darien,*** Ledge Road,AT&T,monopole,,120,,,diesel generator,250-gallon tank
,Bloomfield,**** Blue Hills Avenue,Pocket (now MetroPCS),self-support lattice,77,130,,,
Canton,*** East Hill Road,Pocket (now MetroPCS),monopole,144,150,,,,
East Haven,*** Commerce Street,AT&T,,,,,,,
Durham,***R Old Blue Hills Road,DISH,monopole,34,120,,yes,,
Colchester,** Old Hartford Road,T-Mobile,self-support lattice,97,100,,,,
Danbury,** Sugar Hollow Road,Sprint,monopole,90,106,,,,
Bloomfield,** Brewer Drive,T-Mobile,monopole,108,120,,,,
Cheshire,*** Academy Road,Verizon,Monopine,90,95,,yes,,
,Avon,** Montevideo Road,T-Mobile,self-support lattice,136,150,,,
Branford,* Beaver Road,AT&T,self-support lattice,113,125,,,,
Cromwell,*** Main Street,Verizon,monopole,85,125,,,,
Darien,*** Ledge Road,Verizon,monopole,102,120,,,,
,Barkhamsted,** New Hartford Road,Sprint,monopole,144,144,,,
,Barkhamsted,** New Hartford Road,American Tower Corporation,monopole,117,144,,,
East Haven,*** Commerce Street,Pocket (now MetroPCS),monopole,37,57,,,,
Bloomfield,** Brewer Drive,AT&T,monopole,,120,,,diesel generator,
,Bethel,** Spring Hill Lane,AT&T,monopole,122,125,,,
Cromwell,*** Main Street,Clearwire,monopole,125,125,,,,
Columbia,*** Route ** South,Verizon,monopole,98,120,,,,
Chaplin,*** Palmer Road,Verizon,monopole,150,150,,,,
East Haddam,Haywardville Road,T-Mobile,monopole,160,180,,yes,diesel generator,48-kilowatt
Branford,***-*** North Main Street,MetroPCS,monopole,n/a,157,,,,
Bridgeport,**** Trumbull Avenue,Northcoast,self-support lattice,80,240,,,,
,Andover,*** Bunker Hill Road,AT&T,monopole,127,180,,,
Clinton,** Cow Hill Road,T-Mobile,self-support lattice,140,212,,,,
East Haddam,Haywardville Road,AT&T,monopole,177,180,,,,
,Barkhamsted,** New Hartford Road,Pocket (now MetroPCS),monopole,93,144,,,
Bristol,*** Terryville Avenue,AT&T,monopole,170,170,,,,
Danbury,** Padanaram Road,T-Mobile,monopole,128,145,,yes,diesel fueled,
Colebrook,*** Pinney Street,AT&T,monopole,127,150,,,,
,Avon,*** Deercliff Road,AT&T,guyed-lattice,200,560,,,diesel generator
Danbury,** Newtown Road,MetroPCS,monopole,108,96,,,,
Cheshire,*** Higgins Road,T-Mobile,self-support lattice,212,250,,,,
,Ashford,** Knowlton Hill Road,AT&T,monopole,,150,,,diesel generator
Cromwell,*** Shunpike Road,SNET/Cingular,self-support lattice,114,170,,,,
Danbury,*** Boxwood Lane,Sprint,self-support lattice,,100,,,fuel cell backup,
,Bloomfield,**** Blue Hills Avenue,VoiceStream,self-support lattice,127,125,,,
Bolton,*** Vernon Road,Voicestream,guyed-lattice,180,280,,,,
Cheshire,*** Highland Avenue,Pocket (now MetroPCS),monopole,137,160,,,,
Coventry,*** Riley Mountain Road,Verizon,monopole,126,152,,,,
,Ashford,** Seles Road,Verizon,guyed-lattice,190,190,,,diesel generator
,Ashford,** Knowlton Hill Road,T-Mobile,monopole,147,150,,yes,
Bloomfield,** Brewer Drive,T-Mobile,monopole,108,120,,yes,,
,Ashford,** Knowlton Hill Road,T-Mobile,monopole,147,150,,,
,Andover,*** Bunker Hill Road,VoiceStream,monopole,148,180,,,
Colchester,** Old Hartford Road,NECS,self-support lattice,98,100,,,,
Coventry,*** Riley Mountain Road,Sprint,monopole,,150,,,,
,Berlin,**** Chamberlain Highway,AT&T,monopole,66,125,,,
Bolton,** South Street,T-Mobile,monopole,110,120,,,,
Columbia,** Thompson Hill Road,T-Mobile,monopole,161,180,,yes,,
Durham,** Town House Road,Verizon,monopole,29,30,,,,
Canton,*** East Hill Road,T-Mobile,monopole,134,150,,,,
East Hartford,*** Sunset Ridge Drive,AT&T,self-support lattice,110,140,,,,
Branford,** Sylvia Street,AT&T,monopole,100,125,,,,
Brooklyn,Valentine Road,T-Mobile,self-support lattice,157,180,,,,
Colebrook,*** Pinney Street,Cingular,monopole,137,150,,,,
Coventry,*** Riley Mountain Road,SNET/Cingular,monopole,117,150,,,,
Bridgeport,*** Kaechele Place,Cingular/AT&T,monopole,140,156,,,,
East Hampton,*** Young Street,AT&T,monopole,119,140,,,,
,Ashford,** Janoski Road,AT&T,self-support lattice,141,190,,,
Coventry,*** Riley Mountain Road,Verizon,monopole,127,150,,,,
Cheshire,*** Higgins Road,Sprint,self-support lattice (type J),225,269,,,,
Cromwell,*** West Street,T-Mobile,monopole,51,54,,,,
,Barkhamsted,** New Hartford Road,American Tower Corporation,,,,,,diesel generator
,Bloomfield,**** Blue Hills Avenue,AT&T Wireless,self-support lattice,,125,,,
Bolton,*** Vernon Road,SNET/SCLP,guyed-lattice,188,280,,,,
Branford,***-*** North Main Street,BAM,monopole,108,110,,,,
Branford,***-*** North Main Street,Verizon,monopole,"96, 105",110,,,,
Colchester,*** Route **,Enertrac,monopole,169,180,,,,
East Hartford,*** Roberts Street Rear,Sprint,monopole,"110.00, 70.00",124,,,,
Cheshire,**** Highland Avenue,Verizon,silo,70,78,,,natural gas generator,35 kW
Bolton,*** Vernon Road,Sprint,guyed-lattice,148,280,,,,
Cornwall,** Bell Road Extension,,monopole,,110,,,,
,Ansonia,** Birchwood Drive,MetroPCS,guyed-lattice,51,60,,,
Cheshire,**** Cheshire Street,DISH,monopole,124,170,,yes,,
,Ashford,** Janoski Road,AT&T,self-support lattice,n/a,190,,,diesel generator
Bridgeport,**** Trumbull Avenue,Sprint,self-support lattice,,240,,,fuel cell backup,
Burlington,** Nepaug Road,AT&T,monopole,,120,,,diesel generator,
East Hartford,*** Roberts Street Rear,Sprint,monopole,128,130,,,,
,Berlin,*** Beckley Road,Pocket (now MetroPCS),monopole,142,150,,,
Bristol,*** Terryville Avenue,T-Mobile,monopole,130,170,,,,
Chaplin,*** Palmer Road,Sprint,monopole,137,150,,,,
Brookfield,* Huckleberry Hill Road,AT&T,monopole,57,60,,,,
,Ashford,** Knowlton Hill Road,AT&T,monopole,137,150,,,
Branford,*** West Main Street,Verizon,monopole,110,120,,,,
Brookfield,** Carmen Hill Road,Clearwire,guyed-lattice,"155, 200",455,,,,
Brookfield,*** Park Ridge Road,Sprint,utility pole,135,125,,,,
Cheshire,*** Higgins Road,Sprint,self-support lattice,225,250,,,,
Columbia,*** Route ** South,Cingular,monopole,150,148,,,,
,Avon,*** Deercliff Road,Marcus,guyed-lattice,280,560,,,
Brookfield,** Carmen Hill Road,T-Mobile,guyed-lattice,280,455,,,,
,Berlin,*** Kensington Road,Nextel,monopole,118,190,,,
,Berlin,*** Beckley Road,Cingular/AT&T,monopole,,150,,,
East Haddam,*** Parker Road,AT&T,guyed-lattice,,,,,diesel generator,30-kilowatt
East Granby,** South Main Street,DISH,monopole,48,98,,yes,,
Brooklyn,** Tiffany Street,AT&T,water tank,130,130,,,,
Canton,*** Dyer Avenue,T-Mobile,monopole,65,68,,,,
,Ansonia,* Deerfield Lane,Dish,monopole,117,169,,,
Branford,** Acorn Road,Cingular,monopole,105,150,,,,
Darien,*** Ledge Road,AT&T,monopole,89,117,,,,
Danbury,** Sugar Hollow Road,AT&T,monopole,108,106,,yes,,
Deep River,*** Winthrop Road,Verizon,monopole,178,180,,,propane generator,
Bolton,*** Vernon Road,T-Mobile,guyed-lattice,226,280,,,,
,Avon,** Redwood Lane,MetroPCS,monopole,,105,,,
Bozrah,Polly Lane,T-Mobile,guyed-lattice,182,185,,,,
,Bethel,** Codfish Hill Road,North Atlantic Towers,,,,,,
,Berlin,*** Beckley Road,American Tower Corporation,monopole,,150,,,
Bristol,*** Farmington Avenue,T-Mobile,monopole,115,120,,,,
Cheshire,*** Highland Avenue,Nextel,monopole,108,160,,,,
Danbury,** Lake Avenue Extension,AT&T,utility Pole,"30, 22",25,,yes,,
Danbury,** Newtown Road,AT&T,monopole,108,96,,,,
Bozrah,Polly Lane,AT&T,guyed-lattice,164,185,,,,
,Beacon Falls,*** Rimmon Hill Road,AT&T,monopole,157,173,,,
Docket No. 173,Beacon Falls,*** Rimmon Hill Road,SCLP,monopole,160,160,,,
Bozrah,Polly Lane,SCLP,guyed-lattice,160,185,,,,
Colchester,** Old Hartford Road,Omni,self-support lattice,97,100,,,,
,Barkhamsted,** New Hartford Road,Verizon,monopole,104,144,,,
Bozrah,Polly Lane,BAM,guyed-lattice,138,185,,,,
Cheshire,*** Academy Road,Verizon,Monopine,90,95,,yes,propane generator,30-kilowatt
,Bloomfield,**** Blue Hills Avenue,Clearwire,self-support lattice,120,130,,,
Colchester,*** Route **,Verizon,monopole,161,180,,,propane generator,15 kilowatt
,Ashford,** Janoski Road,Verizon,self-support lattice,180,192,,,diesel generator
,Barkhamsted,** New Hartford Road,T-Mobile,monopole,101,144,,,
Bridgeport,*** Kaechele Place,Cingular,monopole,155,156,,,,
Brookfield,* Huckleberry Hill Road,Cingular,monopole,"51, 57",60,,,,
Columbia,*** Route ** South,Cingular,monopole,,148,,,,
Bolton,*** Vernon Road,T-Mobile,guyed-lattice,130,150,,,,
Bolton,** South Street,Verizon,monopole,107,120,,,,
East Granby,** South Main Street,Verizon,monopole,67,98,,,,
Bridgeport,*** Pine Street,T-Mobile,self-support lattice,184,250,,,,
,Bethel,* Stony Hill Road,AT&T,utility pole,top,141,,,
Bridgeport,*** Pine Street,Sprint Nextel,self-support lattice,240,250,,,,
Colchester,** Westchester Road,Verizon,monopole,167,180,,,,
Coventry,*** Main Street,Verizon,monopole,100,102,,,,
Bozrah,Polly Lane,Verizon,guyed-lattice,136,185,,,,
,Beacon Falls,*** Lopus Road,New Cingular,monopole,145,150,,,
,Beacon Falls,*** Rimmon Hill Road,AT&T,monopole,159,173,,,
Bloomfield,* Hoskins Road,SCLP,self-support lattice,161,180,,,,
Derby,** Pleasant View Road,n/a,monopole,n/a,120,,,,
East Granby,** South Main Street,T-Mobile,monopole,90,98,,,BBU,
,Ashford,** Knowlton Hill Road,New Cingular,monopole,137,150,,,
Branford,** Acorn Road,Nextel,monopole,120,150,,,,
Bridgeport,**** Trumbull Avenue,Verizon,self-support lattice,155,240,,,,
Branford,** Acorn Road,Verizon,monopole,116,150,,,,
Colchester,Chestnut Hill Road,Cingular,monopole,185,180,,,,
Bridgeport,**** Trumbull Avenue,MetroPCS New York,self-support lattice,210,240,,,,
Bridgeport,*** Pine Street,T-Mobile,self-support lattice,180,250,,,,
Bloomfield,*** Park Avenue,Verizon,monopole,105,140,,,,
Colebrook,*** Colebrook River Road,Nextel,monopole,148,150,,,,
,Bethel,** Spring Hill Lane,n/a,monopole,n/a,125,,,
East Hampton,** East High Street,Eversource,self-support lattice,various,120,,,,
Bolton,*** Vernon Road,BAM,guyed-lattice,120,280,,,,
Chaplin,*** Palmer Road,T-Mobile,monopole,117,150,,,,
,Bloomfield,**** Blue Hills Avenue,T-Mobile,self-support lattice,125,130,,,
Branford,***-*** North Main Street,T-Mobile,monopole,147,147,,yes,,
Cromwell,*** West Street,T-Mobile (MetroPCS),monopole,75,77,,,,
,Barkhamsted,** New Hartford Road,Sprint,monopole,140,144,,,
Clinton,** Meadow Road,Verizon,self-support lattice,162,195,,,,
,Barkhamsted,** New Hartford Road,AT&T,monopole,,144,,,diesel generator
Chaplin,*** Palmer Road,Sprint,monopole,120,150,,,,
Branford,***-*** North Main Street,Verizon,monopole,96,110,,,,
Bridgeport,**** Trumbull Avenue,AT&T,self-support lattice,164,240,,,,
Cromwell,*** Berlin Road,AT&T,self-support lattice,98,111,,,,
Brooklyn,*** Grant Hill Road,Cingular,monopole,,150,,,,
Danbury,** Hospital Avenue,Sprint,rooftop,"131, 155",185,,,,
Cornwall,Mohawk Mountain Road,NECS,self-support lattice,105,180,,,,
East Granby,** South Main Street,Sprint,monopole,n/a,97,,,,
,Bethany,* Meyers Road,DISH,self-support lattice,140,338,,yes,
Cromwell,*** Main Street,Verizon,monopole,,125,,,propane generator,
East Hartford,**** Forbes Street,Verizon,monopole,108,130,,,,
Bristol,*** Farmington Avenue,T-Mobile,monopole,113,120,,,,
Darien,*** Ledge Road,AT&T,monopole,88,120,,,,
,Bethel,** Spring Hill Lane,Verizon,monopole,92,125,,,
Bridgeport,*** Kaechele Place,AT&T,monopole,154,150,,,,
Canton,*** Cherry Brook Road,AT&T,monopole,138,150,,,,
,Beacon Falls,*** Rimmon Hill Road,Verizon,monopole,148,170,,,
Danbury,** Padanaram Road,T-Mobile,monopole,80,80,,,,
Petition No. 557,Beacon Falls,*** Rimmon Hill Road,AT&T Wireless,monopole,170,170,,,
Bloomfield,** Brewer Drive,SCLP,monopole,100,120,,,,
,Ansonia,** Birchwood Drive,MetroPCS,guyed-lattice,56,60,,,
,Andover,*** Bunker Hill Road,T-Mobile,monopole,148,180,,,
Durham,***R Old Blue Hills Road,T-Mobile,monopole,73,120,,,diesel generator,15-kW
East Haddam,*** Parker Road,Cingular,guyed-lattice,188,300,,,,
East Hampton,* Public Works Drive,Nextell,monopole,157,180,,,,
Canterbury,Colburn Road,Verizon,guyed-lattice,105,110,,,20kW diesel generator,
Cromwell,*** West Street,Nextel,monopole,75,77,,,,
Branford,***-*** North Main Street,AT&T,monopole,112,147,,,,
Bozrah,Polly Lane,DISH,guyed Lattice,127,187,,yes,,
Clinton,** Meadow Road,Verizon,self-support lattice,162,195,,,diesel generator,
Colchester,** Munn Road,BAM,self-support lattice,180,320,,,,
Cornwall,Mohawk Mountain Road,AT&T,self-support lattice,,180,,,,
Branford,*** Brushy Plain Road,DISH,monopole,103,150,,yes,,
Coventry,**** Main Street,Verizon,self-support lattice,150,190,,,,
,Ashford,** Janoski Road,Cingular,self-support lattice,140,190,,,
East Haddam,*** Parker Road,Century Cable Manag. Crp,guyed-lattice,,.,,,,
Cheshire,**** Highland Avenue,T-Mobile,silo,57,78,,yes,,
Bristol,*** Terryville Avenue,Verizon,monopole,140,169,,,,
Branford,*** West Main Street,Sprint Nextel,monopole,120,130,,,,
,Berlin,*** Kensington Road,Verizon,monopole,160,190,,,
Brookfield,** Carmen Hill Road,Sprint Nextel,guyed-lattice,256,455,,,,
,Bethany,* Meyers Road,Verizon,self-support lattice,180,338,,yes,
,Bethel,** Spring Hill Lane,T-Mobile,monopole,101,125,,,
Burlington,** Nepaug Road,Verizon,monopole,99,120,,,,
,Barkhamsted,** New Hartford Road,T-Mobile,monopole,102,144,,,
Bridgeport,**** Trumbull Avenue,New Cingular,self-support lattice,165,240,,,,
Bridgeport,*** Pine Street,Nextel,self-support lattice,85,250,,,,
Bridgeport,**** Trumbull Avenue,Sprint/Nextel,self-support lattice,"187, 180",240,,,,
,Bloomfield,**** Blue Hills Avenue,Sprint,self-support lattice,87,125,,,
Branford,*** West Main Street,Clearwire,monopole,124,130,,,,
Canterbury,** Westminster Road,Verizon,monopole,170,180,,,,
Danbury,** Padanaram Road,Verizon,monopole,118,145,,yes,diesel fueled,50-kilowatt
East Hampton,* Public Works Drive,AT&T,monopole,167,180,,,,
Canton,*** East Hill Road,Verizon,monopole,118,150,,,diesel generator,30-kilowatt
Canton,*** Cherry Brook Road,Pocket (now MetroPCS),monopole,120,150,,,,
,Ansonia,* Deerfield Lane,T-Mobile,monopole,167,169,,,
Bolton,*** Vernon Road,T-Mobile,guyed-lattice,180,280,,,,
Danbury,*** Boxwood Lane,Sprint,self-support lattice,89,100,,,,
Canton,*** East Hill Road,T-Mobile,monopole,141,150,,,,
Darien,*** Ledge Road,Verizon,monopole,100,120,,,,
Darien,* Mechanic Street,Omni,monopole,103,95,,,,
Branford,***-*** North Main Street,Sprint,monopole,147,157,,,,
,Bethany,*** Amity Road,DPS,self-support lattice,95-180,180,,,
Brookfield,** Carmen Hill Road,AT&T,guyed-lattice,165,455,,,,
Darien,*** Ledge Road,Sprint,monopole,120,120,,,,
,Bethany,* Meyers Road,Pocket (now MetroPCS),self-support lattice,100,338,,,
,Ashford,** Janoski Road,SCLP,self-support lattice,140,190,,,
,Beacon Falls,** Rice Lane,DISH,monopole,152,160,,yes,
Coventry,*** Riley Mountain Road,Verizon,monopole,126,150,,,,
East Hartford,*** Sunset Ridge Drive,Sprint,self-support lattice,100,140,,,,
Durham,** Town House Road,Verizon,utility pole,30;34;37,39,,yes,battery backup,8hrs
East Hartford,*** Main Street,T-Mobile,rooftop-flagpole,80,83,,,,
,Bethany,* Meyers Road,AT&T,self-support lattice,165,338,,,
Clinton,** Meadow Road,Cingular,self-support lattice,152,195,,,,
,Berlin,**** Berlin Turnpike,Verizon,monopole,118,180,,,
,Andover,*** Bunker Hill Road,American Tower,monopole,,180,,,diesel generator
Burlington,** Nepaug Road,T-Mobile,monopole,90,120,,,,
Danbury,Crow's Nest Lane,CL&P,monopole,87,87,,,,
East Hartford,*-* Oakland Avenue,MetroPCS,smokestack,110,125,,,,
Bloomfield,** Brewer Drive,Clearwire,monopole,120,120,,,,
Cromwell,*** Main Street,Sprint,monopole,127,125,,,,
Canterbury,Colburn Road,Crown Media,guyed-lattice,,110,,,,
Cheshire,*** Higgins Road,AT&T,self-support lattice (type J),255,269,,,,
Chaplin,*** Palmer Road,Verizon,monopole,149,150,,,,
Bridgeport,*** Pine Street,Nextel,self-support lattice,96,250,,,,
Colchester,** Munn Road,AT&T,self-support lattice,200,320,,,,
Canton,*** Cherry Brook Road,Verizon,monopole,150,150,,,,
Deep River,** Pent Road,T-Mobile,monopole,177,180,,,,
Brooklyn,** Tiffany Street,AT&T,water tank,130,130,,yes,,
,Bethany,* Meyers Road,Sigfox,self-support lattice,147,338,,,
Bridgeport,**** Trumbull Avenue,AT&T Wireless,self-support lattice,,240,,,,
Branford,*** Brushy Plain Road,AT&T,monopole,153,154,,,,
East Hampton,* Public Works Drive,AT&T,monopole,170,180,,,,
,Bethel,* Stony Hill Road,AT&T,utility pole,top,140,,,
Brooklyn,*** Grant Hill Road,DISH,monopole,70,150,,yes,,
Bridgeport,*** Kaechele Place,Clearwire,monopole,var.,156,,,,
Brookfield,* Huckleberry Hill Road,Cingular,monopole,,60,,,,
Clinton,** Cow Hill Road,AT&T,self-support lattice,190,212,,,,
Colchester,** Westchester Road,AT&T,monopole,159,180,,,,
Branford,** Acorn Road,SNET/Cingular,monopole,105,150,,,,
Colchester,Chestnut Hill Road,SNET/SCLP,monopole,,,,,,
Brookfield,* Huckleberry Hill Road,AT&T,monopole,"51, 57",60,,,,
Colebrook,*** Pinney Street,Sprint,monopole,147,150,,,,
Bridgeport,*** Pine Street,Clearwire,self-support lattice,118,250,,,,
Brookfield,*** Park Ridge Road,T-Mobile,utility pole,122,115,,,,
Cheshire,*** Higgins Road,AT&T,self-support lattice,255,250,,,,
East Granby,Newgate Road,Sprint,monopole,81,88,,,,
Brookfield,*** Pocono Road,Verizon,monopole,148,150,,,propane generator,10 kW
East Hartford,**** Forbes Street,BAM,monopole,110,110,,,,
Coventry,*** Riley Mountain Road,T-Mobile,monopole,136,152,,,,
Bloomfield,*** Blue Hills Avenue,Clearwire,monopole,95,110,,,,
Clinton,** East Main Street,T-Mobile,self-support lattice,60,67,,,,
Burlington,** Nepaug Road,MetroPCS/T-Mobile,monopole,90,120,,,,
Bristol,** Valley Street,Verizon,self-support lattice,110,110,,,,
Canton,*** East Hill Road,SNET/SCLP,monopole,162,150,,,,
,Berlin,*** Beckley Road,T-Mobile,monopole,163,150,,,
Branford,** Sylvia Street,T-Mobile,monopole,122,125,,,,
Bozrah,Polly Lane,Sprint,guyed-lattice,150,185,,,,
,Berlin,*** Beckley Road,Cingular,monopole,152,150,,,
Danbury,** Padanaram Road,Sprint,monopole,70,80,,,,
Canton,*** East Hill Road,SNET/Cingular,monopole,154,150,,,,
Bridgeport,*** Pine Street,Verizon,self-support lattice,110,250,,,,
,Avon,*** Deercliff Road,Marcus,guyed-lattice,"280, 137, 134, 131",560,,,
Canton,*** Cherry Brook Road,T-Mobile,monopole,129,150,,yes,,
East Hartford,**** Forbes Street,T-Mobile,monopole,87,130,,,,
Bristol,*** Farmington Avenue,MetroPCS,monopole,98,120,,,,
Burlington,** Nepaug Road,AT&T,monopole,119,120,,,,
,Barkhamsted,** New Hartford Road,,monopole,,144,,,
Clinton,** Cow Hill Road,AT&T,self-support lattice,190,212,,yes,,
,Beacon Falls,*** Rimmon Hill Road,SNET/Cingular,monopole,162,170,,,
Danbury,** Padanaram Road,T-Mobile,monopole,80,80,,yes,,
East Haddam,*** Parker Road,T-Mobile,guyed-lattice,175,300,,yes,diesel generator,48-kilowatt
Colchester,Chestnut Hill Road,AT&T,monopole,185,180,,,,
Cornwall,Mohawk Mountain Road,Omni,self-support lattice,140,180,,,,
East Haven,**** North High Street,AT&T,guyed-lattice,75',"80' 3""",,,nat gas generator/ battery backup,30-kilowatt
Bloomfield,* Hoskins Road,AT&T,self-support lattice,67,180,,,,
Colchester,Chestnut Hill Road,Verizon,monopole,60,180,,,,
Clinton,** Meadow Road,Verizon,self-support lattice,165,195,,,,
Colebrook,*** Pinney Street,Sprint,monopole,148,148,,,,
East Hartford,*** Roberts Street Rear,Clearwire,monopole,130,130,,,,
Bridgeport,*** Pine Street,Clearwire,self-support lattice,85,250,,,,
East Granby,** South Main Street,AT&T,monopole,77,98,,,,
East Haddam,*** Honey Hill Road,AT&T,monopole,120,150,,,,
Deep River,*** Winthrop Road,Sprint PCS,monopole,167,180,,,,
East Hampton,*** Young Street,Crown Castle,monopole,,,,,,
,Ansonia,** Birchwood Drive,Pocket (now MetroPCS),guyed-lattice,56,60,,,
Bridgeport,*** Kaechele Place,SNET/SCLP,monopole,152,150,,,,
Derby,** Pleasant View Road,Pocket (now MetroPCS),monopole,97,120,,,,
,Ashford,** Knowlton Hill Road,Verizon,monopole,129,150,,,
,Ansonia,*** Wakelee Avenue,AT&T,self-support lattice,167,196,,,
Bristol,** Main Street,SNET,roof top,52,44,,,,
Colchester,** Munn Road,BAM,self-support lattice,n/a,320,,,,
Bloomfield,** Brewer Drive,Cingular,monopole,100,120,,,,
,Ashford,** Janoski Road,T-Mobile,self-support lattice,152,190,,,
Clinton,** Meadow Road,AT&T,self-support lattice,151,195,,,,
Deep River,*** Winthrop Road,AT&T,monopole,150,180,,,,
Danbury,Crow's Nest Lane,CL&P,monopole,87,87,,,propane generator,20kW & 500 g propane tank
,Beacon Falls,** Rice Lane,AT&T,monopole,133,160,,,
Chester,** Wig Hill Road,SCLP,monopole,112,150,,,,
Coventry,*** Main Street,T-Mobile,monopole,80,102,,yes,diesel generator,25-kilowatt
,Bethany,* Meyers Road,US Coast Guard,self-support lattice,220,338,,,propane generator
Canterbury,Colburn Road,Tele-Media,guyed-lattice,105,110,,,,
,Barkhamsted,** New Hartford Road,Verizon,monopole,133,144,,,
Clinton,** Meadow Road,Sprint,self-support lattice,182,195,,,,
,Bethany,* Meyers Road,Sprint,self-support lattice,240,338,,,
,Berlin,**** Berlin Turnpike,Sprint,monopole,150,180,,,
Colchester,** Westchester Road,T-Mobile,monopole,175,180,,,BBU,
Colchester,Chestnut Hill Road,AT&T,monopole,,180,,,diesel generator,
Danbury,*** Boxwood Lane,AT&T,self-support lattice,98,100,,,50 kW diesel generator,
Colchester,** Westchester Road,BAM,monopole,168,180,,,diesel generator,
Bridgeport,**** Connecticut Avenue,DISH,monopole,78,126,,yes,,
Bridgeport,*** Kaechele Place,MetroPCS New York,monopole,120,156,,,,
Columbia,*** Route ** South,AT&T,monopole,150,148,,,,
,Andover,*** Jonathan Trumbull Highway,Cingular,monopole,150,150,,,
Branford,***-*** North Main Street,Verizon,monopole,110,110,,,,
Danbury,Moses Mountain,WRNN,self-support lattice,50,65,,,,
,Ashford,** Janoski Road,AT&T,self-support lattice,160,190,,,
East Hartford,*** Main Street,AT&T,rooftop,117,114,,,diesel generator,50kw-capacity unknown
East Hartford,*** Roberts Street Rear,T-Mobile,monopole,100,130,,,,
Bloomfield,** Brewer Drive,AT&T,monopole,100,120,,,,
Canterbury,** Westminster Road,Sprint,monopole,,180,,,,
,Berlin,*** Beckley Road,Sprint,monopole,127,150,,,
Bloomfield,* Hoskins Road,Verizon,self-support lattice,148,180,,,,
,Avon,** Montevideo Road,Verizon,self-support lattice,,150,,,propane generator
Columbia,*** Route ** South,Sprint,monopole,108,120,,,,
Branford,*** Brushy Plain Road,Clearwire,monopole,130,154,,,,
Bolton,*** Vernon Road,Verizon,guyed-lattice,119,280,,,,
,Berlin,**** Berlin Turnpike,AT&T,monopole,168,180,,,
East Hartford,*** Main Street,Verizon,rooftop,117,112,,,,
Cornwall,Mohawk Mountain Road,DPS,self-support lattice,180,180,,,,
Danbury,** Newtown Road,SCLP,monopole,100,96,,,,
East Hartford,*** Roberts Street Rear,AT&T,monopole,90,130,,,,
East Hartford,*** Roberts Street Rear,Verizon,monopole,120,130,,,,
Cheshire,*** Higgins Road,AT&T,self-support lattice (type J),170,269,,,,
Bridgeport,*** Kaechele Place,T-Mobile,monopole,,,,,,
Bridgeport,**** Trumbull Avenue,AT&T Wireless,self-support lattice,165,240,,,,
Cheshire,**** Highland Avenue,Verizon,silo,70,78,,,,
Brooklyn,Valentine Road,Quinn. Valley Emerg. Comm,self-support lattice,120,180,,,,
Colchester,Chestnut Hill Road,T-Mobile,monopole,167,180,,yes,,
Cromwell,*** Main Street,AT&T,monopole,117,125,,,,
Coventry,*** Riley Mountain Road,Pocket (now MetroPCS),monopole,107,150,,,,
Brooklyn,*** Grant Hill Road,T-Mobile,monopole,137,150,,,,
Danbury,** Newtown Road,Verizon,monopole,90,96,,,,
Bolton,** South Street,Cingular,monopole,120,120,,,,
Columbia,** Thompson Hill Road,T-Mobile,monopole,161,180,,,,
,Ashford,** Janoski Road,Sprint,self-support lattice,n/a,190,,,
Bloomfield,*** Blue Hills Avenue,Verizon,monopole,102,110,,,,
Cromwell,*** West Street,,monopole,,77,,,,
Cheshire,*** Higgins Road,Cingular/AT&T,self-support lattice (type J),170,269,,,,
Colchester,*** Route **,Nextel,monopole,180,180,,,,
Cromwell,*** Main Street,Verizon,monopole,105,125,,,,
,Avon,*** Deercliff Road,T-Mobile,guyed-lattice,250,560,,,
Cornwall,** Bell Road Extension,Verizon,monopole,110,110,,,diesel generator,
,Ashford,** Seles Road,SCLP,guyed-lattice,160,190,,,
Bridgeport,**** Noble Avenue,DISH,monopole,86,120,,yes,,
Colebrook,*** Pinney Street,Verizon,monopole,130,150,,,,
Brooklyn,Valentine Road,DPS,self-support lattice,180,180,,,,
,Bloomfield,**** Blue Hills Avenue,AT&T,self-support lattice,98,125,,,
Branford,***-*** North Main Street,Verizon,monopole,97,110,,,,
Bristol,** Valley Street,Verizon,self-support lattice,"100, 110",110,,,,
Bridgeport,**** Trumbull Avenue,AT&T,self-support lattice,,240,,,diesel generator,
Brookfield,*** Pocono Road,DISH,monopole,130,150,,yes,,
,Bethel,** Francis J. Clarke Circle,Verizon,monopole,136,155,,,
Brookfield,*** Pocono Road,Verizon,monopole,148,150,,,,
Colchester,** Munn Road,Verizon,self-support lattice,220,320,,,,
,Beacon Falls,** Rice Lane,Verizon,monopole,160,160,,,
Darien,*** Ledge Road,T-Mobile,monopole,110,117,,,,
East Haven,*** Commerce Street,AT&T,monopole,57,57,,,,
Durham,***R Old Blue Hills Road,AT&T,monopole,,,,,diesel generator,20-kilowatt
,Barkhamsted,** New Hartford Road,Cingular,monopole,114,144,,,
Cornwall,Mohawk Mountain Road,T-Mobile,self-support lattice,140,180,,,,
Cornwall,Mohawk Mountain Road,Ct Pubilc Broadcast,self-support lattice,35,180,,,,
East Hartford,*** Main Street,Verizon,rooftop,103,112,,,,
Deep River,*** Winthrop Road,T-Mobile,monopole,160,180,,,,
Deep River,*** Winthrop Road,Sprint,monopole,166,180,,,,
Danbury,Moses Mountain,SNET/Destineer,self-support lattice,45,65,,,,
,Andover,*** Bunker Hill Road,AT&T,monopole,,180,,,diesel generator
East Hartford,*-* Oakland Avenue,Clearwire,smokestack,100,125,,,,
Bridgeport,*** Kaechele Place,AT&T Wireless,monopole,140,,,,,
East Hartford,*** Main Street,AT&T,rooftop,109,114,,,,
Colchester,** Munn Road,DPS/DEP,self-support lattice,80-320,320,,,,
Canton,** Canton Springs Road,Nextel,monopole,110,140,,,,
East Hartford,*** Sunset Ridge Drive,Sprint,,,,,,,
Cheshire,*** Higgins Road,Cingular,self-support lattice (type J),257;242,269,,,,
Bridgeport,*** Pine Street,MetroPCS New York,self-support lattice,126,250,,,,
Chaplin,*** Palmer Road,AT&T,monopole,128,150,,,,
Columbia,*** Route ** South,Sprint,monopole,108,148,,,,
,Bloomfield,**** Blue Hills Avenue,Verizon,self-support lattice,110,130,,,
East Haddam,** Maple Avenue,Cingular,silo,47,49,,,,
,Ansonia,*** Wakelee Avenue,Sprint,self-support lattice,184,196,,,
Branford,*** West Main Street,T-Mobile,monopole,130,130,,,,
Bridgeport,*** Kaechele Place,SNET Cellular,monopole,150,150,,,,
Brookfield,*** Federal Road,Sprint,utility pole,110,91,,,,
Cromwell,*** West Street,MetroPCS,monopole,75,77,,,,
Bloomfield,** Montevideo Road,"DPS/NECS/RAFS,Transit/Amat.Radio",self-support lattice,,60,,,,
,Bethel,** Spring Hill Lane,Sprint,monopole,110,125,,,
Branford,*** West Main Street,Cingular/AT&T,monopole,100,130,,,,
East Hartford,*** Roberts Street Rear,American Tower Corporation,monopole,,130,,,diesel generator,
,Barkhamsted,** New Hartford Road,Verizon,monopole,131,144,,,
Petition No. 1075,Berlin,**** Chamberlain Highway,,monopole,,125,,,
Canton,** Canton Springs Road,BAM,monopole,120,140,,,,
Danbury,** Newtown Road,Verizon,rooftop,31,29,,,,
East Hampton,* Public Works Drive,Sprint,monopole,,180,,,,
East Hartford,*** Main Street,MetroPCS,rooftop-flagpole,72,83,,,,
Bolton,*** Vernon Road,Cingular,guyed-lattice,165,280,,,,
East Granby,South Grand Street,Continental Cablevision,self-support lattice,20,20,,,,
,Bloomfield,**** Blue Hills Avenue,MetroPCS,self-support lattice,,130,,,
East Hartford,*** Roberts Street Rear,AT&T,monopole,90,130,,yes,,
Durham,***R Old Blue Hills Road,AT&T,monopole,116,120,,,,
,Ashford,** Janoski Road,Omni,self-support lattice,152,190,,,
East Hartford,*** Main Street,AT&T,rooftop-flagpole,63,83,,,,
Canterbury,** Westminster Road,AT&T,monopole,161,180,,,,
Deep River,** Pent Road,DISH,monopole,148,180,,yes,,
Chester,** Wig Hill Road,BAM,monopole,120,150,,,,
Cromwell,"***, ***, ***, and ***R Main street",Verizon,monopole,120,120,,,battery backup & diesel generator,30kW & 46 hours/ 4hr battery
Canton,*** Cherry Brook Road,Verizon,monopole,150,150,,,propane generator,
Colebrook,*** Pinney Street,Verizon,monopole,"127, 117",150,,,,
East Hartford,**** Forbes Street,XM Satellite,monopole,126,110,,,,
Cheshire,*** Higgins Road,T-Mobile,self-support lattice,212,250,,yes,,
Canton,*** East Hill Road,SNET/SCLP,monopole,,,,,,
East Hartford,*** Main Street,Clearwire,rooftop-flagpole,72,83,,,,
,Bethel,* Stony Hill Road,Cingular,utility pole,145,140,,,
Bozrah,Polly Lane,AT&T,guyed-lattice,188,185,,,,
,Bethel,* Stony Hill Road,AT&T Wireless,utility pole,145,140,,,
,Ansonia,*** Wakelee Avenue,Verizon,self-support lattice,179,196,,,
,Avon,** Redwood Lane,T-Mobile,monopole,106,105,,,
Bridgeport,**** Trumbull Avenue,T-Mobile,self-support lattice,200,240,,,,
,Avon,** Montevideo Road,Sprint,self-support lattice,86,150,,,
Coventry,**** Main Street,Sprint,self-support lattice,180,190,,,,
Branford,** Sylvia Street,Sprint,monopole,90,125,,,,
East Haven,*** Commerce Street,AT&T,monopole,55,57,,,,
,Berlin,**** Berlin Turnpike,Cingular,monopole,170,180,,,
,Beacon Falls,*** Lopus Road,AT&T,monopole,146,150,,,
Darien,*** Ledge Road,Clearwire,monopole,73,120,,,,
Bridgeport,*** Kaechele Place,Verizon,monopole,100,156,,,,
East Hartford,*-* Oakland Avenue,Pocket (now MetroPCS),smokestack,110,125,,,,
Bridgeport,**** Trumbull Avenue,VoiceStream,self-support lattice,202,240,,,,
,Andover,*** Bunker Hill Road,Sprint,monopole,168,180,,,
East Hartford,**** Forbes Street,AT&T,monopole,120,130,,,,
Colchester,** Old Hartford Road,T-Mobile,self-support lattice,95,100,,,,
Danbury,** Newtown Road,BAM,monopole,90,96,,,,
Cromwell,*** Main Street,T-Mobile,monopole,85,125,,yes,,
Branford,*** West Main Street,AT&T Wireless,monopole,100,120,,,,
Canton,** Powder Mill Road,AT&T,monopole,137,180,,,,
Danbury,** Newtown Road,Cingular,monopole,100,96,,,,
Darien,*** Ledge Road,MetroPCS,monopole,82,120,,,,
,Bloomfield,**** Blue Hills Avenue,SNET/Cingular,self-support lattice,97,125,,,
Coventry,*** Riley Mountain Road,Cingular,monopole,119,150,,,,
Cromwell,*** Shunpike Road,SCLP,self-support lattice,114,170,,,generator,
Columbia,** Thompson Hill Road,AT&T,monopole,,,,,diesel generator,20-kilowatt
Brooklyn,Valentine Road,Omni,self-support lattice,157,180,,,,
Bridgeport,*** Kaechele Place,T-Mobile,monopole,120,156,,,,
Darien,*** Ledge Road,Sprint PCS,monopole,120,120,,,,
Branford,** Acorn Road,Metricom,monopole,116,150,,,,
East Haddam,*** Parker Road,AT&T,guyed-lattice,185,300,,,,
,Bethel,** Spring Hill Lane,AT&T,monopole,123,125,,,
Bridgeport,**** Trumbull Avenue,AT&T Wireless,self-support lattice,,,,,,
Branford,***-*** North Main Street,T-Mobile,monopole,121,147,,,,
Canton,*** East Hill Road,AT&T,monopole,150,150,,,,
Branford,*** West Main Street,Clearwire,monopole,118,130,,,,
Danbury,** Hospital Avenue,T-Mobile,rooftop,154,185,,,,
Colchester,*** Old Hartford Road,DISH,monopole,40,61,,yes,,
Bridgeport,**** Connecticut Avenue,AT&T,monopole,106,126,,yes,,
Columbia,*** Route ** South,AT&T,monopole,150,120,,,,
Cheshire,*** Highland Avenue,T-Mobile,monopole,148,160,,,,
,Bethel,** Francis J. Clarke Circle,AT&T,monopole,125,155,,,
,Bloomfield,**** Blue Hills Avenue,Sprint,self-support lattice,87,130,,,
Branford,** Acorn Road,AT&T,monopole,140,150,,,,
Brooklyn,*** Brown Rd,Verizon,monopole,127,150,,,,
Canton,*** Cherry Brook Road,T-Mobile,monopole,129,150,,,,
Clinton,** Meadow Road,T-Mobile,self-support lattice,192,195,,,,
East Hampton,* Public Works Drive,Verizon,monopole,157,180,,,,
Cromwell,*** Main Street,MetroPCS,monopole,,125,,,,
East Hartford,**** Forbes Street,Verizon,monopole,110,130,,,,
Bloomfield,** Brewer Drive,Cingular,monopole,97,120,,,,
Branford,*** Brushy Plain Road,Cingular,monopole,153,154,,,,
Cheshire,*** Highland Avenue,Cingular,monopole,127,160,,,,
Bolton,*** Vernon Road,Eversource,guyed-lattice,var.,280,,,,
Canton,*** East Hill Road,T-Mobile,monopole,135,150,,,,
,Berlin,*** Beckley Road,MetroPCS,monopole,,150,,,
Cromwell,*** Main Street,Pocket (now MetroPCS),monopole,85,125,,,,
East Granby,*** Newgate Road,BAM,monopole,78,83,,,,
East Haven,*** Commerce Street,T-Mobile,monopole,47,58,,,,
Coventry,*** Riley Mountain Road,T-Mobile,monopole,137,150,,,,
Bloomfield,** Brewer Drive,VoiceStream,monopole,107,120,,,,
Bloomfield,*** Blue Hills Avenue,Verizon,monopole,107,110,,,,
Brookfield,** Carmen Hill Road,Sprint,guyed-lattice,256,455,,,,
Deep River,** Pent Road,AT&T,monopole,,,,,diesel generator,30-kilowatt
,Berlin,**** Chamberlain Highway,T-Mobile,monopole,100,125,,,
Brookfield,*** Park Ridge Road,T-Mobile,utility pole,125;132,100,,,,
Branford,*** Brushy Plain Road,T-Mobile,monopole,140,154,,,,
East Hampton,*** Young Street,T-Mobile,monopole,130,140,,,diesel generator,25kW & 220 gallon tank
,Beacon Falls,*** Rimmon Hill Road,Verizon,monopole,149,170,,,
Branford,*** Brushy Plain Road,SNET Cellular,monopole,150,150,,,,
Danbury,*** Boxwood Lane,Nextel,self-support lattice,98,100,,,,
Canton,** Canton Springs Road,SCLP,monopole,130,140,,,,
East Hartford,*** Roberts Street Rear,DISH,monopole,79,130,,yes,,
Docket No. 242,Andover,*** Jonathan Trumbull Highway,AT&T,monopole,150,150,,,
,Avon,*** Deercliff Road,T-Mobile,guyed-lattice,240,560,,,
Cromwell,*** West Street,T-Mobile,monopole,"51, 41",54,,,,
Derby,** Pleasant View Road,T-Mobile,monopole,114,120,,,,
Coventry,*** Riley Mountain Road,AT&T,monopole,120,150,,,,
Danbury,Moses Mountain,SNET/SCLP/DPS,self-support lattice,52,65,,,,
East Haddam,*** Parker Road,,guyed-lattice,,300,,,,
,Berlin,*** Beckley Road,Sprint,monopole,152,150,,,
,Avon,** Redwood Lane,VoiceStream,monopole,106,105,,,
Darien,*** Ledge Road,Sprint/Nextel,monopole,120,120,,,,
Clinton,** East Main Street,Verizon,self-support lattice,50,68,,,10 kW generator,
Bridgeport,*** Pine Street,Metricom,self-support lattice,124,248,,,,
Cheshire,*** Higgins Road,T-Mobile,self-support lattice (type J),211,269,,,,
Deep River,*** Winthrop Road,AT&T,monopole,150,180,,yes,,
Canton,** Canton Springs Road,Omni,monopole,100,140,,,,
,Berlin,*** Beckley Road,DISH,monopole,105,150,,yes,
Branford,***-*** North Main Street,T-Mobile,monopole,122,157,,,,
,Bethany,* Meyers Road,"DHS, ICS",self-support lattice,194,338,,,
East Haven,**** North High Street,AT&T,guyed-lattice,71,77,,,nat gas generator,
Docket No. 458,Bethel,** Codfish Hill Road,Verizon,monopole,150,150,,,diesel generator
Bristol,*** Farmington Avenue,Pocket (now MetroPCS),monopole,98,120,,,,
Bridgeport,**** Trumbull Avenue,T-Mobile,self-support lattice,205,240,,,,
Canton,** Powder Mill Road,Sprint,monopole,177,180,,,,
East Haddam,*** Parker Road,Cingular,guyed-lattice,185,300,,,,
,Ansonia,*** Wakelee Avenue,T-Mobile,self-support lattice,148,196,,,
Bolton,*** Vernon Road,AT&T,guyed-lattice,,150,,,diesel generator,
Durham,***R Old Blue Hills Road,AT&T,monopole,74,120,,,,
Bridgeport,**** Trumbull Avenue,Marcus Communications,self-support lattice,"237, 247,217",240,,,,
Colchester,** Old Hartford Road,DPS,self-support lattice,,100,,,,
,Andover,*** Bunker Hill Road,SNET/Cingular,monopole,137,180,,,
Durham,** Town House Road,AT&T,utility pole,37,39,,,,
East Hartford,**** Forbes Street,BAM,,,,,,,
Danbury,** Hospital Avenue,T-Mobile,rooftop,"127, 154",185,,,,
Brooklyn,*** Grant Hill Road,AT&T,monopole,129,150,,,,
Danbury,Moses Mountain,SNET/SCLP/WRNN TV,self-support lattice,50,65,,,,
Bristol,*** Terryville Avenue,Pocket (now MetroPCS),monopole,156,170,,,,
,Beacon Falls,*** Rimmon Hill Road,AT&T,monopole,159,170,,,
Canton,*** Cherry Brook Road,AT&T Wireless,monopole,140,150,,,,
,Berlin,**** Chamberlain Highway,Sprint,monopole,123,125,,,
Bloomfield,** Brewer Drive,Sprint,monopole,120,120,,,,
,Bloomfield,**** Blue Hills Avenue,AT&T Wireless,self-support lattice,108,130,,,
Columbia,*** Route ** South,Verizon,monopole,135,148,,,,
Durham,** Town House Road,Verizon,monopole,27,30,,,,
,Berlin,*** Kensington Road,SCLP,monopole,149,190,,,
,Bethany,* Meyers Road,Verizon,self-support lattice,180,338,,,
Chaplin,*** Palmer Road,,monopole,,150,,,,
Chaplin,*** Palmer Road,T-Mobile,monopole,116,150,,,,
Columbia,** Thompson Hill Road,AT&T,monopole,140,180,,,,
East Haddam,*** Parker Road,SNET/SCLP,guyed-lattice,185,300,,,,
East Hartford,*** Main Street,Verizon,rooftop,99,112,,,,
Colchester,** Westchester Road,AT&T,monopole,157,180,,,,
Danbury,Moses Mountain,SNET/SCLP,self-support lattice,59,65,,,,
Brookfield,*** Park Ridge Road,VoiceStream,utility pole,"125'8""; 132'4""",115,,,,
Cromwell,*** Shunpike Road,T-Mobile,self-support lattice,125,170,,,,
Darien,*** Ledge Road,T-Mobile,monopole,110,120,,,,
,Berlin,**** Berlin Turnpike,T-Mobile,monopole,160,180,,,
Danbury,*** Boxwood Lane,Sprint Nextel,self-support lattice,99,100,,,,
Colchester,*** Route **,Sprint,monopole,180,180,,,,
Cornwall,Mohawk Mountain Road,DPS/DPH/DEP/Sheriff,self-support lattice,60-180,180,,,,
Deep River,*** Winthrop Road,Cingular,monopole,150,180,,,,
East Hartford,**** Forbes Street,BAM/Sprint,monopole,97,110,,,,
East Hartford,*** Roberts Street Rear,MetroPCS,monopole,,130,,,,
,Berlin,**** Chamberlain Highway,Sprint,monopole,121,125,,,
Clinton,** Meadow Road,DISH,self-support lattice,130,195,,yes,,
Darien,*** Ledge Road,Sprint,monopole,117,120,,,,
Branford,** Sylvia Street,DISH,monopole,81,125,,yes,,
Bridgeport,*** Kaechele Place,Verizon,monopole,99,156,,,,
Derby,** Pleasant View Road,T-Mobile,monopole,120,120,,,,
Clinton,** Meadow Road,AT&T,self-support lattice,n/a,195,,,diesel generator,
Canton,*** East Hill Road,Cingular,monopole,150,150,,,,
,Avon,*** Deercliff Road,AT&T,guyed-lattice,200,560,,,
Burlington,** Nepaug Road,AT&T,monopole,120,120,,,,
East Hampton,* Public Works Drive,Verizon,monopole,160,180,,,diesel generator,
Burlington,** Nepaug Road,Pocket (now MetroPCS),monopole,88,120,,,,
Brooklyn,*** Brown Rd,DISH,monopole,138,150,,yes,,
,Berlin,**** Chamberlain Highway,DISH,monopole,111,133,,yes,
,Berlin,**** Chamberlain Highway,AT&T,monopole,133,133,,,
Branford,** Acorn Road,SCLP,monopole,105,150,,,,
Durham,***R Old Blue Hills Road,Sprint,monopole,,120,,,,
Coventry,*** Riley Mountain Road,Cingular/AT&T,monopole,107,150,,,,
Brookfield,** Vale Road,AT&T,monopole,161,165,,yes,Diesel fueled generator,15-kilowatt
Brooklyn,** Tiffany Street,T-Mobile,water tank,130,144,,,,
,Ashford,** Seles Road,Verizon,guyed-lattice,190,190,,,
Cromwell,*** Main Street,MetroPCS,monopole,85,125,,,,
Coventry,*** Main Street,AT&T,monopole,102,102,,,,
Branford,*** Brushy Plain Road,AT&T,monopole,150,150,,,,
,Bethany,* Meyers Road,T-Mobile,self-support lattice,222,338,,,
Coventry,**** Main Street,Pocket (now MetroPCS),self-support lattice,95,190,,,,
Bridgeport,*** Kaechele Place,Cingular/AT&T,monopole,see comments,156,,,,
Branford,***-*** North Main Street,Sprint Nextel,monopole,147,157,,,,
Bloomfield,* Hoskins Road,Cingular,self-support lattice,161,180,,,,
Branford,***-*** North Main Street,BAM,,,,,,,
,Ansonia,*** Wakelee Avenue,Cingular,self-support lattice,167,196,,,
Danbury,Moses Mountain,SNET/SCLP,self-support lattice,64,65,,,,
Darien,** Goodwives River Road,Verizon,utility pole,37,34,,,,
Brooklyn,*** Grant Hill Road,AT&T,monopole,127,150,,,,
East Hartford,*** Sunset Ridge Drive,MetroPCS,self-support lattice,,140,,,,
,Bethany,* Meyers Road,T-Mobile,self-support lattice,220,338,,,
Bloomfield,** Brewer Drive,T-Mobile,monopole,107,120,,,,
,Beacon Falls,*** Lopus Road,Pocket (now MetroPCS),monopole,125,150,,,
East Hartford,**** Forbes Street,BAM,monopole,108,110,,,,
,Andover,*** Bunker Hill Road,Cingular/AT&T,monopole,127,180,,,
Bridgeport,**** Trumbull Avenue,Clearwire,self-support lattice,180,240,,,,
East Hampton,*** Young Street,Verizon,monopole,140,140,,,,
Bozrah,Polly Lane,SCLP,guyed-lattice,192,185,,,,
,Bloomfield,**** Blue Hills Avenue,T-Mobile,self-support lattice,125,125,,,
Chaplin,*** Palmer Road,Verizon,monopole,146,150,,,,
Bolton,** South Street,AT&T,monopole,118,120,,,,
Branford,*** Brushy Plain Road,Verizon,monopole,113,150,,,,
Durham,** Town House Road,AT&T,utility pole,30,34,,,,
East Hartford,**** Forbes Street,BAM/Omni,monopole,85,110,,,,
Branford,*** Brushy Plain Road,T-Mobile,monopole,140,150,,,,
Bristol,** Valley Street,Verizon,self-support lattice,,,,,natural gas generator,100-kilowatt
East Haven,*** Commerce Street,T-Mobile,monopole,47,57,,,,
Canton,** Powder Mill Road,T-Mobile,monopole,168,180,,,,
Brooklyn,*** Grant Hill Road,T-Mobile,monopole,138,150,,,,
Bridgeport,*** Kaechele Place,AT&T,monopole,154,156,,,,
,Bethel,** Spring Hill Lane,T-Mobile,monopole,102,125,,,
Danbury,** Park Avenue,AT&T,rooftop,48,53,,,diesel generator,72 hours
Cheshire,*** Highland Avenue,Sprint,monopole,157,160,,,,
Bridgeport,*** Kaechele Place,Verizon/Cingular,monopole,100/155,156,,,,
Canterbury,** Westminster Road,Sprint,monopole,180,180,,,,
Coventry,*** Riley Mountain Road,SNET,monopole,117,150,,,,
Brookfield,*** Park Ridge Road,Sprint,utility pole,132,125,,,,
Danbury,*** Boxwood Lane,WCSU,self-support lattice,67,100,,,,
Branford,***-*** North Main Street,AT&T,monopole,112,157,,,,
Brooklyn,*** Grant Hill Road,Verizon,monopole,117,150,,,,
Cheshire,*** Highland Avenue,Verizon,monopole,118,160,,,,
Clinton,** Cow Hill Road,DISH,self-support lattice,118,212,,yes,,
Colchester,** Munn Road,DEP,self-support lattice,90,320,,,,
,Bloomfield,**** Blue Hills Avenue,AT&T Wireless,self-support lattice,,130,,,
Cheshire,*** Higgins Road,VoiceStream,self-support lattice (type J),211,269,,,,
,Bethany,* Meyers Road,Nextel,self-support lattice,250,338,,,
Chaplin,*** Palmer Road,Cingular,monopole,127,150,,,,
,Ashford,** Knowlton Hill Road,Verizon,monopole,127,150,,,
Canaan (Falls Village),*** Route * South,Verizon,monopoleonopine,150,150,,,,
Deep River,*** Winthrop Road,AT&T,monopole,,,,,diesel generator,30-kilowatt
,Andover,*** Jonathan Trumbull Highway,Pocket (now MetroPCS),monopole,130,150,,,
Bridgeport,**** Trumbull Avenue,Verizon,self-support lattice,150,240,,,,
Canterbury,** Westminster Road,Cingular,monopole,161,180,,,,
,Ansonia,*** Wakelee Avenue,AT&T Wireless,self-support lattice,158,196,,,
Bolton,*** Vernon Road,Verizon,guyed-lattice,121,280,,,,
,Bethel,** Spring Hill Lane,Sprint,monopole,115,25,,,
Cromwell,*** Berlin Road,Verizon,self-support lattice,88,111,,,,
East Haddam,** Maple Avenue,AT&T,silo,47,49,,,,
Canton,*** East Hill Road,SNET Cellular,monopole,150,150,,,,
Branford,*** Brushy Plain Road,Verizon,monopole,113,154,,,,
Cornwall,** Bell Road Extension,,monopole,,110,,,diesel generator,20-kilowatts
,Ashford,** Janoski Road,Cingular/AT&T,self-support lattice,160,190,,,
,Avon,** Redwood Lane,T-Mobile,monopole,105,105,,,
Chaplin,*** Davis Road,Verizon,monopole,155,175,,,,
Colchester,*** Old Hartford Road,AT&T,monopole,57,60,,,,
Bloomfield,** Brewer Drive,DISH,monopole,89,120,,yes,,
Colchester,*** Route **,T-Mobile,monopole,138,180,,,,
,Andover,*** Bunker Hill Road,Cingular,monopole,137,180,,,
Bridgeport,*** Kaechele Place,Sprint,monopole,140,150,,,,
Bristol,*** Terryville Avenue,AT&T,monopole,168,170,,,,
Danbury,Moses Mountain,Destineer/Skytel,self-support lattice,50,65,,,,
Colchester,Chestnut Hill Road,SNET Cellular,monopole,180,180,,,,
East Hartford,*** Prestige Park Road,SNET/SCLP,monopole,,,,,,
,Avon,** Redwood Lane,Cingular,monopole,,105,,,
,Ashford,** Seles Road,AT&T,guyed-lattice,140,190,,,
,Berlin,*** Beckley Road,AT&T,monopole,152,150,,,
East Hampton,*** Young Street,New Cingular,monopole,120,120,,,,
Cromwell,*** West Street,Verizon,monopole,64,76,,,,
Bloomfield,* Hoskins Road,Verizon,self-support lattice,150,180,,,,
Colchester,*** Old Hartford Road,AT&T,monopole,,,,,diesel generator,20-kilowatt
Colebrook,*** Pinney Street,Alltel,monopole,,150,,,,
Brooklyn,*** Grant Hill Road,CL&P,monopole,90,150,,,propane generator,
Bloomfield,* Hoskins Road,Cingular/AT&T,self-support lattice,67,180,,,,
,Bethel,** Codfish Hill Road,DISH,monopole,135,150,,yes,
Bloomfield,** Brae Burnie Lane,T-Mobile,monopole,111,120,,,,
,Ansonia,*** Wakelee Avenue,Sprint Nextel,self-support lattice,194,196,,,
Bristol,*** Terryville Avenue,DISH,monopole,148,170,,yes,,
,Barkhamsted,** New Hartford Road,AT&T,monopole,114,144,,,
Danbury,** Hospital Avenue,Verizon,rooftop,156,185,,,,
Derby,** Pleasant View Road,Verizon,monopole,107,120,,,,
Clinton,** Meadow Road,Cingular,self-support lattice,150,195,,,,
Branford,*** Brushy Plain Road,SNET/SCLP,monopole,,,,,,
Canton,*** Cherry Brook Road,Cingular,monopole,140,150,,,,
,Ansonia,*** Wakelee Avenue,SNET,self-support lattice,168,196,,,
Cromwell,*** West Street,Dish,monopole,51,76,,yes,,
Cheshire,*** Higgins Road,Verizon,self-support lattice (type J),252,269,,,,
East Granby,* Memorial Drive,Nextel,self-support lattice,84,80,,,,
Colebrook,*** Pinney Street,Verizon,monopole,117,150,,,,
,Andover,*** Bunker Hill Road,AT&T,monopole,137,180,,,
Derby,** Pleasant View Road,Clearwire,monopole,84,120,,,,
Cromwell,*** Main Street,AT&T,monopole,117,125,,yes,,
East Hampton,* Public Works Drive,Sprint,monopole,180,180,,,,
Brooklyn,*** Grant Hill Road,Sprint,monopole,150,150,,,,
Cromwell,*** Shunpike Road,VoiceStream,self-support lattice,125,170,,,,
Brooklyn,*** Grant Hill Road,T-Mobile,monopole,138,150,,yes,,
Danbury,** Hospital Avenue,T-Mobile,rooftop,"154, 127",185,,,,
,Barkhamsted,** New Hartford Road,AT&T,monopole,,144,,,
Durham,***R Old Blue Hills Road,T-Mobile,monopole,73,120,,,,
,Avon,** Montevideo Road,Sprint,self-support lattice,147,150,,,
,Berlin,*** Kensington Road,SNET/Cingular,monopole,149,190,,,
Branford,***-*** North Main Street,AT&T,monopole,110,147,,,,
Darien,*** Ledge Road,Sprint,monopole,118,117,,,,
Bloomfield,** Brewer Drive,Verizon,monopole,87,120,,,,
Branford,***-*** North Main Street,BAM,monopole,107,110,,,,
,Berlin,*** Beckley Road,T-Mobile,monopole,142,150,,,
,Bethel,* Stony Hill Road,AT&T,utility pole,145,140,,,
Branford,*** Brushy Plain Road,SNET/SCLP,monopole,150,150,,,,
,Berlin,**** Chamberlain Highway,Clearwire,monopole,119,125,,,
,Bloomfield,**** Blue Hills Avenue,Cingular,self-support lattice,97,130,,,
Canterbury,** Westminster Road,AT&T,monopole,160,180,,,,
,Andover,*** Bunker Hill Road,T-Mobile,monopole,148,178,,,
Brooklyn,** Tiffany Street,Nextel,water tank,133,130,,,,
Brookfield,*** Federal Road,T-Mobile,utility pole,110,91,,yes,,
Brookfield,* Huckleberry Hill Road,AT&T,monopole,"55.00,48.00",60,,,,
