County,License Number,Operation Type,Establishment Type,Entity Name,DBA Name,Street Number,Street Name,Address Line 2,Unnamed_Column_10
BRONX,758170,Store,A,NEW STOP GROCERY INC,NEW STOP GROCERY,120,E 157TH STREET,,
QUEENS,759056,Store,JAC,J & J SUPER MARKET CORP,J & J SUPER MARKET,147-26,BROOKVILLE BLVD,,
MONROE,759716,Store,JAC,WNY FAIRPORT INC,CORNER MARKET,110,S MAIN ST,,
KINGS,759039,Store,JAC,3442 DELI MINI MARKET CORP,3442 DELI MINI MARKET,3442,FULTON STREET,,
ORANGE,759058,Store,JACH,GREENWOOD LAKE ROASTERS LLC,GREENWOOD LAKE ROASTERS,58,WINDERMERE AVE,,
SUFFOLK,758542,Store,A,CULINART INC,SBU ADMIN CART,,SHIRLEY KENNY DR,ADMIN BLDG,
CHEMUNG,758293,Store,A,DOLGEN NEW YORK LLC,DOLLAR GENERAL #24584,165,DANIEL ZENKER DR,,
KINGS,759032,Store,JAC,ZAMZAM GROCERY & MEATS LLC,ZAMZAM GROCERY & MEATS,1101,CONEY ISLAND AVE,,
BROOME,758330,Store,A,DOLGEN NEW YORK LLC,DOLLAR GENERAL #24536,6946,STATE RT 17C,,
RICHMOND,758338,Store,JAC,MI PUEBLO CUISINE & PANADERIA CORP,MI PUEBLO CUISINE & PANADERIA,166,MORNINGSTAR RD,,
QUEENS,759710,Store,A,BO LUO INC,BO LUO,4120,MAIN STREET B1,,
QUEENS,759660,Store,A,UNION TPK PETROLEUM LLC,UNION TPK PETROLEUM,164-05,UNION TPKE,,
SULLIVAN,759385,Store,JAC,HIJOS DE VILLA LLC,HIJOS DEVILLA,117,SOUTH MAIN STREET,,
NASSAU,758524,Store,JAC,NASSAU DELI INC,NASSAU DELI,168B,JACKSON ST,,
SUFFOLK,758510,Store,A,Y NORTHPORT GAS CORP,CONOCO,1905,E JERICHO TPKE,,
BRONX,758904,Store,A,CULINART INC,BALDOR SPECIALTY FOODS,155,FOOD CENTER DRIVE,,
SUFFOLK,758539,Store,JAC,DELEA LEASING CORP,DELEA FARM STAND,444,ELWOOD RD,,
QUEENS,758348,Store,JAC,MOKAFE CORP,MOKAFE,33-49,VERNON BLVD,,
QUEENS,759653,Store,A,DUKES CONVENIENCE INC,DUKES CONVENIENCE,68-74,FRESH POND ROAD,,
BRONX,759068,Store,A,CAZARES GROCERY LLC,CAZARES GROCERY,344,E 148TH STREET,,
KINGS,759213,Store,JAC,BEDSTUY GOURMENT DELI INC,BEDSTUY GOURMENT DELI,994,BEDFORD AVE,,
BRONX,758154,Store,JAC,CASA AMIGOS DELI & GROCERY CORP,CASA AMIGOS DELI & GROCERY,301,SOUNDVIEW AVE,,
NEW YORK,758696,Store,JAC,NEW YORK SEAFOOD MARKET CORP,NEW YORK SEAFOOD MARKET,454,LENOX AVENUE,,
NEW YORK,759007,Store,JAC,EL BARRIO CONVENIENCE SHOP INC,EL BARRIO CONVENIENCE SHOP,153,E 106TH STREET,,
SUFFOLK,759423,Store,JAC,ADIAH AND FAMILY CORP,7-ELEVEN STORE #37631A,2475,MONTAUK HWY,,
TIOGA,759059,Store,JAC,ROSE LISA M,MAMA O'S COUNTRY MARKET,82,MAIN ST,,
LIVINGSTON,759080,Store,A,WALTON SARAH & TRAVIS,WALTONS WAY ANGUS FARM,2434,LINWOOD ROAD,,
ONONDAGA,759655,Store,A,ECUA MULTISERVICES INC,ECUA MULTISERVICES,3711,BREWERTON RD SUITE 12,,
QUEENS,759021,Store,JAC,SLAK CORPORATION,7-ELEVEN STORE #35026B,253-02,UNION TPKE,,
QUEENS,758890,Store,JAC,FUJI SHOP INC,JAPANESE GROCERY STORE,86-55,BROADWAY STORE#B-1-B-2,,
WARREN,758908,Store,JAC,RED WAGON BBQ SAUCE LLC,KELLY'S,2378,NY-28,,
SULLIVAN,758287,Store,JAC,ROUTE 42 FUEL CORP,ROUTE 42 FUEL,4370,STATE ROUTE 42,,
SUFFOLK,758191,Store,JAC,BREWPORT CAF� LLC,BREWPORT CAFE,150,HOLBROOK RD.,,
NASSAU,759269,Store,JAC,FARIED LLC,7-ELEVEN STORE 41790A,552,FRANKLIN AVENUE,,
KINGS,758174,Store,A,MY FAMILY MARKET INC,MY FAMILY MARKET,6022,7TH AVE,,
BRONX,759713,Store,JAC,MURAD 1 DELI GROCERY CORP,MURAD 1 DELI GROCERY,2026,LAFONTAINE AVENUE,,
KINGS,758576,Store,A,PEPPER PALACE INC,PEPPER PALACE,3011,STILLWELL AVE,,
KINGS,758147,Store,JAC,REB SHAYALAS MEALS INC,REB SHAYALAS MEALS,392,FLUSHING AVE,(IN ROSEMARY SUPERMARKET),
BRONX,760086,Store,A,290 FAMILY DISCOUNT 99CENTS PLUS LLC,290 FAMILY DISCOUNT 99CENTS PLUS,290,E KINGSBRIDGE ROAD,,
JEFFERSON,759501,Store,JAC,ST LAWRENCE MINI MART INC,ST LAWRENCE MINI MART,43497,STATE RT. 37,,
SUFFOLK,759935,Store,A,DOLGEN NEW YORK LLC,DOLLAR GENERAL #30610,200,MIDDLE COUNTRY RD,,
NASSAU,758280,Store,A,RSMD LIMBACHIA CORP,RSMD LIMBACHIA,352 A,FULTON AVE,,
QUEENS,759508,Store,JAC,TASTE BUDZ NYC LLC,TASTE BUDZ NYC,110-28,MERRICK BLVD,,
RICHMOND,758736,Store,JABC,SI TRADERS INC,BRIGHTON BAGELS,843,FOREST AVE,,
SUFFOLK,758662,Store,JAC,ROYAL MINI MART INC,ROYAL MINI MART,3585,YOUNGS AVENUE,,
QUEENS,759702,Store,JAC,CEYLON EXPRESS INC,CEYLON EXPRESS,88-01,182ND PLACE,,
DUTCHESS,758281,Store,A,DUTCH MART INC,DUTCH MART,7519,NORTH BROADWAY,,
ONONDAGA,758172,Store,A,SALINA HIP HOP CLOTHING INC,SALINA HIP HOP CLOTHING,2809,S. SALINA ST,,
KINGS,758923,Store,JAC,K&G MARKET LLC,K&G MARKET,9420,CHURCH AVE (#9406),,
RENSSELAER,759024,Store,JAC,CAPITAL ROOTS INC,CAPITAL ROOTS STORE,598,RIVER ST. FRONT,,
WYOMING,758588,Store,A,FAMILY DOLLAR STORES OF NEW YORK LLC,FAMILY DOLLAR #33503,124,N CENTER ST,,
SARATOGA,759670,Store,JAC,LUCCAS DELICATESSEN LLC,LUCCAS DELICATESSEN,55,SARATOGA AVE,,
SARATOGA,759206,Store,JAC,GALWAY LOCAL LLC THE,GALWAY LOCAL,5306,SACANDAGA RD,,
BRONX,758299,Store,A,LOLYS PHARMACY INC,LOLYS PHARMACY,21,W 183RD STREET,,
STEUBEN,759226,Store,JAC,DHARMANANDAN LLC,UNCLE JACKS MARKET,7,EAST AVE EXT,,
ONONDAGA,758544,Store,A,DOLGEN NEW YORK LLC,DOLLAR GENERAL #30177,101,LAWRENCE RD E,,
NEW YORK,758149,Store,JAC,NEW AMSTERDAM DELI CORP,NEW AMSTERDAM DELI,1536,AMSTERDAM AVE,,
KINGS,759218,Store,JAC,TOP DELI CORP,TOP DELI,2115,SURF AVE,,
KINGS,759000,Store,JAC,BEDFORD FLAMING GRILL INC,BEDFORD FLAMING GRILL,2423,AVE U,,
QUEENS,759718,Store,JAC,ROXANA GOURMET INC,ROXANA GOURMET,66-78,FRESH POND RD,,
BRONX,759685,Store,JAC,EVERYTABLE PBC,EVERYTABLE,1400,"PELHAM PKWY S, BLDG#1, R-145",,
KINGS,759611,Store,JAC,OCEAN FINEST GRILL BASKET INC,OCEAN FINEST GRILL BASKET,1789,OCEAN AVE,,
SCHENECTADY,758657,Store,A,FAZZONE RICHARD L,SAHRS,2068,CURRY RD,,
NEW YORK,759416,Store,JAC,3RD AVE FOOD GROUP LLC,EDEN GOURMET MARKET,275,3RD AVE,,
WAYNE,759717,Store,JAC,WNY CANANDAIGUA INC,CORNER MARKET,3290,CANANDAIGUA RD,,
NEW YORK,759259,Store,JAC,CHELSEAS SIGNATURE DELI CORP,CHELSEAS SIGNATURE DELI,134,8TH AVENUE,,
BRONX,760077,Store,A,NEW HOPE GROCERY INC,NEW HOPE GROCERY,944,ALDUS ST,,
BRONX,758302,Store,JAC,204 DELI GROCERY CORP,204 DELI GROCERY,319,E 204TH STREET,,
ALLEGANY,758294,Store,A,DOLGEN NEW YORK LLC,DOLLAR GENERAL #24752,4,MAIL ST,,
SULLIVAN,759194,Store,A,SPRUCE HOME GOODS CORP,SPRUCE HOME GOODS,47B,MAIN STREET,,
KINGS,760101,Store,A,CHARLY MINI MARKET CORPORATION,CHARLY MINI MARKET,759,PARK AVE,,
QUEENS,759265,Store,JAC,ANGIE CONVENIENCE STORE INC,ANGIE CONVENIENCE STORE,73-10,BELL BLVD,,
NEW YORK,758876,Store,JAC,SOLIMANS GROCERY CORP,SOLIMAN'S GROCERY,129,E 45TH ST #6,,
NEW YORK,759169,Store,JAC,PAMELA GROCERY STORE CORP,PAMELA GROCERY STORE,1626,PARK AVE,,
DUTCHESS,758345,Store,JAC,1663 FOOD MART INC,1663 FOOD MART,1663,RT 9,,
KINGS,758677,Store,JAC,DELI 200 ALBANY CORP,DELI 200 ALBANY,200,ALBANY AVE,,
MONROE,759965,Store,JAC,EHSAN ENTERPRISES INC,SCOTTSVILLE ONE STOP MART,69,ROCHESTER ST,,
RICHMOND,758581,Store,A,LUX CONVENIENCE CORP,LUX CONVENIENCE,197,BROAD ST.,,
OTSEGO,758673,Store,JAC,UNITED FOOD MARKET INC,UNITED FOOD MARKET,229,MAIN ST,,
QUEENS,759066,Store,A,PLATA FOOD CORP,PLATA GROCERY,31-05,24TH AVE,,
NEW YORK,758697,Store,JAC,ELITE 128 LLC,7-ELEVEN STORE #42327A,128,W 34TH ST.,,
NASSAU,758888,Store,JAC,FARMBOY MEAT & PRODUCE INC,FOOD WORLD,500,WEST MERRICK RD,,
NEW YORK,758877,Store,JAC,2 CAMPUS DELI CORP,2 CAMPUS DELI,469,W 157TH STREET,,
ONEIDA,758872,Store,JAC,CLIFFORDS SUNRISE TO SUNSET MARKETS INC,CLIFFS LOCAL MARKET(11/28/23),3931,ONEIDA ST,,
NASSAU,758177,Store,JAC,RALLINI LLC,RALLINI BAKERY & CAFFE,4338,AUSTIN BOULEVARD,,
QUEENS,760120,Store,A,LINDO BEBE 88 INC,LINDO BEBE 88,40-13,104TH STREET,,
MONROE,758516,Store,JAC,SIM MARKET INC,BUTCHER BOY MEAT MARKET,412,CLIFFORD AVE,,
QUEENS,758734,Store,JAC,LEGACY MINI MART CORP,LEGACY MINI MART,96-19,LINDEN BLVD,,
KINGS,760075,Store,A,YOUJIAXING GROCERY INC,YOUJIAXING GROCERY,5701,FORT HAMILTON PKWY STORE 1,,
QUEENS,759482,Store,JAC,K CHOICE FARM INC,K CHOICE FARM,45-20,46TH STREET,,
QUEENS,758698,Store,JAC,AFRICA PRODUCT DEVELOPMENT CENTER LLC,AFRICA PRODUCT DEVELOPMENT CENTER,23-23,BORDEN AVE,,
KINGS,759471,Store,A,FAMILY PHARMACY GROUP INC,AVE X PHARMACY,2108,AVE X,,
DELAWARE,759177,Store,JAC,BLOOMONRIVERSTREET LLC,FIRST BLOOM CORNER STORE,52030,NY 10,,
MONROE,758929,Store,JAC,JENKINS MEAT MARKET LLC,JENKINS MEAT MARKET,2344,LYELL AVE,,
SARATOGA,758683,Store,JAC,QUICK SHOP DELI INC,QUICK SHOP DELI,66,3RD ST,,
NEW YORK,759399,Store,JAC,ALIMENTUS GUATEMIX 502 LLC,EL PETENCITO DELI GROCERIE,339,E 108TH ST,,
RICHMOND,759503,Store,JAC,ISLAND MINI MARKET DELI INC,ISLAND MINI MARKET DELI,2031,FOREST AVE #4,,
ERIE,759504,Store,A,FILLMORE UTICA MART INC,FILLMORE UTICA MART,1372,FILLMORE AVE,,
QUEENS,759621,Store,JAC,OB DELI INC,OB DELI,116-69,SUTPHIN BLVD,,
RICHMOND,758907,Store,JAC,CB 180 CORP,CRACKER BARREL,180,MAIN ST.,,
RICHMOND,758532,Store,JAC,SIN FRONTERA DELI AND GROCERY STORE LLC,SIN FRONTERA DELI AND GROCERY,340,HEBERTON AVENUE,,
QUEENS,759179,Store,JAC,1-800-FLOWERS.COM INC,1-800-FLOWERS,36-01,47TH AVE,,
MONROE,760093,Store,A,ROC BBQ SUPPLY LLC,ROC BBQ SUPPLY,1225,JEFFERSON RD A06A,,
SCHENECTADY,758740,Store,JAC,MAHABIR RONALD,ONE STOP WEST INDIAN GROCERY & FISH MARK,772,STATE STREET,,
NASSAU,758534,Store,JAC,PRODUCTOS CENTROAMERICANOS LOS ROSALES C,PRODUCTOS CENTROAMERICANOS LOS ROSALES,686,JERUSALEM AVE,,
SCHENECTADY,758313,Store,JAC,789 ALBANY DELI AND GROCERY INC,789 ALBANY DELI AND GROCERY,789,ALBANY ST.,,
QUEENS,758158,Store,JAC,HANDSOME SEAFOOD CORP,HANDSOME SEAFOOD,153-55,CROSS ISLAND PKWY,,
KINGS,758349,Store,JAC,SAVOURY INC,SAVOURY,394,BROADWAY,,
KINGS,760117,Store,A,MALCOLMX GROUP INC,MALCOLMX GROUP/RETAIL FOOD STORE,354,MALCOLM X BLVD,,
RICHMOND,758671,Store,A,TODT HILL MINI MART INC,TODT HILL MINI MART,1060,RICHMOND RD,,
KINGS,759657,Store,JAC,RUBYS BAGELS CORP,RUBYS BAGELS,3103,QUENTIN RD,,
QUEENS,759652,Store,A,LUCKY FARMERS MARKET INC,LUCKY FARMERS MARKET,84-31,JAMAICA AVENUE,,
KINGS,759506,Store,JAC,BAY RIDGE FISHBAR CORP,BAY RIDGE FISHBAR,7608,3RD AVE,,
NEW YORK,759464,Store,JAC,DALILAS FOOD MARKET INC,DALILA'S FOOD MARKET,126,E 103RD ST.,,
KINGS,759187,Store,JAC,BELMONT MINI MARKET NY INC,BELMONT MINI MARKET NY,51,BELMONT AVE,,
BRONX,758884,Store,JAC,SEANS QUALITY DELI LLC,SEAN'S QUALITY DELI,4273,KATONAH AVENUE,,
KINGS,758350,Store,JAC,GGJ&G FOOD CORP,BROOKLYN KRISP FOOD MARKET,800,ROCKAWAY AVENUE,,
BROOME,758889,Store,A,YUMMY MARKET CORP,YUMMY MARKET,188,MAIN ST 1 FL,,
DUTCHESS,758705,Store,JAC,REFILLERY STOREHOUSE LLC,REFILLERY STOREHOUSE,23,EASTDALE S AVENUE,,
KINGS,759183,Store,JAC,LA NATURAL GOURMET CORP,LA NATURAL GOURMET,177,PATCHEN AVENUE,,
KINGS,758911,Store,JAC,KING DELI & GRILL 3 CORP,KING DELI & GRILL 3,1932,KINGS HWY,,
KINGS,758167,Store,A,EL ARCOIRIS DELI GROCERY 2 CORP,EL ARCOIRIS DELI GROCERY 2,5805,5TH AVE,,
KINGS,759619,Store,JAC,MR GREEN JUICE & GRILL INC,MR GREEN JUICE & GRILL,1601,MCDONALD AVE,,
SUFFOLK,759061,Store,JABC,103 FRONT STREET GREENPORT LLC,ALDOS COFFEE CO,103-105,FRONT ST,,
NEW YORK,759146,Store,A,160 GROCERY INC,160 GROCERY,2011C,AMSTERDAM AVE,,
KINGS,759425,Store,JAC,777 NOSTRAND DELI CORP,777 NOSTRAND DELI,777,NOSTRAND AVE,,
KINGS,759006,Store,JAC,FLAMMING GRILL CORP,FLAMMING GRILL,3038,NEPTUNE AVE,,
BROOME,758578,Store,A,DOWNTOWN EXPRESS SMOKE SHOP INC,DOWNTOWN EXPRESS SMOKE SHOP,165,COURT ST,,
NEW YORK,758543,Store,A,COMPASS GROUP USA INC,15 BEEKMAN MARKET,15,BEEKMAN MARKET,,
ROCKLAND,759022,Store,JAC,7 ELEVEN INC,7-ELEVEN STORE #42137H,212,GURNEE AVE,,
RICHMOND,758881,Store,JAC,PRIORITY DELI & GROCERY CORP,PRIORITY DELI & GROCERY,488,JERSEY STREET,,
KINGS,758178,Store,JAC,EVERYTHING MOVING CONVENIENCE STORE LLC,EVERYTHING MOVING CONVENIENCE,258,MARCUS GARVEY BLVD,,
KINGS,758175,Store,A,EL QUETZALITO 7 CORP,EL QUETZALITO 7,4604,7TH AVENUE,,
FRANKLIN,758700,Store,JAC,NORTHERN FREEZE LLC,NORHTERN FREEZE CANDY,165,165 E MAIN STE RTE 11,,
OTSEGO,758902,Store,JAC,GATEHOUSE COFFEE LLC,GATEHOUSE COFFEE SHOP,129,MAIN ST,,
GENESEE,758545,Store,A,DOLGEN NEW YORK LLC,DOLLAR GENERAL #25187,6329,ROUTE 262,,
NIAGARA,758883,Store,JAC,KULAR ENTERPRISES INC,KULAR ENTERPRISES,837,NASH ROAD,,
QUEENS,758572,Store,JAC,PARSONS DELI & GROCERY LLC,PARSONS DELI & GROCERY,82-69,PARSONS BLVD,,
ONONDAGA,759957,Store,A,TRUCKING DELICIOUS LLC,EUGENIA'S GENERAL STORE,604,E SENECA ST STE E,,
COLUMBIA,758587,Store,A,DOLGEN NEW YORK LLC,DOLLAR GENERAL #25025,1475,ROUTE 20,,
BRONX,758690,Store,JAC,HALAL LINCOLN DELI CORP,HALAL LINCOLN DELI,522,MORRIS AVE,,
QUEENS,759215,Store,A,BOWNE MINI MARKET CORP,BOWNE MINI MARKET,42-14,BOWNE ST,,
BRONX,758574,Store,JAC,STOP 1 KING DELI & GROCERY CORP,STOP 1 KING DELI & GROCERY,1803,MANSION ST,,
KINGS,759641,Store,JAC,CANARSIE FOOD SUPERMARKET CORPORATION,CANARSIE FOOD SUPERMARKET,10421,GLENWOOD ROAD,,
KINGS,759688,Store,JAC,AKTER SEREN,NEWKIRK HALAL GROCERY,631,RUGBY RD,,
ONONDAGA,760190,Store,A,DOLGEN NEW YORK LLC,DOLLAR GENERAL #30401,2711,S SALINA ST,,
NEW YORK,759473,Store,JAC,1613 GOURMET DELI INC,1613 GOURMET DELI,1613,ST.NICHOLAS AVE,,
FULTON,759191,Store,JAC,FRAZ & SONS INC,JAN SMOKES & DELI,142,W FULTON ST,,
COLUMBIA,760128,Store,A,ALDI INC,ALDI 16,157,FAIRVIEW AVE,,
BRONX,759050,Store,JAC,NEW BEST GOURMET DELI CORP,NEW BEST GOURMET DELI,573,EAST FORDHAM RD,,
KINGS,759249,Store,JABC,BROOKLYN BAKING INC,MS HEIMISHE BAKERY,1321,AVENUE J,,
NEW YORK,758882,Store,JAC,MADISON CAFE & GRILL CORPORATION,MADISON CAFE & GRILL,244,MADISON AVE,,
QUEENS,758688,Store,JAC,CHACHO DELI GROCERY CORP,CHACHO DELI GROCERY,88-20,95TH AVE,,
ORLEANS,759069,Store,JAC,SMITH DARYL,DARYL'S GOURMET FLAMIN PEPPER JAM,29,S. MAIN ST.-,WEBBER KITCHEN COLLABORATIVE,
KINGS,760092,Store,A,WYCKOFF ORGANIC SHOP AND GROCERY CORP,WYCKOFF ORGANIC SHOP AND GROCERY,300,WYCKOFF AVENUE,,
QUEENS,759990,Store,A,DOLGEN NEW YORK LLC,DOLLAR GENERAL #19222,71-24,MYRTLE AVE,,
CAYUGA,759268,Store,A,JOHNSTON CLIFFORD,LOCKE AUCTION,4685,W. CAYUGA ST,,
KINGS,758325,Store,JAC,TRANSMITTER BREWING LLC,TRANSMITTER BREWING,141,FLUSHING AVE BLDG 77,,
SUFFOLK,759974,Store,JAC,JBB RETAIL INC,7 ELEVEN STORE #23358B,1001,ROUTE 25A,,
NEW YORK,758310,Store,JAC,LM V INC,LINCOLN MARKET,300,W 122ND STREET,,
KINGS,758168,Store,JAC,BAY GOURMET DELI & JUICE BAR INC,BAY GOURMET DELI & JUICE BAR,1725,SHEEPSHEAD BAY RD,,
SUFFOLK,759460,Store,JAC,SABANETA DELI INC,SABANETA DELI,1113,SUFFOLK AVE,,
BROOME,759418,Store,A,NORTHSIDE GROCERY INC,GREATER GOOD GROCRY BUS,3,OTSENINGO ST,,
ALBANY,760133,Store,A,FAMILY DOLLAR STORES OF NEW YORK LLC,FAMILY DOLLER STORE # 1973,2463,ROUTE 9W,,
QUEENS,758918,Store,JAC,ZAMAN GOURMET DELI CORP,ZAMAN GOURMET DELI,91-09,ROOSEVELT AVE,,
RICHMOND,758513,Store,JAC,MEXICO AZTECA FOODS CORP,MEXICO AZTECA FOODS,33,BROAD ST,,
QUEENS,758156,Store,JAC,MATTYS KWICK STOP DELI & GRILL INC,MATTYS KWICK STOP DELI & GRILL,74-22,JAMAICA AVE,,
KINGS,758188,Store,A,361 BROWNSVILLE CONVENIENCE CORP,361 BROWNSVILLE CONVENIENCE,361,SUTTER AVE,,
RICHMOND,759512,Store,JAC,MUKTI 1098 PETROLEUM INC,MUKTI 1098 PETROLEUM,1098,RICHMOND ROAD,,
ROCKLAND,759012,Store,JAC,ROCKLAND FOOD MART INC,ROCKLAND FOOD MART,7,NEW MAIN ST,,
MONROE,759699,Store,JAC,WILLIAMS DARNELLE,MAPLE AND GLIDE EXPRESS,190-192,GLIDE ST,,
RICHMOND,759622,Store,JAC,SAM DELI & CONVENIENCE CORP,SAM DELI & CONVENIENCE,392,PORT RICHMOND AVE,,
NEW YORK,758659,Store,JAC,ONE 4 ALL MINI MARKET & DELI INC,ONE 4 ALL MINI MARKET & DELI,1862,3RD AVE,,
QUEENS,759654,Store,A,LP BABY & GROCERY INC,LP BABY & GROCERY,60-39,MYRTLE AVENUE,,
NEW YORK,759247,Store,JAC,LOS MUCHACHOS MEAT MARKET & GROCERY CORP,LOS MUCHACHOS MEAT MARKET,26,JEFFERSON ST,,
NASSAU,760141,Store,A,BOLLA OPERATING LI CORP,BOLLA 220 MANETTO HILL,220,MANETTO HILL RD,,
MONROE,759217,Store,JAC,KS FOOD N GAS INC,K'S FOOD N GAS,1291,LYELL AVE,,
WESTCHESTER,759140,Store,JAC,KALANIS CORNER INC,KALANIS CORNER,49,N MAIN ST,,
QUEENS,758869,Store,A,CHAW SU KYAW INC,CHAW SU KYAW,86-55,BROADWAY STORE#B11,,
QUEENS,758666,Store,A,TRADER JOES EAST INC,TRADER JOES #565,22-43,JACKSON AVE,,
QUEENS,758658,Store,JAC,LA FAMILIA GROCERY CORP,LA FAMILIA GROCERY,115-05,SUTPHIN BLVD.,,
NASSAU,758583,Store,JAC,INVERSIONES ALMONTE DELI CORP,INVERSIONES ALMONTE,85,N MAIN ST,,
ULSTER,758512,Store,JAC,LUCAS MART INC,LUCAS MART,352,LUCAS AVE,,
QUEENS,758169,Store,A,JOY BABY & GROCERY INC,JOY BABY & GROCERY,47-18,48TH AVENUE,,
NEW YORK,758164,Store,JAC,79 GREENWICH INCORPORATED,79 GREENWICH (NY GRILL & DELI),79,GREENWICH AVE,,
SCHOHARIE,758739,Store,JAC,LOVE SHINE TEA LLC,LOVE SHINE TEA,315,MAIN ST,,
QUEENS,759003,Store,JAC,PREMIUM OF JACKSON HEIGHTS LLC,FARINE BAKING COMPANY,256-13,HILLSIDE AVE,,
ERIE,758494,Store,JAC,I-COR HOLDINGS INC,HENRYS CANDY & GIFTS,13237,BROADWAY,,
CLINTON,759401,Store,JAC,PLATTSBURGH EXPRESS LANE LLC,EXPRESS LANE,20,BROAD ST,,
ROCKLAND,758926,Store,JAC,POP A LICIOUS LLC,BRIMARIE GOURMET POPCORN,543,WESTERN HWY STE 2,,
ST. LAWRENCE,758914,Store,JAC,CRR/TAR ENTERPRISE LLC,HELENA GENERAL STORE II,28,MAIN STREET,,
RICHMOND,760100,Store,A,NORTH SHORE CONVENIENCE CORP,NORTH SHORE CONVENIENCE,4852,ARTHUR KILL RD,,
BRONX,758165,Store,JAC,MI FAVORITA FRUIT MEAT MARKET CORP,MI FAVORITA FRUIT MEAT MARKET,745-747,LYDIG AVE,,
JEFFERSON,759988,Store,A,DOLGEN NEW YORK LLC,DOLLAR GENERAL #30022,29,N BROAD ST,,
ALLEGANY,759707,Store,JAC,DOVER KRISTIN & JORDAN,RYOKOSHA BAKING COMPANY,29,W MAIN ST,,
NEW YORK,759469,Store,A,PETROSSIAN BOUTIQUE INC,PETROSSIAN BOUTIQUE,419,WEST 13TH STREET,,
NEW YORK,759075,Store,A,SOMOS BRAZIL CORP,BRAZILIAN MARKET NYC,304,EAST 77TH STREET UNIT 02,,
ERIE,758505,Store,JAC,SALEH ABDULLA,HIGH STREET DELI,195,HIGH ST,,
QUEENS,758322,Store,JAC,SRK RETAIL INC,SRK RETAIL,187-20,HILLSIDE AVE,,
WESTCHESTER,758298,Store,A,O&A SUNRISE GROUP INC,O&A SUNRISE GROUP,84,S GREELEY AVENUE,,
SUFFOLK,758173,Store,A,TIENDITA HISPANA CORP,TIENDITA HISPANA,120,MAIN STREET,,
KINGS,758148,Store,JAC,ALHELAL CORP,ALHELAL,531,HENRY STREET,,
QUEENS,758685,Store,JAC,24 7 SANDWICH SPOT CORP,24 7 SANDWICH SPOT,8718,ROCKAWAY BEACH BLVD,,
SUFFOLK,759472,Store,JAC,BERNTSEN JOHN,PIZZA NETWORK FROZEN,4580-14,SUNRISE HWY,,
QUEENS,758354,Store,JAC,SK SWEETS DISTRIBUTOR INC,SK SWEETS DISTRIBUTOR,131-06,ROCKAWAY BLVD,,
NEW YORK,759019,Store,JAC,AMAZE MEAT MARKET INC,AMAZE MEAT MARKET,62,ELIZABETH ST.,,
RENSSELAER,758278,Store,JAC,K AND K MAIN INC,K AND K MAIN,63,MAIN AVE,,
BRONX,759484,Store,JAC,ROCHELL DELI GROCERY CORP,ROCHELL DELI GROCERY,984,JENNINGS STREET,,
PUTNAM,759057,Store,JAC,ANS SEAFOOF MARKET INC,ANS SEAFOOD MARKET,545,ROUTE 6,,
NEW YORK,758160,Store,JAC,1642 LEX LLC,7-ELEVEN STORE #37104A,1642,LEXINGTON AVE.,,
KINGS,758687,Store,JAC,EL CONUQUITO 3432 CORP,EL CONUQUITO 3432,3432,FULTON ST,,
ALBANY,759067,Store,A,MR POSTMANS BUNDLE LLC,MR POSTMANS BUNDLE,418,BROADWAY STE 5038,,
KINGS,758743,Store,A,RJYY LLC,PREPT BY RAYT,508,KINGS HWY,,
NASSAU,758282,Store,JAC,DAKAR MART INC,DAKAR MART,1,POWERHOUSE ROAD,,
KINGS,760076,Store,A,TIAN YUAN VEG INC,TIAN YUAN VEG,673,56TH STREET,,
SUFFOLK,758317,Store,JAC,MI CAMPO DELI NY CORP,MI CAMPO DELI NY,313A,MERRITT AVE,,
QUEENS,758868,Store,A,GORILLAS TECHNOLOGIES US LLC,GORILLAS BROOKLYN EAST WILLIAMSBURG,41-20,13TH ST,,
KINGS,758347,Store,JAC,EVERGREEN FOOD MART CORP,EVERGREEN FOOD MART,661,EVERGREEN AVE,,
MONROE,759610,Store,JAC,A&Z MARKET CORP,A&Z MARKET,1547,CLIFFORD AVE,,
NEW YORK,759400,Store,JAC,KITCHEN VALLEY MARKETPLACE INC,KITCHEN VALLEY MARKETPLACE,863,9TH AVE,,
KINGS,758502,Store,JAC,NAS SUPER DELI INC,NAS SUPER DELI,1067,RUTLAND RD,,
STEUBEN,758185,Store,JAC,HAMILTON FOOD MART INC,HAMILTON FOOD MART,305,S HAMILTON ST,,
BRONX,759404,Store,JAC,CASTLE HILL SUPERMARKET INC,ADI'S SUPERMARKET,1375,CASTLE HILL AVE,,
RICHMOND,758906,Store,JAC,HY STAR 4278 CORP,HY STAR DELI,4278,ARTHUR KILL RD,,
SUFFOLK,760102,Store,A,VASUDEVNARAYAN CORPORATION,COPIAGUE CONVENIENCE STORE,2225,GREAT NECK ROAD,,
QUEENS,760119,Store,A,BOLLA OPERATING CORP,BOLLA 177-68 S CONDUIT C-STORE,177-68,S CONDUIT AVE,,
BRONX,758171,Store,A,TIMS CANDY & GROCERY CORP,TIMS CANDY & GROCERY,3374,HULL AVE,,
KINGS,759221,Store,JAC,BROADWAY FAMOUS DELI 1 CORP,BROADWAY FAMOUS DELI 1,948,BROADWAY,,
WESTCHESTER,760073,Store,A,DUBLIN MART CORP,DUBLIN MART,562,KIMBALL AVE,,
QUEENS,759211,Store,JAC,FRESH 2 GO JUICE BAR & SALAD INC,FRESH 2 GO JUICE BAR & SALAD,104-02,LIBERTY AVE,,
