CRASH DATE,CRASH TIME,BOROUGH,ZIP CODE,LATITUDE,LONGITUDE,LOCATION,ON STREET NAME,CROSS STREET NAME,Unnamed_Column_10
,,,4407819,Sedan,Station Wagon/Sport Utility Vehicle,,,,
,,,4457159,Station Wagon/Sport Utility Vehicle,Pick-up Truck,,,,
,,,4513489,Station Wagon/Sport Utility Vehicle,Station Wagon/Sport Utility Vehicle,,,,
,,,4456903,Sedan,,,,,
,,,4407279,Station Wagon/Sport Utility Vehicle,Sedan,,,,
,,,4456594,Sedan,,,,,
,,,4408579,Sedan,Sedan,,,,
,,,4455904,Sedan,Tow Truck / Wrecker,,,,
,,,4395664,Station Wagon/Sport Utility Vehicle,,,,,
,,,4408293,Station Wagon/Sport Utility Vehicle,PK,,,,
,,,4408177,Sedan,Sedan,,,,
,,,4408671,Station Wagon/Sport Utility Vehicle,,,,,
,,,4408301,Station Wagon/Sport Utility Vehicle,,,,,
,,,4514168,Taxi,Flat Bed,,,,
,,,4455944,Sedan,Sedan,,,,
,,,4408685,Sedan,Sedan,,,,
Unspecified,,,4456844,Station Wagon/Sport Utility Vehicle,Station Wagon/Sport Utility Vehicle,Station Wagon/Sport Utility Vehicle,,,
,,,4407745,Bus,Sedan,,,,
,,,4513751,Sedan,,,,,
,,,4408524,Station Wagon/Sport Utility Vehicle,Station Wagon/Sport Utility Vehicle,,,,
,,,4485586,Sedan,,,,,
,,,4456549,Station Wagon/Sport Utility Vehicle,,,,,
,,,4513741,Sedan,Sedan,,,,
,,,4408622,Sedan,Sedan,,,,
,,,4408863,Sedan,,,,,
Unspecified,,,4513840,Sedan,Sedan,Sedan,,,
,,,4408547,Sedan,,,,,
,,,4456658,Station Wagon/Sport Utility Vehicle,Sedan,,,,
,,,4513874,Station Wagon/Sport Utility Vehicle,Motorcycle,,,,
,,,4456472,Station Wagon/Sport Utility Vehicle,Ambulance,,,,
Unspecified,,,4408893,Station Wagon/Sport Utility Vehicle,Sedan,Sedan,,,
,,,4514084,Sedan,Station Wagon/Sport Utility Vehicle,,,,
,,,4456299,Sedan,Sedan,,,,
,,,4456802,Station Wagon/Sport Utility Vehicle,,,,,
,,,4513478,Sedan,Station Wagon/Sport Utility Vehicle,,,,
,,,4408980,Sedan,,,,,
,,,4514133,MOPED,,,,,
Unspecified,Unspecified,Unspecified,4456368,Station Wagon/Sport Utility Vehicle,Station Wagon/Sport Utility Vehicle,Station Wagon/Sport Utility Vehicle,Sedan,Pick-up Truck,
,,,4456080,,,,,,
,,,4407331,Station Wagon/Sport Utility Vehicle,Station Wagon/Sport Utility Vehicle,,,,
,,,4513535,Sedan,Sedan,,,,
,,,4514121,Station Wagon/Sport Utility Vehicle,,,,,
,,,4408084,Sedan,Bike,,,,
,,,4456915,Box Truck,Moped,,,,
,,,4408035,Station Wagon/Sport Utility Vehicle,Station Wagon/Sport Utility Vehicle,,,,
,,,4456817,Sedan,Sedan,,,,
,,,4456401,Station Wagon/Sport Utility Vehicle,Bike,,,,
,,,4407808,Sedan,Sedan,,,,
,,,4456996,Sedan,Station Wagon/Sport Utility Vehicle,,,,
Other Vehicular,,,4408888,Station Wagon/Sport Utility Vehicle,Sedan,Sedan,,,
,,,4408196,Station Wagon/Sport Utility Vehicle,Station Wagon/Sport Utility Vehicle,,,,
Unspecified,Unspecified,,4407346,SCHOOL BUS,Sedan,Sedan,Station Wagon/Sport Utility Vehicle,,
,,,4407704,Sedan,Taxi,,,,
,,,4408305,Station Wagon/Sport Utility Vehicle,Station Wagon/Sport Utility Vehicle,,,,
,,,4408243,Sedan,Motorcycle,,,,
,,,4408819,Box Truck,Station Wagon/Sport Utility Vehicle,,,,
,,,4456420,Sedan,Sedan,,,,
Unspecified,,,4408169,Sedan,Sedan,Station Wagon/Sport Utility Vehicle,,,
,,,4455956,Sedan,Sedan,,,,
12/14/2021,14:30,,,40.783268,-73.82485,"(40.783268°, -73.82485°)",WHITESTONE EXPRESSWAY,,
,,,4407542,Sedan,,,,,
,,,4408056,Sedan,,,,,
,,,4408278,Sedan,,,,,
,,,4456094,Station Wagon/Sport Utility Vehicle,Sedan,,,,
,,,4456693,E-Scooter,Sedan,,,,
,,,4407956,Station Wagon/Sport Utility Vehicle,Station Wagon/Sport Utility Vehicle,,,,
,,,4409002,Station Wagon/Sport Utility Vehicle,,,,,
,,,4408873,Sedan,Sedan,,,,
,,,4456339,Station Wagon/Sport Utility Vehicle,E-Bike,,,,
,,,4408297,Station Wagon/Sport Utility Vehicle,,,,,
06/29/2022,6:55,,,,,,THROGS NECK BRIDGE,,
,,,4407452,Sedan,Sedan,,,,
Unspecified,,,4407652,Station Wagon/Sport Utility Vehicle,Station Wagon/Sport Utility Vehicle,Station Wagon/Sport Utility Vehicle,,,
,,,4456610,Sedan,Station Wagon/Sport Utility Vehicle,,,,
,,,4513704,Sedan,Bike,,,,
,,,4513862,Van,Sedan,,,,
,,,4513601,Sedan,Station Wagon/Sport Utility Vehicle,,,,
,,,4408349,Station Wagon/Sport Utility Vehicle,,,,,
,,,4407741,Station Wagon/Sport Utility Vehicle,Sedan,,,,
,,,4407891,Station Wagon/Sport Utility Vehicle,,,,,
,,,4408633,Tractor Truck Diesel,Tractor Truck Diesel,,,,
,,,4408354,Box Truck,Station Wagon/Sport Utility Vehicle,,,,
,,,4456531,Station Wagon/Sport Utility Vehicle,,,,,
,,,4407839,Pick-up Truck,Sedan,,,,
,,,4484892,Station Wagon/Sport Utility Vehicle,Sedan,,,,
,,,4455993,Ambulance,Bike,,,,
Unspecified,,,4407614,Box Truck,Sedan,Station Wagon/Sport Utility Vehicle,,,
Unspecified,,,4408802,Sedan,Station Wagon/Sport Utility Vehicle,Sedan,,,
,,,4408113,Station Wagon/Sport Utility Vehicle,Sedan,,,,
Unspecified,Unspecified,,4407349,Station Wagon/Sport Utility Vehicle,Sedan,Sedan,Sedan,,
,,,4456519,Station Wagon/Sport Utility Vehicle,Station Wagon/Sport Utility Vehicle,,,,
,,,4408367,Sedan,Sedan,,,,
,,,4408198,Sedan,Sedan,,,,
,,,4408422,Station Wagon/Sport Utility Vehicle,,,,,
,,,4408195,Pick-up Truck,Sedan,,,,
,,,4407482,Sedan,,,,,
,,,4504486,Station Wagon/Sport Utility Vehicle,,,,,
,,,4455985,Sedan,,,,,
,,,4407944,Sedan,Sedan,,,,
,,,4407523,Sedan,,,,,
,,,4408065,Sedan,Sedan,,,,
Unspecified,Unspecified,Unspecified,4456365,Station Wagon/Sport Utility Vehicle,Station Wagon/Sport Utility Vehicle,Sedan,Sedan,Station Wagon/Sport Utility Vehicle,
,,,4513711,Sedan,,,,,
,,,4407609,Sedan,,,,,
,,,4503983,Sedan,Sedan,,,,
,,,4457007,Sedan,Sedan,,,,
,,,4513708,Sedan,Taxi,,,,
12/14/2021,21:10,BROOKLYN,11207,40.67172,-73.8971,"(40.67172°, -73.8971°)",,,2047 PITKIN AVENUE
Unspecified,,,4408003,Sedan,Station Wagon/Sport Utility Vehicle,Sedan,,,
,,,4407731,Sedan,Sedan,,,,
,,,4407963,Station Wagon/Sport Utility Vehicle,Station Wagon/Sport Utility Vehicle,,,,
,,,4513734,Sedan,Pick-up Truck,,,,
,,,4408275,Taxi,Station Wagon/Sport Utility Vehicle,,,,
,,,4456807,Station Wagon/Sport Utility Vehicle,Sedan,,,,
,,,4407860,Motorcycle,Station Wagon/Sport Utility Vehicle,,,,
,,,4456827,Sedan,Sedan,,,,
,,,4504204,Sedan,,,,,
Unspecified,,,4456795,Sedan,Pick-up Truck,,,,
,,,4456193,Sedan,Sedan,,,,
,,,4408599,Station Wagon/Sport Utility Vehicle,Station Wagon/Sport Utility Vehicle,,,,
06/29/2021,17:35,,,40.609535,-73.75372,"(40.609535°, -73.75372°)",BEACH CHANNEL DRIVE,,
,,,4513659,Sedan,,,,,
,,,4455883,Station Wagon/Sport Utility Vehicle,Station Wagon/Sport Utility Vehicle,,,,
,,,4456673,Station Wagon/Sport Utility Vehicle,,,,,
,,,4407809,Tractor Truck Diesel,Sedan,,,,
,,,4407373,Sedan,Motorbike,,,,
,,,4407342,Station Wagon/Sport Utility Vehicle,Station Wagon/Sport Utility Vehicle,,,,
,,,4455820,Sedan,Sedan,,,,
,,,4409007,Station Wagon/Sport Utility Vehicle,E-Bike,,,,
,,,4407505,Station Wagon/Sport Utility Vehicle,Station Wagon/Sport Utility Vehicle,,,,
,,,4408280,Sedan,Station Wagon/Sport Utility Vehicle,,,,
Unspecified,,,4408824,Sedan,Station Wagon/Sport Utility Vehicle,Sedan,,,
Unspecified,Unspecified,Unspecified,4456382,Sedan,Sedan,Sedan,Station Wagon/Sport Utility Vehicle,Station Wagon/Sport Utility Vehicle,
,,,4407282,Tow Truck / Wrecker,Dump,,,,
,,,4514367,Sedan,Sedan,,,,
,,,4409033,Station Wagon/Sport Utility Vehicle,Bus,,,,
,,,4407582,Station Wagon/Sport Utility Vehicle,Sedan,,,,
Unspecified,,,4407696,Sedan,Sedan,Sedan,,,
,,,4513695,Sedan,,,,,
,,,4407653,Station Wagon/Sport Utility Vehicle,,,,,
,,,4407837,Station Wagon/Sport Utility Vehicle,Sedan,,,,
,,,4504560,Sedan,Station Wagon/Sport Utility Vehicle,,,,
Unspecified,,,4456897,Sedan,Station Wagon/Sport Utility Vehicle,Station Wagon/Sport Utility Vehicle,,,
,,,4407693,Sedan,,,,,
03/08/2022,20:00,BROOKLYN,11207,40.666256,-73.900215,"(40.666256°, -73.900215°)",,,360 SNEDIKER AVENUE
,,,4456534,UNKNOWN,Tractor Truck Diesel,,,,
,,,4407992,Sedan,,,,,
Unspecified,,,4407923,Station Wagon/Sport Utility Vehicle,Sedan,Sedan,,,
,,,4456741,Sedan,Station Wagon/Sport Utility Vehicle,,,,
,,,4407278,Taxi,Sedan,,,,
04/07/2022,14:14,MANHATTAN,10017,40.748158,-73.97033,"(40.748158°, -73.97033°)",1 AVENUE,EAST 41 STREET,
,,,4407571,Station Wagon/Sport Utility Vehicle,Sedan,,,,
,,,4456496,Sedan,Station Wagon/Sport Utility Vehicle,,,,
Unspecified,,,4513692,Sedan,Taxi,Station Wagon/Sport Utility Vehicle,,,
,,,4513993,Sedan,,,,,
,,,4408352,Station Wagon/Sport Utility Vehicle,Station Wagon/Sport Utility Vehicle,,,,
,,,4513696,Sedan,Sedan,,,,
,,,4408512,Station Wagon/Sport Utility Vehicle,Station Wagon/Sport Utility Vehicle,,,,
,,,4456431,Sedan,Moped,,,,
,,,4407372,Station Wagon/Sport Utility Vehicle,,,,,
,,,4408288,Taxi,,,,,
,,,4485177,Sedan,Station Wagon/Sport Utility Vehicle,,,,
,,,4408674,Sedan,Sedan,,,,
,,,4408155,Sedan,Sedan,,,,
,,,4521902,Sedan,Station Wagon/Sport Utility Vehicle,,,,
,,,4407313,Sedan,Sedan,,,,
,,,4456783,Sedan,,,,,
,,,4456200,Sedan,Sedan,,,,
,,,4457046,Sedan,,,,,
,,,4407343,Station Wagon/Sport Utility Vehicle,Station Wagon/Sport Utility Vehicle,,,,
,,,4408408,Box Truck,Van,,,,
12/14/2021,1:28,,,,,,MEEKER AVENUE,LORIMER STREET,
,,,4408157,Station Wagon/Sport Utility Vehicle,,,,,
,,,4407616,Sedan,Station Wagon/Sport Utility Vehicle,,,,
,,,4407815,Station Wagon/Sport Utility Vehicle,Station Wagon/Sport Utility Vehicle,,,,
Unspecified,,,4456099,Sedan,Station Wagon/Sport Utility Vehicle,,,,
,,,4408822,Sedan,,,,,
,,,4408044,Sedan,,,,,
,,,4407547,Station Wagon/Sport Utility Vehicle,Station Wagon/Sport Utility Vehicle,,,,
Unspecified,,,4456117,Station Wagon/Sport Utility Vehicle,Station Wagon/Sport Utility Vehicle,Sedan,,,
,,,4408124,Sedan,Sedan,,,,
,,,4514182,Sedan,,,,,
,,,4455941,Sedan,,,,,
Unspecified,,,4408156,Station Wagon/Sport Utility Vehicle,Station Wagon/Sport Utility Vehicle,Sedan,,,
Unspecified,Unspecified,,4408266,Station Wagon/Sport Utility Vehicle,Station Wagon/Sport Utility Vehicle,Box Truck,Sedan,,
,,,4456847,Station Wagon/Sport Utility Vehicle,Sedan,,,,
,,,4514027,Station Wagon/Sport Utility Vehicle,Station Wagon/Sport Utility Vehicle,,,,
,,,4408634,Station Wagon/Sport Utility Vehicle,,,,,
Unspecified,Unspecified,Unspecified,4408048,Sedan,Sedan,Sedan,Sedan,Sedan,
,,,4514202,Station Wagon/Sport Utility Vehicle,,,,,
,,,4513703,Sedan,,,,,
Unspecified,,,4407323,Sedan,Sedan,Sedan,,,
,,,4408672,Sedan,Station Wagon/Sport Utility Vehicle,,,,
,,,4456479,Sedan,,,,,
,,,4513597,Station Wagon/Sport Utility Vehicle,,,,,
,,,4408692,Sedan,Sedan,,,,
,,,4408381,Sedan,Dump,,,,
,,,4456301,Sedan,,,,,
,,,4455959,Station Wagon/Sport Utility Vehicle,Station Wagon/Sport Utility Vehicle,,,,
,,,4408119,Taxi,,,,,
,,,4408109,Sedan,Station Wagon/Sport Utility Vehicle,,,,
,,,4407395,Sedan,Sedan,,,,
,,,4407646,Sedan,,,,,
,,,4407558,Sedan,,,,,
,,,4456648,Sedan,Sedan,,,,
,,,4408286,Taxi,,,,,
Unspecified,,,4457075,Station Wagon/Sport Utility Vehicle,Sedan,Van,,,
Unspecified,,,4457182,Station Wagon/Sport Utility Vehicle,Pick-up Truck,Station Wagon/Sport Utility Vehicle,,,
,,,4456735,Sedan,Station Wagon/Sport Utility Vehicle,,,,
,,,4407977,Sedan,,,,,
,,,4408384,Station Wagon/Sport Utility Vehicle,Station Wagon/Sport Utility Vehicle,,,,
,,,4407297,Station Wagon/Sport Utility Vehicle,Bus,,,,
,,,4456516,Sedan,,,,,
,,,4521859,Sedan,,,,,
,,,4407431,Sedan,,,,,
,,,4514232,Sedan,Station Wagon/Sport Utility Vehicle,,,,
Unspecified,,,4456757,Sedan,Motorcycle,,,,
,,,4405244,Station Wagon/Sport Utility Vehicle,Station Wagon/Sport Utility Vehicle,,,,
,,,4407277,Taxi,,,,,
Unspecified,,,4407882,Sedan,Sedan,,,,
,,,4456597,Station Wagon/Sport Utility Vehicle,Station Wagon/Sport Utility Vehicle,,,,
,,,4408502,Station Wagon/Sport Utility Vehicle,,,,,
,,,4407535,Taxi,,,,,
,,,4407355,Moped,,,,,
,,,4456846,Sedan,,,,,
,,,4456191,Station Wagon/Sport Utility Vehicle,Sedan,,,,
,,,4407381,Station Wagon/Sport Utility Vehicle,Bike,,,,
,,,4456123,Sedan,Sedan,,,,
Unspecified,,,4456210,Sedan,Sedan,Station Wagon/Sport Utility Vehicle,,,
,,,4408798,Sedan,Sedan,,,,
,,,4513947,Station Wagon/Sport Utility Vehicle,Sedan,,,,
,,,4407880,Sedan,Sedan,,,,
,,,4408067,Sedan,,,,,
,,,4456991,Sedan,Sedan,,,,
,,,4408809,Station Wagon/Sport Utility Vehicle,,,,,
,,,4456184,Sedan,,,,,
,,,4408087,Station Wagon/Sport Utility Vehicle,,,,,
,,,4513783,Pick-up Truck,Sedan,,,,
,,,4407746,Sedan,Station Wagon/Sport Utility Vehicle,,,,
,,,4408189,Station Wagon/Sport Utility Vehicle,,,,,
,,,4456657,Sedan,Sedan,,,,
,,,4408426,Sedan,Sedan,,,,
,,,4407876,Station Wagon/Sport Utility Vehicle,,,,,
,,,4456740,Sedan,Sedan,,,,
,,,4408429,Pick-up Truck,Station Wagon/Sport Utility Vehicle,,,,
,,,4408292,Sedan,Station Wagon/Sport Utility Vehicle,,,,
,,,4455986,Sedan,,,,,
,,,4408818,Sedan,Sedan,,,,
,,,4407632,Sedan,Sedan,,,,
,,,4456373,Station Wagon/Sport Utility Vehicle,Sedan,,,,
,,,4514243,Pick-up Truck,Sedan,,,,
,,,4408373,Station Wagon/Sport Utility Vehicle,,,,,
,,,4408364,Sedan,,,,,
,,,4456379,Sedan,,,,,
,,,4456845,Sedan,,,,,
,,,4456672,Station Wagon/Sport Utility Vehicle,E-Bike,,,,
,,,4514412,Sedan,Station Wagon/Sport Utility Vehicle,,,,
,,,4407391,Station Wagon/Sport Utility Vehicle,,,,,
12/13/2021,0:34,,,40.701275,-73.88887,"(40.701275°, -73.88887°)",MYRTLE AVENUE,,
,,,4407993,Sedan,Station Wagon/Sport Utility Vehicle,,,,
,,,4455921,Sedan,Tractor Truck Diesel,,,,
,,,4455975,Sedan,Bike,,,,
,,,4456480,Sedan,,,,,
Unspecified,,,4514398,Sedan,Station Wagon/Sport Utility Vehicle,,,,
04/24/2022,15:35,MANHATTAN,10019,40.767242,-73.986206,"(40.767242°, -73.986206°)",WEST 56 STREET,9 AVENUE,
,,,4456880,Station Wagon/Sport Utility Vehicle,Bike,,,,
,,,4397513,Pick-up Truck,Sedan,,,,
,,,4485316,Station Wagon/Sport Utility Vehicle,,,,,
,,,4456540,Dump,Station Wagon/Sport Utility Vehicle,,,,
,,,4456551,Station Wagon/Sport Utility Vehicle,Station Wagon/Sport Utility Vehicle,,,,
,,,4408453,Sedan,,,,,
,,,4456535,Box Truck,Box Truck,,,,
,,,4455839,E-Bike,,,,,
Unspecified,,,4407994,Station Wagon/Sport Utility Vehicle,Station Wagon/Sport Utility Vehicle,,,,
,,,4513793,Sedan,,,,,
,,,4457214,Sedan,Bike,,,,
,,,4408390,Sedan,,,,,
,,,4407721,Sedan,,,,,
,,,4514240,Motorcycle,Motorcycle,,,,
,,,4522228,Sedan,Pick-up Truck,,,,
,,,4408238,Station Wagon/Sport Utility Vehicle,Sedan,,,,
,,,4457039,Sedan,Station Wagon/Sport Utility Vehicle,,,,
,,,4407510,Sedan,Sedan,,,,
09/11/2021,2:39,,,,,,WHITESTONE EXPRESSWAY,20 AVENUE,
,,,4513805,Sedan,Sedan,,,,
,,,4456511,Sedan,,,,,
,,,4456896,Sedan,Sedan,,,,
,,,4407503,Station Wagon/Sport Utility Vehicle,Sedan,,,,
,,,4456676,Station Wagon/Sport Utility Vehicle,Flat Bed,,,,
,,,4514285,Station Wagon/Sport Utility Vehicle,,,,,
,,,4407958,Sedan,,,,,
,,,4408334,Station Wagon/Sport Utility Vehicle,,,,,
,,,4407673,Station Wagon/Sport Utility Vehicle,Station Wagon/Sport Utility Vehicle,,,,
,,,4514248,Station Wagon/Sport Utility Vehicle,,,,,
Unspecified,,,4408629,Station Wagon/Sport Utility Vehicle,Pick-up Truck,Station Wagon/Sport Utility Vehicle,,,
,,,4407411,Sedan,,,,,
,,,4408024,Taxi,Station Wagon/Sport Utility Vehicle,,,,
,,,4485116,Station Wagon/Sport Utility Vehicle,Sedan,,,,
,,,4457015,Station Wagon/Sport Utility Vehicle,Station Wagon/Sport Utility Vehicle,,,,
,,,4407941,Sedan,Box Truck,,,,
12/09/2021,2:45,QUEENS,11422,40.653023,-73.73895,"(40.653023°, -73.73895°)",149 AVENUE,HUXLEY STREET,
,,,4456058,Station Wagon/Sport Utility Vehicle,Bus,,,,
Unspecified,,,4514191,Sedan,Sedan,Van,,,
Unspecified,,,4456131,Station Wagon/Sport Utility Vehicle,Station Wagon/Sport Utility Vehicle,Station Wagon/Sport Utility Vehicle,,,
,,,4407390,Station Wagon/Sport Utility Vehicle,Bike,,,,
,,,4407783,Station Wagon/Sport Utility Vehicle,Station Wagon/Sport Utility Vehicle,,,,
,,,4456705,Sedan,,,,,
,,,4408676,Station Wagon/Sport Utility Vehicle,Sedan,,,,
,,,4408013,Station Wagon/Sport Utility Vehicle,Station Wagon/Sport Utility Vehicle,,,,
,,,4277087,Sedan,Station Wagon/Sport Utility Vehicle,,,,
,,,4514219,Sedan,E-Scooter,,,,
,,,4408295,Station Wagon/Sport Utility Vehicle,,,,,
Unspecified,,,4408240,Station Wagon/Sport Utility Vehicle,Sedan,Sedan,,,
,,,4456347,Station Wagon/Sport Utility Vehicle,Station Wagon/Sport Utility Vehicle,,,,
,,,4408106,Sedan,,,,,
,,,4408363,Sedan,Station Wagon/Sport Utility Vehicle,,,,
,,,4456702,Station Wagon/Sport Utility Vehicle,Bike,,,,
,,,4408424,Sedan,Sedan,,,,
Unspecified,Unspecified,,4407743,Sedan,Sedan,Station Wagon/Sport Utility Vehicle,Station Wagon/Sport Utility Vehicle,,
,,,4514148,Sedan,,,,,
,,,4407478,Sedan,Sedan,,,,
,,,4408407,Sedan,Sedan,,,,
,,,4513569,Station Wagon/Sport Utility Vehicle,Station Wagon/Sport Utility Vehicle,,,,
,,,4408377,Station Wagon/Sport Utility Vehicle,Station Wagon/Sport Utility Vehicle,,,,
,,,4407658,Sedan,Station Wagon/Sport Utility Vehicle,,,,
,,,4513675,Sedan,Sedan,,,,
,,,4456707,Sedan,Sedan,,,,
,,,4407900,Sedan,Sedan,,,,
,,,4408875,Station Wagon/Sport Utility Vehicle,,,,,
,,,4456281,Sedan,Station Wagon/Sport Utility Vehicle,,,,
,,,4456855,Sedan,,,,,
04/12/2022,19:56,BROOKLYN,11203,40.65011,-73.930214,"(40.65011°, -73.930214°)",UTICA AVENUE,SNYDER AVENUE,
12/14/2021,8:17,BRONX,10475,40.86816,-73.83148,"(40.86816°, -73.83148°)",,,344 BAYCHESTER AVENUE
,,,4408021,Station Wagon/Sport Utility Vehicle,Station Wagon/Sport Utility Vehicle,,,,
,,,4513575,Station Wagon/Sport Utility Vehicle,,,,,
,,,4514203,Sedan,Bike,,,,
,,,4408343,Sedan,,,,,
,,,4514132,Sedan,Sedan,,,,
12/14/2021,5:46,,,40.744644,-73.77041,"(40.744644°, -73.77041°)",LONG ISLAND EXPRESSWAY,,
,,,4408222,Sedan,Sedan,,,,
,,,4456712,Station Wagon/Sport Utility Vehicle,Station Wagon/Sport Utility Vehicle,,,,
,,,4408404,Taxi,Sedan,,,,
,,,4408231,Sedan,,,,,
,,,4456140,Station Wagon/Sport Utility Vehicle,,,,,
Unspecified,,,4456203,Station Wagon/Sport Utility Vehicle,Station Wagon/Sport Utility Vehicle,Sedan,,,
,,,4455992,Pick-up Truck,Sedan,,,,
,,,4407590,Station Wagon/Sport Utility Vehicle,Station Wagon/Sport Utility Vehicle,,,,
,,,4407893,Station Wagon/Sport Utility Vehicle,,,,,
,,,4407824,Box Truck,,,,,
,,,4408083,Sedan,,,,,
12/14/2021,0:59,,,40.59662,-74.00231,"(40.59662°, -74.00231°)",BELT PARKWAY,,
Unspecified,,,4407427,Sedan,Sedan,Sedan,,,
,,,4456885,Station Wagon/Sport Utility Vehicle,,,,,
,,,4513985,Sedan,Sedan,,,,
,,,4408146,Sedan,,,,,
,,,4408391,Sedan,Taxi,,,,
,,,4408536,Taxi,Sedan,,,,
,,,4408108,Sedan,,,,,
,,,4407797,,,,,,
,,,4407338,Station Wagon/Sport Utility Vehicle,Sedan,,,,
12/14/2021,8:30,,,,,,broadway,west 80 street -west 81 street,
,,,4456643,E-Bike,,,,,
,,,4407892,Sedan,,,,,
,,,4407995,E-Bike,Bike,,,,
,,,4455515,Station Wagon/Sport Utility Vehicle,Station Wagon/Sport Utility Vehicle,,,,
,,,4407633,Station Wagon/Sport Utility Vehicle,,,,,
,,,4408478,Station Wagon/Sport Utility Vehicle,,,,,
,,,4514089,USPCS,Pick-up Truck,,,,
,,,4456164,Sedan,Sedan,,,,
,,,4513546,Station Wagon/Sport Utility Vehicle,Sedan,,,,
,,,4485234,Taxi,Station Wagon/Sport Utility Vehicle,,,,
,,,4456467,Taxi,Sedan,,,,
,,,4513680,Taxi,Sedan,,,,
,,,4407424,Station Wagon/Sport Utility Vehicle,Station Wagon/Sport Utility Vehicle,,,,
,,,4407647,Station Wagon/Sport Utility Vehicle,Bike,,,,
,,,4408550,Sedan,Motorcycle,,,,
Unspecified,,,4408285,Sedan,Sedan,Pick-up Truck,,,
,,,4456830,Sedan,Sedan,,,,
04/24/2022,10:27,,,,,,VANWYCK EXPRESSWAY,109 AVENUE,
,,,4456679,Sedan,Sedan,,,,
,,,4514154,Station Wagon/Sport Utility Vehicle,Bus,,,,
,,,4407470,CATER,Station Wagon/Sport Utility Vehicle,,,,
,,,4408165,Sedan,Station Wagon/Sport Utility Vehicle,,,,
,,,4456787,Station Wagon/Sport Utility Vehicle,Station Wagon/Sport Utility Vehicle,,,,
,,,4456608,Sedan,Sedan,,,,
,,,4408597,Sedan,,,,,
,,,4514217,Sedan,Sedan,,,,
,,,4521782,Sedan,,,,,
,,,4513564,Box Truck,Station Wagon/Sport Utility Vehicle,,,,
,,,4407867,Station Wagon/Sport Utility Vehicle,Station Wagon/Sport Utility Vehicle,,,,
,,,4407119,Station Wagon/Sport Utility Vehicle,Station Wagon/Sport Utility Vehicle,,,,
,,,4455943,Sedan,Station Wagon/Sport Utility Vehicle,,,,
,,,4407969,Station Wagon/Sport Utility Vehicle,,,,,
,,,4408089,Sedan,,,,,
Unspecified,Unspecified,Unspecified,4408336,Taxi,Sedan,Station Wagon/Sport Utility Vehicle,Station Wagon/Sport Utility Vehicle,Station Wagon/Sport Utility Vehicle,
Unspecified,,,4455832,Station Wagon/Sport Utility Vehicle,Station Wagon/Sport Utility Vehicle,Sedan,,,
,,,4456529,Sedan,,,,,
,,,4456745,Sedan,Sedan,,,,
,,,4456626,Sedan,Station Wagon/Sport Utility Vehicle,,,,
,,,4514347,Sedan,,,,,
,,,4513954,Station Wagon/Sport Utility Vehicle,,,,,
,,,4456746,Sedan,Sedan,,,,
Unspecified,Unspecified,Unspecified,4408631,Sedan,Sedan,Sedan,Sedan,Sedan,
,,,4408804,Station Wagon/Sport Utility Vehicle,Station Wagon/Sport Utility Vehicle,,,,
Unspecified,,,4456992,Sedan,Station Wagon/Sport Utility Vehicle,Sedan,,,
,,,4407299,Station Wagon/Sport Utility Vehicle,,,,,
,,,4408449,Sedan,E-Scooter,,,,
,,,4409064,Sedan,Sedan,,,,
,,,4407820,Trailer,Station Wagon/Sport Utility Vehicle,,,,
,,,4407398,Pick-up Truck,Sedan,,,,
Unspecified,,,4408583,Station Wagon/Sport Utility Vehicle,Sedan,Sedan,,,
,,,4408509,Sedan,Station Wagon/Sport Utility Vehicle,,,,
,,,4485894,Station Wagon/Sport Utility Vehicle,,,,,
,,,4408181,Sedan,Bike,,,,
,,,4409019,Station Wagon/Sport Utility Vehicle,,,,,
,,,4407475,Motorcycle,,,,,
,,,4408080,Sedan,,,,,
Unspecified,,,4408038,Station Wagon/Sport Utility Vehicle,Station Wagon/Sport Utility Vehicle,Station Wagon/Sport Utility Vehicle,,,
,,,4408000,Sedan,,,,,
,,,4408554,Sedan,Station Wagon/Sport Utility Vehicle,,,,
,,,4455928,Motorcycle,Sedan,,,,
,,,4513891,Pick-up Truck,Sedan,,,,
,,,4408489,Station Wagon/Sport Utility Vehicle,Station Wagon/Sport Utility Vehicle,,,,
,,,4408470,Station Wagon/Sport Utility Vehicle,,,,,
,,,4408099,Station Wagon/Sport Utility Vehicle,,,,,
,,,4407327,Sedan,Station Wagon/Sport Utility Vehicle,,,,
,,,4403773,Sedan,Sedan,,,,
,,,4456681,Sedan,,,,,
,,,4407886,Sedan,,,,,
,,,4407595,Station Wagon/Sport Utility Vehicle,Station Wagon/Sport Utility Vehicle,,,,
,,,4408365,Sedan,Sedan,,,,
,,,4456076,Bike,Sedan,,,,
,,,4513582,Station Wagon/Sport Utility Vehicle,Bike,,,,
,,,4456825,Sedan,,,,,
Unspecified,,,4407714,Sedan,Bike,,,,
,,,4514153,Sedan,Bus,,,,
,,,4455955,Station Wagon/Sport Utility Vehicle,Tractor Truck Diesel,,,,
,,,4456970,,,,,,
,,,4408070,Pick-up Truck,Sedan,,,,
,,,4456095,Sedan,Station Wagon/Sport Utility Vehicle,,,,
,,,4456889,Sedan,Station Wagon/Sport Utility Vehicle,,,,
,,,4456175,Sedan,Bike,,,,
,,,4408814,Station Wagon/Sport Utility Vehicle,Station Wagon/Sport Utility Vehicle,,,,
,,,4456725,Sedan,Sedan,,,,
,,,4456465,E-Bike,Sedan,,,,
12/13/2021,6:30,QUEENS,11372,40.75373,-73.88505,"(40.75373°, -73.88505°)",82 STREET,34 AVENUE,
,,,4408383,Sedan,Sedan,,,,
Unspecified,Unspecified,,4408869,Sedan,Sedan,Sedan,Station Wagon/Sport Utility Vehicle,,
,,,4456653,Sedan,Bike,,,,
09/11/2021,9:35,BROOKLYN,11208,40.667202,-73.8665,"(40.667202°, -73.8665°)",,,1211 LORING AVENUE
12/09/2021,14:50,,,40.850018,-73.9107,"(40.850018°, -73.9107°)",WEST 177 STREET,,
,,,4407543,Sedan,Station Wagon/Sport Utility Vehicle,,,,
,,,4485355,Sedan,Bike,,,,
,,,4408437,Sedan,Carry All,,,,
,,,4456413,Sedan,,,,,
,,,4485528,Sedan,,,,,
,,,4407772,Sedan,,,,,
,,,4408191,Station Wagon/Sport Utility Vehicle,Box Truck,,,,
,,,4408506,Station Wagon/Sport Utility Vehicle,Sedan,,,,
,,,4456317,Tow Truck / Wrecker,Sedan,,,,
,,,4487564,Taxi,,,,,
,,,4408221,Sedan,Sedan,,,,
,,,4408185,Station Wagon/Sport Utility Vehicle,,,,,
,,,4513730,Sedan,Sedan,,,,
,,,4408137,Sedan,Sedan,,,,
,,,4456819,Motorcycle,,,,,
,,,4456508,Sedan,Station Wagon/Sport Utility Vehicle,,,,
,,,4407834,Sedan,,,,,
,,,4407397,Pick-up Truck,Tow Truck / Wrecker,,,,
,,,4409043,Station Wagon/Sport Utility Vehicle,Sedan,,,,
,,,4407781,Sedan,,,,,
12/14/2021,8:13,BROOKLYN,11233,40.683304,-73.917274,"(40.683304°, -73.917274°)",SARATOGA AVENUE,DECATUR STREET,
,,,4408738,Sedan,,,,,
,,,4514331,Pick-up Truck,Garbage or Refuse,,,,
Unspecified,,,4407927,Sedan,Station Wagon/Sport Utility Vehicle,Sedan,,,
,,,4456444,Sedan,Bike,,,,
,,,4408484,Station Wagon/Sport Utility Vehicle,Station Wagon/Sport Utility Vehicle,,,,
,,,4456961,Sedan,Sedan,,,,
,,,4407777,Sedan,Sedan,,,,
,,,4408766,Sedan,,,,,
,,,4514234,Sedan,Bike,,,,
,,,4408274,Station Wagon/Sport Utility Vehicle,,,,,
,,,4514302,Sedan,,,,,
,,,4456661,Taxi,,,,,
,,,4514272,Sedan,,,,,
,,,4456412,E-Scooter,Sedan,,,,
,,,4513885,Station Wagon/Sport Utility Vehicle,Station Wagon/Sport Utility Vehicle,,,,
Unspecified,,,4513515,Station Wagon/Sport Utility Vehicle,Taxi,Sedan,,,
,,,4456901,Sedan,Station Wagon/Sport Utility Vehicle,,,,
Other Vehicular,,,4408490,Station Wagon/Sport Utility Vehicle,Station Wagon/Sport Utility Vehicle,Station Wagon/Sport Utility Vehicle,,,
,,,4408328,Taxi,Sedan,,,,
,,,4486932,Sedan,,,,,
,,,4456942,Bike,,,,,
,,,4408413,Station Wagon/Sport Utility Vehicle,Station Wagon/Sport Utility Vehicle,,,,
Unspecified,,,4456407,Sedan,Sedan,Station Wagon/Sport Utility Vehicle,,,
,,,4408004,Sedan,,,,,
,,,4456687,Sedan,Sedan,,,,
,,,4407788,Station Wagon/Sport Utility Vehicle,,,,,
,,,4456324,Bike,Sedan,,,,
,,,4504529,Station Wagon/Sport Utility Vehicle,Sedan,,,,
,,,4408064,Sedan,,,,,
Unspecified,,,4514303,Sedan,Sedan,Sedan,,,
,,,4455961,Station Wagon/Sport Utility Vehicle,,,,,
,,,4456877,E-Bike,,,,,
,,,4457038,Moped,Station Wagon/Sport Utility Vehicle,,,,
,,,4407363,Sedan,Sedan,,,,
,,,4456839,Sedan,Station Wagon/Sport Utility Vehicle,,,,
,,,4504242,Sedan,Station Wagon/Sport Utility Vehicle,,,,
,,,4407861,Station Wagon/Sport Utility Vehicle,Sedan,,,,
,,,4408100,Sedan,,,,,
,,,4456387,Station Wagon/Sport Utility Vehicle,Station Wagon/Sport Utility Vehicle,,,,
,,,4455927,Dump,Sedan,,,,
,,,4513924,Taxi,Pick-up Truck,,,,
,,,4408566,Sedan,Sedan,,,,
,,,4408368,Sedan,Station Wagon/Sport Utility Vehicle,,,,
,,,4513953,Station Wagon/Sport Utility Vehicle,Sedan,,,,
,,,4514352,Sedan,Moped,,,,
,,,4522285,Sedan,,,,,
,,,4407778,Sedan,Ambulance,,,,
,,,4408323,Station Wagon/Sport Utility Vehicle,,,,,
,,,4456987,Station Wagon/Sport Utility Vehicle,,,,,
,,,4407525,Sedan,Station Wagon/Sport Utility Vehicle,,,,
,,,4408563,Sedan,Station Wagon/Sport Utility Vehicle,,,,
Unspecified,Unspecified,,4405914,Sedan,Station Wagon/Sport Utility Vehicle,Station Wagon/Sport Utility Vehicle,,,
,,,4513955,Station Wagon/Sport Utility Vehicle,Station Wagon/Sport Utility Vehicle,,,,
,,,4485385,Station Wagon/Sport Utility Vehicle,Tanker,,,,
12/09/2021,20:20,BROOKLYN,11223,40.59207,-73.96299,"(40.59207°, -73.96299°)",EAST 7 STREET,CRAWFORD AVENUE,
,,,4513496,Station Wagon/Sport Utility Vehicle,Station Wagon/Sport Utility Vehicle,,,,
,,,4408235,Station Wagon/Sport Utility Vehicle,Station Wagon/Sport Utility Vehicle,,,,
,,,4408315,Ambulance,,,,,
,,,4407702,Sedan,,,,,
,,,4456564,Sedan,Sedan,,,,
,,,4514253,Sedan,Station Wagon/Sport Utility Vehicle,,,,
,,,4513587,Station Wagon/Sport Utility Vehicle,Station Wagon/Sport Utility Vehicle,,,,
,,,4456655,Sedan,,,,,
,,,4407964,Station Wagon/Sport Utility Vehicle,Station Wagon/Sport Utility Vehicle,,,,
,,,4408613,Sedan,,,,,
,,,4456149,Sedan,Sedan,,,,
,,,4407629,Sedan,Station Wagon/Sport Utility Vehicle,,,,
,,,4407933,Station Wagon/Sport Utility Vehicle,Station Wagon/Sport Utility Vehicle,,,,
,,,4408341,Sedan,,,,,
,,,4407459,Van,,,,,
,,,4456136,Station Wagon/Sport Utility Vehicle,,,,,
,,,4407805,Station Wagon/Sport Utility Vehicle,,,,,
,,,4456781,Sedan,,,,,
,,,4513529,Sedan,Sedan,,,,
,,,4456708,Station Wagon/Sport Utility Vehicle,Bike,,,,
,,,4407386,Sedan,Station Wagon/Sport Utility Vehicle,,,,
,,,4408465,Sedan,,,,,
,,,4521684,Sedan,Sedan,,,,
,,,4408282,Sedan,,,,,
,,,4456558,Station Wagon/Sport Utility Vehicle,,,,,
,,,4408190,Sedan,,,,,
,,,4456323,Sedan,,,,,
,,,4408005,Sedan,Sedan,,,,
,,,4407784,Sedan,,,,,
,,,4456684,Sedan,Sedan,,,,
,,,4456982,Sedan,E-Bike,,,,
12/11/2021,19:43,BRONX,10463,40.87262,-73.904686,"(40.87262°, -73.904686°)",WEST KINGSBRIDGE ROAD,HEATH AVENUE,
,,,4408387,,,,,,
,,,4408677,Station Wagon/Sport Utility Vehicle,,,,,
,,,4408721,Station Wagon/Sport Utility Vehicle,,,,,
,,,4408107,Bus,,,,,
,,,4407870,Sedan,Sedan,,,,
,,,4455939,Sedan,,,,,
,,,4455897,E-Bike,Sedan,,,,
,,,4408359,Sedan,Dump,,,,
,,,4407836,Sedan,,,,,
,,,4456628,E-Bike,,,,,
,,,4456778,Sedan,Sedan,,,,
,,,4408060,Sedan,,,,,
04/24/2022,20:13,QUEENS,11419,40.69261,-73.81143,"(40.69261°, -73.81143°)",,,102-24 VANWYCK EXPRESSWAY
,,,4408126,Bus,Sedan,,,,
,,,4456834,Sedan,Station Wagon/Sport Utility Vehicle,,,,
,,,4407599,Sedan,,,,,
Unspecified,Unspecified,Unspecified,4408757,Station Wagon/Sport Utility Vehicle,Sedan,Station Wagon/Sport Utility Vehicle,Sedan,Station Wagon/Sport Utility Vehicle,
,,,4407677,Sedan,Box Truck,,,,
,,,4456756,Station Wagon/Sport Utility Vehicle,,,,,
Unspecified,Unspecified,,4521469,Sedan,Sedan,Station Wagon/Sport Utility Vehicle,Station Wagon/Sport Utility Vehicle,,
,,,4456383,Motorcycle,,,,,
,,,4456514,Sedan,Station Wagon/Sport Utility Vehicle,,,,
,,,4408213,Sedan,,,,,
,,,4407840,Station Wagon/Sport Utility Vehicle,,,,,
,,,4456577,Sedan,E-Bike,,,,
,,,4456327,Taxi,Sedan,,,,
,,,4504459,Sedan,,,,,
,,,4513517,Station Wagon/Sport Utility Vehicle,Sedan,,,,
,,,4408466,Sedan,Carry All,,,,
,,,4408121,Sedan,Sedan,,,,
,,,4407310,Sedan,Station Wagon/Sport Utility Vehicle,,,,
,,,4407813,Sedan,Station Wagon/Sport Utility Vehicle,,,,
,,,4407801,Station Wagon/Sport Utility Vehicle,Box Truck,,,,
,,,4514212,Station Wagon/Sport Utility Vehicle,Station Wagon/Sport Utility Vehicle,,,,
,,,4456566,Station Wagon/Sport Utility Vehicle,Station Wagon/Sport Utility Vehicle,,,,
,,,4513550,Station Wagon/Sport Utility Vehicle,Bike,,,,
,,,4513518,Station Wagon/Sport Utility Vehicle,Sedan,,,,
,,,4455970,Sedan,Sedan,,,,
,,,4513801,Sedan,,,,,
,,,4408204,Sedan,,,,,
,,,4408572,Sedan,Sedan,,,,
,,,4456715,Sedan,Sedan,,,,
04/24/2022,15:21,QUEENS,11101,40.745235,-73.937706,"(40.745235°, -73.937706°)",THOMSON AVENUE,SKILLMAN AVENUE,
,,,4456609,Station Wagon/Sport Utility Vehicle,E-Bike,,,,
,,,4457092,Station Wagon/Sport Utility Vehicle,Carry All,,,,
Unspecified,Unspecified,,4408756,Sedan,Sedan,Sedan,bus,,
Unspecified,,,4408327,Sedan,Pick-up Truck,Sedan,,,
,,,4514110,Motorcycle,,,,,
,,,4513625,Sedan,Sedan,,,,
,,,4408922,Station Wagon/Sport Utility Vehicle,Station Wagon/Sport Utility Vehicle,,,,
,,,4409071,Station Wagon/Sport Utility Vehicle,,,,,
,,,4456416,Station Wagon/Sport Utility Vehicle,,,,,
,,,4456875,Sedan,,,,,
,,,4456642,,,,,,
,,,4456234,Sedan,,,,,
,,,4407683,Station Wagon/Sport Utility Vehicle,,,,,
,,,4514144,E-Scooter,Sedan,,,,
Unspecified,Unspecified,,4408001,Station Wagon/Sport Utility Vehicle,Station Wagon/Sport Utility Vehicle,Station Wagon/Sport Utility Vehicle,,,
,,,4456767,Sedan,Sedan,,,,
,,,4407996,Sedan,Station Wagon/Sport Utility Vehicle,,,,
,,,4407903,Sedan,Pick-up Truck,,,,
Unspecified,,,4456980,Sedan,Sedan,Sedan,,,
,,,4408230,Station Wagon/Sport Utility Vehicle,,,,,
,,,4456587,Station Wagon/Sport Utility Vehicle,Sedan,,,,
,,,4456034,Sedan,,,,,
,,,4457193,Station Wagon/Sport Utility Vehicle,Station Wagon/Sport Utility Vehicle,,,,
,,,4456724,Station Wagon/Sport Utility Vehicle,Sedan,,,,
,,,4407753,Station Wagon/Sport Utility Vehicle,Garbage or Refuse,,,,
,,,4408072,Sedan,Taxi,,,,
,,,4408761,Bike,,,,,
12/08/2021,16:20,MANHATTAN,10128,40.776237,-73.943825,"(40.776237°, -73.943825°)",EAST END AVENUE,EAST 88 STREET,
,,,4456734,Sedan,Station Wagon/Sport Utility Vehicle,,,,
Unspecified,,,4407911,Sedan,Station Wagon/Sport Utility Vehicle,Station Wagon/Sport Utility Vehicle,,,
,,,4457022,Station Wagon/Sport Utility Vehicle,Station Wagon/Sport Utility Vehicle,,,,
,,,4456758,Taxi,Bike,,,,
,,,4408351,Sedan,Bus,,,,
,,,4521702,Station Wagon/Sport Utility Vehicle,,,,,
Unspecified,Unspecified,Unspecified,4456706,Sedan,Sedan,Sedan,Station Wagon/Sport Utility Vehicle,Station Wagon/Sport Utility Vehicle,
,,,4456100,Station Wagon/Sport Utility Vehicle,Station Wagon/Sport Utility Vehicle,,,,
,,,4514368,Carry All,Sedan,,,,
,,,4407877,Station Wagon/Sport Utility Vehicle,Station Wagon/Sport Utility Vehicle,,,,
,,,4407384,Station Wagon/Sport Utility Vehicle,Sedan,,,,
Unspecified,,,4456544,Sedan,Station Wagon/Sport Utility Vehicle,Sedan,,,
,,,4456128,Sedan,,,,,
,,,4407954,Sedan,Sedan,,,,
,,,4456397,Motorcycle,,,,,
Unspecified,,,4513952,Station Wagon/Sport Utility Vehicle,Station Wagon/Sport Utility Vehicle,Station Wagon/Sport Utility Vehicle,,,
,,,4408584,Taxi,,,,,
,,,4457218,Taxi,Sedan,,,,
,,,4456829,Motorcycle,Sedan,,,,
,,,4407924,Sedan,,,,,
,,,4455942,Sedan,Sedan,,,,
,,,4408375,Sedan,Sedan,,,,
,,,4455908,Station Wagon/Sport Utility Vehicle,,,,,
,,,4408454,Dump,,,,,
,,,4456283,Station Wagon/Sport Utility Vehicle,Station Wagon/Sport Utility Vehicle,,,,
,,,4456038,Station Wagon/Sport Utility Vehicle,Station Wagon/Sport Utility Vehicle,,,,
,,,4408557,Station Wagon/Sport Utility Vehicle,,,,,
,,,4408229,Station Wagon/Sport Utility Vehicle,,,,,
,,,4408353,Lift Boom,Station Wagon/Sport Utility Vehicle,,,,
,,,4408668,Bus,Sedan,,,,
,,,4514239,Taxi,,,,,
,,,4457104,Station Wagon/Sport Utility Vehicle,Taxi,,,,
,,,4456586,Station Wagon/Sport Utility Vehicle,Sedan,,,,
,,,4408403,Sedan,,,,,
Unspecified,,,4408158,Station Wagon/Sport Utility Vehicle,Station Wagon/Sport Utility Vehicle,Sedan,,,
,,,4407438,Sedan,,,,,
,,,4408148,Sedan,Sedan,,,,
Unspecified,,,4514290,UNK,Station Wagon/Sport Utility Vehicle,Station Wagon/Sport Utility Vehicle,,,
,,,4456695,Sedan,,,,,
,,,4408695,Sedan,,,,,
,,,4407913,Sedan,Station Wagon/Sport Utility Vehicle,,,,
,,,4408400,Sedan,Bike,,,,
,,,4407453,Sedan,Sedan,,,,
,,,4514134,Sedan,Box Truck,,,,
Unspecified,,,4408911,Sedan,Sedan,Sedan,,,
,,,4407937,Station Wagon/Sport Utility Vehicle,Sedan,,,,
,,,4456589,Sedan,Sedan,,,,
,,,4407406,Station Wagon/Sport Utility Vehicle,Sedan,,,,
,,,4407918,Sedan,,,,,
,,,4487185,Station Wagon/Sport Utility Vehicle,Sedan,,,,
,,,4407689,Sedan,Sedan,,,,
,,,4522242,Sedan,Station Wagon/Sport Utility Vehicle,,,,
,,,4407454,Station Wagon/Sport Utility Vehicle,Station Wagon/Sport Utility Vehicle,,,,
04/24/2022,13:10,,,40.679955,-73.97491,"(40.679955°, -73.97491°)",SAINT MARKS AVENUE,6 AVENUE,
,,,4408355,Sedan,Station Wagon/Sport Utility Vehicle,,,,
,,,4408112,Station Wagon/Sport Utility Vehicle,,,,,
,,,4407451,Sedan,Sedan,,,,
,,,4408473,Station Wagon/Sport Utility Vehicle,Station Wagon/Sport Utility Vehicle,,,,
Unspecified,Unspecified,,4408623,Station Wagon/Sport Utility Vehicle,Station Wagon/Sport Utility Vehicle,Sedan,Sedan,,
,,,4514193,Station Wagon/Sport Utility Vehicle,,,,,
Unspecified,Unspecified,,4514266,Station Wagon/Sport Utility Vehicle,Station Wagon/Sport Utility Vehicle,Station Wagon/Sport Utility Vehicle,Station Wagon/Sport Utility Vehicle,,
,,,4408306,Sedan,Station Wagon/Sport Utility Vehicle,,,,
,,,4408145,Taxi,,,,,
,,,4456445,Taxi,,,,,
,,,4513809,Sedan,Station Wagon/Sport Utility Vehicle,,,,
,,,4457166,Station Wagon/Sport Utility Vehicle,Station Wagon/Sport Utility Vehicle,,,,
,,,4485150,Bike,,,,,
,,,4408279,Station Wagon/Sport Utility Vehicle,Box Truck,,,,
,,,4456353,Sedan,Station Wagon/Sport Utility Vehicle,,,,
Unspecified,,,4456718,Sedan,Sedan,,,,
,,,4407490,Station Wagon/Sport Utility Vehicle,Sedan,,,,
Unspecified,,,4408820,Sedan,Station Wagon/Sport Utility Vehicle,Sedan,,,
Unspecified,,,4457192,Sedan,Motorcycle,E-Bike,,,
,,,4521853,Station Wagon/Sport Utility Vehicle,Bike,,,,
,,,4408378,Sedan,Station Wagon/Sport Utility Vehicle,,,,
,,,4407919,Sedan,E-Bike,,,,
,,,4456662,Station Wagon/Sport Utility Vehicle,Station Wagon/Sport Utility Vehicle,,,,
,,,4457006,Station Wagon/Sport Utility Vehicle,E-Bike,,,,
,,,4407928,Bike,,,,,
Unspecified,,,4407319,Box Truck,Sedan,Sedan,,,
,,,4408379,Station Wagon/Sport Utility Vehicle,,,,,
,,,4456814,Sedan,,,,,
04/24/2022,21:40,QUEENS,11418,40.695156,-73.845406,"(40.695156°, -73.845406°)",JAMAICA AVENUE,102 STREET,
Unspecified,,,4456052,Van,Sedan,Sedan,,,
,,,4513890,Sedan,,,,,
,,,4408803,Sedan,Sedan,,,,
12/06/2021,22:16,,,40.62573,-73.9564,"(40.62573°, -73.9564°)",AVENUE J,,
,,,4407940,Sedan,FDNY ENGIN,,,,
,,,4456598,Sedan,Sedan,,,,
,,,4408011,Sedan,Sedan,,,,
,,,4513989,Station Wagon/Sport Utility Vehicle,,,,,
,,,4455844,Sedan,Sedan,,,,
,,,4456515,Sedan,Sedan,,,,
,,,4456744,Station Wagon/Sport Utility Vehicle,,,,,
,,,4513861,Sedan,,,,,
,,,4407769,Sedan,Sedan,,,,
Unspecified,,,4456036,Sedan,Sedan,Sedan,,,
,,,4407748,Sedan,Sedan,,,,
,,,4407588,Motorcycle,Station Wagon/Sport Utility Vehicle,,,,
,,,4513565,,,,,,
,,,4456355,PK,Sedan,,,,
,,,4456713,Van,Sedan,,,,
,,,4407999,Station Wagon/Sport Utility Vehicle,Sedan,,,,
Unspecified,,,4513800,Station Wagon/Sport Utility Vehicle,Station Wagon/Sport Utility Vehicle,Sedan,,,
,,,4455822,Station Wagon/Sport Utility Vehicle,Taxi,,,,
04/14/2021,12:47,,,,,,MAJOR DEEGAN EXPRESSWAY RAMP,,
,,,4408047,Sedan,Sedan,,,,
,,,4456660,Station Wagon/Sport Utility Vehicle,Sedan,,,,
,,,4408232,Taxi,Station Wagon/Sport Utility Vehicle,,,,
,,,4456546,TOW TRUCK,Station Wagon/Sport Utility Vehicle,,,,
,,,4514276,Sedan,Bike,,,,
,,,4407833,Sedan,Sedan,,,,
,,,4407687,Sedan,Bike,,,,
,,,4457023,Station Wagon/Sport Utility Vehicle,Sedan,,,,
,,,4514188,Taxi,Sedan,,,,
,,,4408093,Sedan,Tractor Truck Diesel,,,,
,,,4407250,Station Wagon/Sport Utility Vehicle,Station Wagon/Sport Utility Vehicle,,,,
,,,4407407,Station Wagon/Sport Utility Vehicle,,,,,
Unspecified,,,4513878,Station Wagon/Sport Utility Vehicle,Sedan,Station Wagon/Sport Utility Vehicle,,,
,,,4407857,Sedan,Bike,,,,
,,,4408567,Motorbike,Sedan,,,,
,,,4485893,Station Wagon/Sport Utility Vehicle,Station Wagon/Sport Utility Vehicle,,,,
Unspecified,Unspecified,,4408325,Sedan,Station Wagon/Sport Utility Vehicle,Sedan,Sedan,,
,,,4408095,Sedan,Station Wagon/Sport Utility Vehicle,,,,
,,,4407544,Sedan,Taxi,,,,
,,,4408008,Sedan,,,,,
,,,4408409,Station Wagon/Sport Utility Vehicle,Van,,,,
,,,4455953,Station Wagon/Sport Utility Vehicle,,,,,
12/14/2021,23:10,QUEENS,11434,40.66684,-73.78941,"(40.66684°, -73.78941°)",NORTH CONDUIT AVENUE,150 STREET,
,,,4407841,Sedan,Sedan,,,,
,,,4407517,Taxi,Pedicab,,,,
,,,4513755,Sedan,Motorbike,,,,
,,,4407169,Station Wagon/Sport Utility Vehicle,,,,,
Unspecified,,,4514286,Station Wagon/Sport Utility Vehicle,Sedan,Sedan,,,
,,,4407593,Sedan,Sedan,,,,
,,,4456321,Station Wagon/Sport Utility Vehicle,,,,,
,,,4407533,Sedan,,,,,
,,,4408081,Sedan,,,,,
,,,4522154,E-Scooter,,,,,
,,,4514187,Garbage or Refuse,Station Wagon/Sport Utility Vehicle,,,,
Unspecified,,,4456506,Station Wagon/Sport Utility Vehicle,Sedan,Sedan,,,
,,,4456186,Sedan,,,,,
,,,4408340,Station Wagon/Sport Utility Vehicle,Station Wagon/Sport Utility Vehicle,,,,
,,,4456527,Sedan,Sedan,,,,
,,,4407842,Sedan,Sedan,,,,
,,,4521590,Sedan,Sedan,,,,
,,,4521858,Ambulance,Station Wagon/Sport Utility Vehicle,,,,
,,,4408248,Station Wagon/Sport Utility Vehicle,Bike,,,,
,,,4513606,Sedan,,,,,
,,,4513681,Station Wagon/Sport Utility Vehicle,Station Wagon/Sport Utility Vehicle,,,,
,,,4457048,,,,,,
,,,4408062,E-Bike,,,,,
,,,4456635,Sedan,Bike,,,,
,,,4456720,Sedan,Motorbike,,,,
,,,4408030,Station Wagon/Sport Utility Vehicle,,,,,
,,,4514199,Motorcycle,Sedan,,,,
,,,4484996,Convertible,,,,,
Unspecified,,,4407966,Sedan,Sedan,Sedan,,,
,,,4504102,Sedan,,,,,
,,,4456422,Sedan,Sedan,,,,
,,,4407638,Sedan,Van,,,,
,,,4456694,Sedan,Station Wagon/Sport Utility Vehicle,,,,
,,,4408252,Sedan,,,,,
,,,4407755,Box Truck,,,,,
,,,4408265,Station Wagon/Sport Utility Vehicle,,,,,
,,,4456726,Taxi,,,,,
,,,4485574,Sedan,,,,,
,,,4514263,Sedan,,,,,
,,,4456393,Sedan,,,,,
12/14/2021,17:05,,,40.709183,-73.956825,"(40.709183°, -73.956825°)",BROOKLYN QUEENS EXPRESSWAY,,
,,,4485333,Sedan,Ambulance,,,,
,,,4407443,Box Truck,Station Wagon/Sport Utility Vehicle,,,,
,,,4407790,Sedan,Tractor Truck Diesel,,,,
Unspecified,Unspecified,,4407534,Sedan,Sedan,Station Wagon/Sport Utility Vehicle,,,
,,,4456579,Station Wagon/Sport Utility Vehicle,Station Wagon/Sport Utility Vehicle,,,,
,,,4407350,Sedan,,,,,
,,,4408147,Sedan,,,,,
12/11/2021,4:45,MANHATTAN,10001,40.748917,-73.993546,"(40.748917°, -73.993546°)",,,232 WEST 30 STREET
,,,4408166,Sedan,Station Wagon/Sport Utility Vehicle,,,,
,,,4456567,Sedan,,,,,
,,,4456114,E-Scooter,Bike,,,,
,,,4408088,Station Wagon/Sport Utility Vehicle,,,,,
,,,4514329,Station Wagon/Sport Utility Vehicle,,,,,
,,,4457219,Sedan,Sedan,,,,
Unspecified,,,4513881,Sedan,Sedan,Sedan,,,
,,,4409006,Sedan,Station Wagon/Sport Utility Vehicle,,,,
,,,4408615,Sedan,Sedan,,,,
,,,4407976,Station Wagon/Sport Utility Vehicle,Bus,,,,
Unspecified,Unspecified,,4408541,Sedan,Sedan,Station Wagon/Sport Utility Vehicle,Sedan,,
,,,4407096,Sedan,Station Wagon/Sport Utility Vehicle,,,,
,,,4407723,Station Wagon/Sport Utility Vehicle,Sedan,,,,
,,,4456678,Station Wagon/Sport Utility Vehicle,,,,,
,,,4456092,,,,,,
,,,4513622,Sedan,,,,,
,,,4456211,Pick-up Truck,Sedan,,,,
,,,4456334,E-Bike,Sedan,,,,
,,,4457098,Sedan,Sedan,,,,
04/24/2022,16:14,,,40.67308,-73.91124,"(40.67308°, -73.91124°)",ROCKAWAY AVENUE,,
Unspecified,,,4514323,Station Wagon/Sport Utility Vehicle,Station Wagon/Sport Utility Vehicle,Sedan,,,
,,,4408957,Station Wagon/Sport Utility Vehicle,Sedan,,,,
,,,4408097,Sedan,Sedan,,,,
Unspecified,,,4408395,Sedan,Station Wagon/Sport Utility Vehicle,Sedan,,,
,,,4407445,Sedan,Motorcycle,,,,
,,,4456595,Pick-up Truck,Bike,,,,
,,,4409009,Taxi,Station Wagon/Sport Utility Vehicle,,,,
,,,4573583,Bus,,,,,
,,,4456570,Sedan,Sedan,,,,
,,,4408482,Box Truck,Sedan,,,,
,,,4408303,Taxi,Station Wagon/Sport Utility Vehicle,,,,
,,,4408534,Station Wagon/Sport Utility Vehicle,,,,,
Unspecified,,,4407931,Sedan,Sedan,Sedan,,,
,,,4457146,Bus,Sedan,,,,
,,,4407960,Station Wagon/Sport Utility Vehicle,Sedan,,,,
,,,4407366,Station Wagon/Sport Utility Vehicle,Sedan,,,,
,,,4455856,Station Wagon/Sport Utility Vehicle,Station Wagon/Sport Utility Vehicle,,,,
,,,4408518,Sedan,,,,,
,,,4514178,Tractor Truck Diesel,Sedan,,,,
,,,4455902,Sedan,Station Wagon/Sport Utility Vehicle,,,,
,,,4408149,Station Wagon/Sport Utility Vehicle,Sedan,,,,
Unspecified,,,4408430,Sedan,Sedan,Station Wagon/Sport Utility Vehicle,,,
Unspecified,,,4514233,Sedan,Sedan,Sedan,,,
,,,4456075,Taxi,Sedan,,,,
,,,4514415,Sedan,Sedan,,,,
,,,4407412,Taxi,Sedan,,,,
,,,4513570,Sedan,Sedan,,,,
,,,4504647,Sedan,Sedan,,,,
,,,4408140,Sedan,Sedan,,,,
,,,4408226,Station Wagon/Sport Utility Vehicle,E-Bike,,,,
,,,4408271,Station Wagon/Sport Utility Vehicle,,,,,
,,,4407763,Station Wagon/Sport Utility Vehicle,Pick-up Truck,,,,
,,,4408138,Sedan,Sedan,,,,
,,,4407539,Station Wagon/Sport Utility Vehicle,PK,,,,
,,,4407681,Taxi,Taxi,,,,
,,,4514419,Station Wagon/Sport Utility Vehicle,Pick-up Truck,,,,
,,,4408287,Sedan,,,,,
,,,4408103,Station Wagon/Sport Utility Vehicle,Sedan,,,,
,,,4408516,Station Wagon/Sport Utility Vehicle,Station Wagon/Sport Utility Vehicle,,,,
,,,4408485,,,,,,
,,,4455930,,,,,,
,,,4513747,Sedan,Station Wagon/Sport Utility Vehicle,,,,
,,,4408019,Sedan,Sedan,,,,
,,,4408460,Station Wagon/Sport Utility Vehicle,Sedan,,,,
,,,4513860,Station Wagon/Sport Utility Vehicle,Station Wagon/Sport Utility Vehicle,,,,
Following Too Closely,Unspecified,Unspecified,4407756,Station Wagon/Sport Utility Vehicle,Pick-up Truck,Station Wagon/Sport Utility Vehicle,Station Wagon/Sport Utility Vehicle,Sedan,
,,,4408263,Sedan,,,,,
,,,4456091,Sedan,,,,,
,,,4408989,Sedan,Bus,,,,
,,,4487311,Sedan,,,,,
,,,4408488,Sedan,Motorcycle,,,,
,,,4408176,Station Wagon/Sport Utility Vehicle,,,,,
,,,4407168,Station Wagon/Sport Utility Vehicle,,,,,
,,,4407527,Sedan,Sedan,,,,
,,,4408330,Sedan,E-Bike,,,,
,,,4345591,Station Wagon/Sport Utility Vehicle,Motorcycle,,,,
,,,4408174,Sedan,,,,,
,,,4456417,Taxi,Sedan,,,,
,,,4407565,Sedan,,,,,
,,,4408533,Sedan,Sedan,,,,
,,,4408360,Station Wagon/Sport Utility Vehicle,Station Wagon/Sport Utility Vehicle,,,,
,,,4456634,Sedan,Ambulance,,,,
,,,4407829,Station Wagon/Sport Utility Vehicle,Station Wagon/Sport Utility Vehicle,,,,
,,,4456639,Box Truck,Sedan,,,,
,,,4456498,Station Wagon/Sport Utility Vehicle,Station Wagon/Sport Utility Vehicle,,,,
,,,4514327,Sedan,E-Bike,,,,
,,,4407700,Station Wagon/Sport Utility Vehicle,,,,,
,,,4514186,Sedan,Sedan,,,,
,,,4409055,Station Wagon/Sport Utility Vehicle,Sedan,,,,
,,,4457079,Sedan,Station Wagon/Sport Utility Vehicle,,,,
,,,4407496,Station Wagon/Sport Utility Vehicle,Station Wagon/Sport Utility Vehicle,,,,
,,,4456612,Station Wagon/Sport Utility Vehicle,Station Wagon/Sport Utility Vehicle,,,,
,,,4407845,Bike,,,,,
,,,4514227,Sedan,,,,,
,,,4408928,Station Wagon/Sport Utility Vehicle,Station Wagon/Sport Utility Vehicle,,,,
,,,4456971,Lunch Wagon,,,,,
,,,4407524,Sedan,,,,,
,,,4455858,Van,,,,,
,,,4407759,Sedan,Station Wagon/Sport Utility Vehicle,,,,
,,,4408076,Bike,,,,,
,,,4456477,Sedan,,,,,
,,,4408032,Sedan,,,,,
,,,4455907,Sedan,Sedan,,,,
Unspecified,Unspecified,,4456031,Sedan,Sedan,Sedan,Sedan,,
,,,4455960,Sedan,Sedan,,,,
,,,4456503,E-Scooter,,,,,
,,,4456861,Sedan,,,,,
,,,4408251,Station Wagon/Sport Utility Vehicle,Sedan,,,,
,,,4456017,Station Wagon/Sport Utility Vehicle,,,,,
,,,4513624,Station Wagon/Sport Utility Vehicle,,,,,
,,,4408150,Sedan,Bike,,,,
,,,4408241,Station Wagon/Sport Utility Vehicle,Sedan,,,,
12/14/2021,17:58,BROOKLYN,11217,40.68158,-73.97463,"(40.68158°, -73.97463°)",,,480 DEAN STREET
,,,4456468,Sedan,,,,,
,,,4514420,Sedan,,,,,
,,,4407344,Sedan,Pick-up Truck,,,,
,,,4403283,Sedan,Bike,,,,
,,,4408442,Sedan,Station Wagon/Sport Utility Vehicle,,,,
,,,4513827,Sedan,Sedan,,,,
,,,4522256,Station Wagon/Sport Utility Vehicle,Station Wagon/Sport Utility Vehicle,,,,
,,,4408192,Sedan,Sedan,,,,
,,,4455823,Station Wagon/Sport Utility Vehicle,Sedan,,,,
,,,4522136,Station Wagon/Sport Utility Vehicle,,,,,
,,,4456047,Station Wagon/Sport Utility Vehicle,Station Wagon/Sport Utility Vehicle,,,,
,,,4408774,Sedan,,,,,
,,,4408528,Station Wagon/Sport Utility Vehicle,Station Wagon/Sport Utility Vehicle,,,,
Unspecified,,,4407548,Taxi,Sedan,Sedan,,,
,,,4408752,E-Scooter,,,,,
Unspecified,,,4408448,Sedan,Station Wagon/Sport Utility Vehicle,Sedan,,,
,,,4456543,Taxi,Station Wagon/Sport Utility Vehicle,,,,
,,,4514196,Sedan,Bike,,,,
,,,4407359,Sedan,,,,,
Unspecified,,,4484861,Tractor Truck Diesel,Sedan,Pick-up Truck,,,
,,,4457131,Station Wagon/Sport Utility Vehicle,Pick-up Truck,,,,
,,,4456644,Station Wagon/Sport Utility Vehicle,Sedan,,,,
,,,4457294,Station Wagon/Sport Utility Vehicle,Sedan,,,,
,,,4407293,Station Wagon/Sport Utility Vehicle,Station Wagon/Sport Utility Vehicle,,,,
,,,4408847,Station Wagon/Sport Utility Vehicle,Sedan,,,,
,,,4408418,Sedan,Tractor Truck Diesel,,,,
,,,4407816,Pick-up Truck,Pick-up Truck,,,,
Unspecified,,,4514242,Sedan,Sedan,Station Wagon/Sport Utility Vehicle,,,
,,,4407650,Station Wagon/Sport Utility Vehicle,Station Wagon/Sport Utility Vehicle,,,,
,,,4407495,Station Wagon/Sport Utility Vehicle,Sedan,,,,
04/22/2022,12:00,BROOKLYN,11230,40.62417,-73.97048,"(40.62417°, -73.97048°)",AVENUE J,OCEAN PARKWAY,
,,,4456394,Box Truck,Station Wagon/Sport Utility Vehicle,,,,
Unspecified,,,4407823,Station Wagon/Sport Utility Vehicle,Station Wagon/Sport Utility Vehicle,Station Wagon/Sport Utility Vehicle,,,
,,,4513857,Station Wagon/Sport Utility Vehicle,,,,,
,,,4408345,Station Wagon/Sport Utility Vehicle,Sedan,,,,
,,,4408022,Moped,,,,,
Unspecified,,,4407726,Station Wagon/Sport Utility Vehicle,Station Wagon/Sport Utility Vehicle,Station Wagon/Sport Utility Vehicle,,,
,,,4407367,Sedan,,,,,
,,,4408736,Sedan,E-Scooter,,,,
Unspecified,Unspecified,,4407751,Station Wagon/Sport Utility Vehicle,Sedan,Station Wagon/Sport Utility Vehicle,Sedan,,
,,,4407894,Sedan,Sedan,,,,
,,,4409049,Station Wagon/Sport Utility Vehicle,,,,,
Unspecified,Unspecified,,4408188,Station Wagon/Sport Utility Vehicle,Sedan,Sedan,Sedan,,
,,,4457077,Station Wagon/Sport Utility Vehicle,Station Wagon/Sport Utility Vehicle,,,,
,,,4456592,Sedan,,,,,
,,,4456721,Sedan,,,,,
,,,4407568,Sedan,Sedan,,,,
12/04/2021,12:00,BROOKLYN,11213,40.665375,-73.934235,"(40.665375°, -73.934235°)",CROWN STREET,SCHENECTADY AVENUE,
,,,4408049,Station Wagon/Sport Utility Vehicle,Sedan,,,,
,,,4408031,Bike,Sedan,,,,
Unspecified,,,4408475,Sedan,Sedan,Sedan,,,
,,,4456593,Sedan,,,,,
,,,4407961,PKUP,Hopper,,,,
Unspecified,Unspecified,,4408393,Sedan,Sedan,Sedan,Sedan,,
Unspecified,,,4514117,Station Wagon/Sport Utility Vehicle,Taxi,Sedan,,,
Unspecified,,,4456762,Taxi,Taxi,Sedan,,,
12/14/2021,14:58,MANHATTAN,10017,40.75144,-73.97397,"(40.75144°, -73.97397°)",3 AVENUE,EAST 43 STREET,
,,,4407720,,,,,,
,,,4407654,Sedan,Sedan,,,,
,,,4408007,Sedan,,,,,
,,,4513958,Station Wagon/Sport Utility Vehicle,Sedan,,,,
,,,4514079,Station Wagon/Sport Utility Vehicle,Station Wagon/Sport Utility Vehicle,,,,
,,,4513735,E-Bike,BOX VAN,,,,
Unspecified,,,4407744,Sedan,Sedan,Sedan,,,
,,,4408884,Station Wagon/Sport Utility Vehicle,Sedan,,,,
,,,4456654,Sedan,Sedan,,,,
,,,4407410,scooter,,,,,
,,,4408260,Station Wagon/Sport Utility Vehicle,Sedan,,,,
,,,4456688,Sedan,,,,,
,,,4456335,Sedan,,,,,
,,,4514070,Sedan,,,,,
,,,4407980,Sedan,,,,,
,,,4456601,Station Wagon/Sport Utility Vehicle,Sedan,,,,
,,,4456542,Sedan,E-Bike,,,,
,,,4457070,Sedan,,,,,
,,,4407620,Sedan,,,,,
,,,4456641,Sedan,,,,,
,,,4408589,Sedan,Sedan,,,,
,,,4407762,Sedan,Sedan,,,,
,,,4522167,Station Wagon/Sport Utility Vehicle,Station Wagon/Sport Utility Vehicle,,,,
,,,4456078,Station Wagon/Sport Utility Vehicle,Sedan,,,,
Unspecified,,,4456202,Sedan,Station Wagon/Sport Utility Vehicle,,,,
,,,4408511,Station Wagon/Sport Utility Vehicle,,,,,
04/24/2022,4:20,BROOKLYN,11221,40.692356,-73.94282,"(40.692356°, -73.94282°)",THROOP AVENUE,DE KALB AVENUE,
,,,4513768,Station Wagon/Sport Utility Vehicle,,,,,
,,,4408522,Station Wagon/Sport Utility Vehicle,Sedan,,,,
,,,4514283,Station Wagon/Sport Utility Vehicle,,,,,
,,,4456600,Sedan,Sedan,,,,
,,,4408495,Station Wagon/Sport Utility Vehicle,,,,,
,,,4457118,Sedan,Sedan,,,,
,,,4407908,Station Wagon/Sport Utility Vehicle,Sedan,,,,
,,,4408159,Station Wagon/Sport Utility Vehicle,Sedan,,,,
,,,4504657,Station Wagon/Sport Utility Vehicle,,,,,
Unspecified,,,4408642,Sedan,Taxi,Sedan,,,
,,,4407885,Station Wagon/Sport Utility Vehicle,Sedan,,,,
,,,4407598,Station Wagon/Sport Utility Vehicle,Station Wagon/Sport Utility Vehicle,,,,
,,,4521758,Sedan,Sedan,,,,
,,,4408154,Sedan,,,,,
,,,4407500,Sedan,,,,,
04/24/2022,0:30,,,40.638382,-74.03668,"(40.638382°, -74.03668°)",BELT PARKWAY,,
Unspecified,,,4485246,Station Wagon/Sport Utility Vehicle,Station Wagon/Sport Utility Vehicle,Sedan,,,
Unspecified,,,4504048,Sedan,Station Wagon/Sport Utility Vehicle,Station Wagon/Sport Utility Vehicle,,,
,,,4407514,Bus,,,,,
,,,4456187,Bike,Sedan,,,,
,,,4514075,Station Wagon/Sport Utility Vehicle,Station Wagon/Sport Utility Vehicle,,,,
,,,4408462,Sedan,Tractor Truck Diesel,,,,
,,,4513961,Station Wagon/Sport Utility Vehicle,,,,,
,,,4513849,Sedan,,,,,
,,,4408977,Sedan,Sedan,,,,
,,,4456599,Tow Truck / Wrecker,Sedan,,,,
,,,4408764,Sedan,,,,,
,,,4408358,Sedan,Station Wagon/Sport Utility Vehicle,,,,
,,,4408815,Sedan,Sedan,,,,
,,,4514251,Sedan,Station Wagon/Sport Utility Vehicle,,,,
,,,4455983,Sedan,Station Wagon/Sport Utility Vehicle,,,,
,,,4513787,Station Wagon/Sport Utility Vehicle,Sedan,,,,
,,,4513540,Sedan,Sedan,,,,
,,,4408425,Station Wagon/Sport Utility Vehicle,,,,,
,,,4408380,Station Wagon/Sport Utility Vehicle,,,,,
,,,4408696,Station Wagon/Sport Utility Vehicle,Station Wagon/Sport Utility Vehicle,,,,
,,,4407421,Station Wagon/Sport Utility Vehicle,,,,,
,,,4407832,Sedan,Chassis Cab,,,,
Unspecified,,,4503888,Sedan,Station Wagon/Sport Utility Vehicle,Sedan,,,
,,,4456014,Sedan,,,,,
,,,4484930,Sedan,Sedan,,,,
,,,4407866,Station Wagon/Sport Utility Vehicle,Sedan,,,,
,,,4513683,Sedan,Bike,,,,
04/24/2022,21:00,QUEENS,11106,40.758705,-73.93793,"(40.758705°, -73.93793°)",21 STREET,37 AVENUE,
,,,4514213,Tractor Truck Diesel,,,,,
,,,4513580,Station Wagon/Sport Utility Vehicle,,,,,
,,,4513483,Sedan,,,,,
,,,4408508,Station Wagon/Sport Utility Vehicle,Moped,,,,
,,,4455827,Sedan,Station Wagon/Sport Utility Vehicle,,,,
,,,4407817,Station Wagon/Sport Utility Vehicle,Station Wagon/Sport Utility Vehicle,,,,
,,,4408257,Station Wagon/Sport Utility Vehicle,,,,,
,,,4485668,Ambulance,Sedan,,,,
Unspecified,,,4456621,Sedan,Sedan,Station Wagon/Sport Utility Vehicle,,,
,,,4456404,Station Wagon/Sport Utility Vehicle,Sedan,,,,
,,,4408414,Sedan,Sedan,,,,
,,,4456770,Sedan,,,,,
,,,4408929,Sedan,Sedan,,,,
,,,4457012,Station Wagon/Sport Utility Vehicle,,,,,
04/20/2022,19:37,,,40.78291,-73.98578,"(40.78291°, -73.98578°)",HENRY HUDSON PARKWAY,,
,,,4407560,Sedan,Station Wagon/Sport Utility Vehicle,,,,
,,,4485026,Sedan,,,,,
,,,4456950,Station Wagon/Sport Utility Vehicle,Bus,,,,
,,,4408214,Sedan,,,,,
,,,4408510,Sedan,Sedan,,,,
Unspecified,,,4407497,Station Wagon/Sport Utility Vehicle,Station Wagon/Sport Utility Vehicle,Station Wagon/Sport Utility Vehicle,,,
,,,4408201,Station Wagon/Sport Utility Vehicle,Station Wagon/Sport Utility Vehicle,,,,
,,,4408127,Sedan,Station Wagon/Sport Utility Vehicle,,,,
,,,4408927,Motorcycle,,,,,
,,,4456446,Pick-up Truck,,,,,
,,,4456316,Sedan,Sedan,,,,
,,,4522196,Sedan,Station Wagon/Sport Utility Vehicle,,,,
,,,4408082,Sedan,,,,,
Unspecified,,,4407583,Station Wagon/Sport Utility Vehicle,Station Wagon/Sport Utility Vehicle,Sedan,,,
,,,4407904,Sedan,Sedan,,,,
Unspecified,,,4456201,Station Wagon/Sport Utility Vehicle,Sedan,Sedan,,,
,,,4407672,Tractor Truck Diesel,Tractor Truck Diesel,,,,
,,,4455951,Sedan,Sedan,,,,
12/14/2021,20:03,BROOKLYN,11226,40.65068,-73.95881,"(40.65068°, -73.95881°)",,,878 FLATBUSH AVENUE
Unspecified,,,4408045,Taxi,Sedan,Sedan,,,
,,,4456728,Station Wagon/Sport Utility Vehicle,Station Wagon/Sport Utility Vehicle,,,,
,,,4407972,Sedan,Station Wagon/Sport Utility Vehicle,,,,
03/26/2022,11:45,,,,,,QUEENSBORO BRIDGE UPPER,,
,,,4456395,,,,,,
,,,4407441,Station Wagon/Sport Utility Vehicle,E-Scooter,,,,
,,,4456199,Station Wagon/Sport Utility Vehicle,Sedan,,,,
,,,4456163,Sedan,,,,,
,,,4456406,Station Wagon/Sport Utility Vehicle,,,,,
,,,4513802,Station Wagon/Sport Utility Vehicle,,,,,
,,,4456541,Pick-up Truck,Sedan,,,,
,,,4456821,Sedan,Station Wagon/Sport Utility Vehicle,,,,
,,,4407798,Station Wagon/Sport Utility Vehicle,Sedan,,,,
,,,4455973,E-Bike,Station Wagon/Sport Utility Vehicle,,,,
,,,4407660,Station Wagon/Sport Utility Vehicle,Station Wagon/Sport Utility Vehicle,,,,
Unspecified,,,4485637,Sedan,Station Wagon/Sport Utility Vehicle,,,,
,,,4456759,Station Wagon/Sport Utility Vehicle,,,,,
,,,4408762,Taxi,E-Scooter,,,,
,,,4456584,Sedan,Station Wagon/Sport Utility Vehicle,,,,
,,,4408500,Sedan,,,,,
12/14/2021,16:50,QUEENS,11413,40.675884,-73.75577,"(40.675884°, -73.75577°)",SPRINGFIELD BOULEVARD,EAST GATE PLAZA,
,,,4514289,Sedan,Sedan,,,,
,,,4407619,Pick-up Truck,Station Wagon/Sport Utility Vehicle,,,,
,,,4407364,Sedan,,,,,
Unspecified,,,4407428,Station Wagon/Sport Utility Vehicle,Taxi,Sedan,,,
,,,4408405,Flat Rack,Sedan,,,,
,,,4456547,Station Wagon/Sport Utility Vehicle,Sedan,,,,
,,,4407989,Sedan,Sedan,,,,
,,,4407697,Sedan,,,,,
,,,4456771,Box Truck,Station Wagon/Sport Utility Vehicle,,,,
,,,4407796,Sedan,Sedan,,,,
,,,4514189,Station Wagon/Sport Utility Vehicle,Sedan,,,,
,,,4408131,Sedan,Sedan,,,,
,,,4407828,Sedan,Sedan,,,,
,,,4408667,Sedan,,,,,
,,,4514157,Sedan,Taxi,,,,
,,,4456803,Sedan,Sedan,,,,
,,,4407926,Station Wagon/Sport Utility Vehicle,,,,,
Unspecified,Unspecified,,4408435,Station Wagon/Sport Utility Vehicle,Station Wagon/Sport Utility Vehicle,Station Wagon/Sport Utility Vehicle,Station Wagon/Sport Utility Vehicle,,
,,,4407529,Sedan,Taxi,,,,
Unspecified,,,4408116,Sedan,Sedan,Station Wagon/Sport Utility Vehicle,,,
,,,4513630,Station Wagon/Sport Utility Vehicle,Station Wagon/Sport Utility Vehicle,,,,
,,,4514179,Sedan,Station Wagon/Sport Utility Vehicle,,,,
,,,4407243,Sedan,,,,,
,,,4407444,Station Wagon/Sport Utility Vehicle,Station Wagon/Sport Utility Vehicle,,,,
,,,4408765,Station Wagon/Sport Utility Vehicle,,,,,
,,,4407830,Sedan,,,,,
,,,4407504,Station Wagon/Sport Utility Vehicle,Sedan,,,,
Unspecified,Unspecified,,4407321,Station Wagon/Sport Utility Vehicle,Station Wagon/Sport Utility Vehicle,Sedan,Station Wagon/Sport Utility Vehicle,,
,,,4407872,Sedan,Station Wagon/Sport Utility Vehicle,,,,
,,,4408143,Station Wagon/Sport Utility Vehicle,Station Wagon/Sport Utility Vehicle,,,,
,,,4407890,Pick-up Truck,,,,,
Unspecified,Unspecified,,4408042,Station Wagon/Sport Utility Vehicle,Station Wagon/Sport Utility Vehicle,Station Wagon/Sport Utility Vehicle,Station Wagon/Sport Utility Vehicle,,
,,,4456636,Station Wagon/Sport Utility Vehicle,Tractor Truck Diesel,,,,
,,,4456667,Sedan,,,,,
Unspecified,,,4407760,Sedan,Station Wagon/Sport Utility Vehicle,Sedan,,,
,,,4455968,Sedan,Sedan,,,,
,,,4456302,Station Wagon/Sport Utility Vehicle,,,,,
,,,4408401,Sedan,Sedan,,,,
,,,4407787,Bus,Bus,,,,
,,,4457196,,,,,,
,,,4407896,Sedan,,,,,
,,,4408794,Sedan,Station Wagon/Sport Utility Vehicle,,,,
,,,4407501,Sedan,,,,,
,,,4407393,Sedan,Tractor Truck Gasoline,,,,
,,,4407641,Sedan,Station Wagon/Sport Utility Vehicle,,,,
,,,4513499,Station Wagon/Sport Utility Vehicle,Pick-up Truck,,,,
12/09/2021,23:15,BROOKLYN,11218,40.640835,-73.98967,"(40.640835°, -73.98967°)",12 AVENUE,41 STREET,
,,,4407854,Beverage Truck,Bus,,,,
,,,4456616,Sedan,Sedan,,,,
,,,4408483,Pick-up Truck,Pick-up Truck,,,,
,,,4513495,Sedan,Station Wagon/Sport Utility Vehicle,,,,
,,,4136992,�MBU,Taxi,,,,
,,,4456256,Station Wagon/Sport Utility Vehicle,Sedan,,,,
Unspecified,Unspecified,,4407300,Sedan,Sedan,Sedan,Van,,
Unspecified,,,4455859,Sedan,Sedan,,,,
,,,4513923,Sedan,Sedan,,,,
,,,4456620,Station Wagon/Sport Utility Vehicle,Pick-up Truck,,,,
,,,4408431,Sedan,Sedan,,,,
,,,4513663,Station Wagon/Sport Utility Vehicle,,,,,
,,,4457184,Sedan,Bike,,,,
Unspecified,,,4456979,Station Wagon/Sport Utility Vehicle,Station Wagon/Sport Utility Vehicle,Sedan,,,
,,,4408458,Station Wagon/Sport Utility Vehicle,Station Wagon/Sport Utility Vehicle,,,,
,,,4407461,Box Truck,Sedan,,,,
,,,4408899,Sedan,,,,,
,,,4514261,Sedan,Sedan,,,,
,,,4408183,Sedan,Station Wagon/Sport Utility Vehicle,,,,
,,,4407261,Tractor Truck Diesel,Sedan,,,,
,,,4513752,Sedan,,,,,
,,,4408474,Sedan,Sedan,,,,
